source,date,rating,text,url
play_store,2026-07-20T14:29:13,1,packing was not good my area,https://play.google.com/store/apps/details?id=com.grofers.customerapp&reviewId=2ba424d1-7d69-443f-bfcf-cbe5879b7079
play_store,2026-07-20T14:26:50,5,blinkit is so good app for last net shopping I love blinkit,https://play.google.com/store/apps/details?id=com.grofers.customerapp&reviewId=d47060ac-9b8c-4357-bcf7-dd0281d63fc8
play_store,2026-07-20T14:26:09,2,"I ordered a burfi pack, and they delivered half eaten, open packaged burfi. now this is a new experience, I have been using Bigbasket for a while but they never delivered half eaten open food items before. I recorded the video, and after the pickup, they will refund, but I am not sure if this pickup will be hassle free. this is quite pathetic actually. they keep costly brands, then they deliver it half eaten. Time is wasted plus the customer is on merci of the ex. assistant.",https://play.google.com/store/apps/details?id=com.grofers.customerapp&reviewId=03af9982-cbf4-4dbe-8fb8-8e18b7963e76
play_store,2026-07-20T14:22:57,5,It will save my time very good,https://play.google.com/store/apps/details?id=com.grofers.customerapp&reviewId=8a52f68b-caab-403e-a4f7-b8f515bf0b97
play_store,2026-07-20T14:22:43,3,"Delivery boy Say... Blinkit hame zyada Paisa nhi deta to mai thoda sa aage nhi aa skta jbki ghr m sirf akeli lady thi aur delivery boy 100 m ki doori pr tha ghr se qki uska location wahi pr end ho gya tha, mera 1st order tha .. experience zyada accha nhi lga mujhe... at least door step tk to aana chahiye.. wo mere ghr se thoda aage kisi aur k ghr k pas khada tha, aur behaviour bhi rood tha delivery wale ka... thank you 🙏 Mohammad naam tha Delivery boy ka.",https://play.google.com/store/apps/details?id=com.grofers.customerapp&reviewId=7eda1a51-1280-4f56-b3f1-db2660e13bd9
play_store,2026-07-20T14:21:21,5,best but try to deliver fast and at low cost all through blinkit is the best 🗿,https://play.google.com/store/apps/details?id=com.grofers.customerapp&reviewId=73bf4451-30f1-4759-b02c-5207dfd1a5fe
play_store,2026-07-20T14:16:08,5,Perfect app for get ur products at ur doorstep,https://play.google.com/store/apps/details?id=com.grofers.customerapp&reviewId=3bf57299-db76-4536-9dc1-a91634cc16b1
play_store,2026-07-20T14:16:07,5,bus stand application also delivery boy,https://play.google.com/store/apps/details?id=com.grofers.customerapp&reviewId=8079f4e9-3741-483f-8251-e5889dc102ba
play_store,2026-07-20T14:15:35,5,very good app for fast delivery of groceries,https://play.google.com/store/apps/details?id=com.grofers.customerapp&reviewId=5974db19-810d-4877-8a1d-b315e789dd0c
play_store,2026-07-20T14:04:43,1,Serving poor quality products to customers.,https://play.google.com/store/apps/details?id=com.grofers.customerapp&reviewId=d138af46-1610-4d0d-b3a2-1885d85025f5
play_store,2026-07-20T13:58:16,1,Never use Blinkit. Instead step out and make purchases self. This will be more effective and cost saving for you. Blinkit is looting Indian public.,https://play.google.com/store/apps/details?id=com.grofers.customerapp&reviewId=2e30aa59-0767-433e-a4ce-b832d8ad5407
play_store,2026-07-20T13:51:02,1,your customer support is the worst they r not there for support,https://play.google.com/store/apps/details?id=com.grofers.customerapp&reviewId=460f6bae-845b-4b6c-a8e4-d41aca7b7a2e
play_store,2026-07-20T13:47:20,3,150वीं मंजिल पर कांच के राक्षसों से घिरे नंदी जी ने अद्भुत साहस दिखाते हुए सभी राक्षसों को परास्त कर दिया। युद्ध समाप्त होने के बाद नंदी जी सीधे कैलाश पहुंचकर भगवान महादेव की शरण में बैठ जाते हैं। महादेव अपने प्रिय नंदी को आशीर्वाद देकर उनकी रक्षा का वचन देते हैं। हर हर महादेव! 🔱🙏 #HarHarMahadev #Mahadev #NandiJi #Shiv #AIVideo,https://play.google.com/store/apps/details?id=com.grofers.customerapp&reviewId=8f34dda8-41f7-45e8-b995-4df607a7b119
play_store,2026-07-20T13:38:13,1,products are less available. prices are higher than zepto and other similar apps. services are poor.,https://play.google.com/store/apps/details?id=com.grofers.customerapp&reviewId=b6473c37-d10a-4ee7-ac4a-5534901c3f16
play_store,2026-07-20T13:38:09,5,"great thought ,, very nice and fast delivery",https://play.google.com/store/apps/details?id=com.grofers.customerapp&reviewId=0612e3a8-1faf-422b-92eb-853536b85bba
play_store,2026-07-20T13:29:08,3,there is no cash on delivery available.why?,https://play.google.com/store/apps/details?id=com.grofers.customerapp&reviewId=2974d5db-2a62-4bcb-897b-ef427f400657
play_store,2026-07-20T13:28:23,4,ASA APP KAHI NAHI MILIGA 😐,https://play.google.com/store/apps/details?id=com.grofers.customerapp&reviewId=4415e55c-63d7-46f9-a4d6-863f86cfd0c0
play_store,2026-07-20T13:27:53,5,I love its services. We can order anything from here. unbelievable experience.,https://play.google.com/store/apps/details?id=com.grofers.customerapp&reviewId=bf846ded-33a3-45f7-ab3a-a2286aa88d4b
play_store,2026-07-20T13:20:12,1,there is no option of cash on delivery I have to delete this app.,https://play.google.com/store/apps/details?id=com.grofers.customerapp&reviewId=1e924e04-a5a3-4f5e-8ddb-17ea2a8b6e57
play_store,2026-07-20T13:09:22,1,Customer service team doesn't provide assistance,https://play.google.com/store/apps/details?id=com.grofers.customerapp&reviewId=db5b824c-ffd5-4aa6-845d-2f669e1f3227
play_store,2026-07-20T13:02:02,5,good app but issue with pluxee,https://play.google.com/store/apps/details?id=com.grofers.customerapp&reviewId=1b1bd546-45b0-45d0-bbb6-bf352b9cc662
play_store,2026-07-20T12:55:06,1,i have received rotten items and no help received,https://play.google.com/store/apps/details?id=com.grofers.customerapp&reviewId=7144e0cb-498b-446d-b0fb-236369bbceb3
play_store,2026-07-20T12:50:39,1,I am want to cancel order and want to refund but this is not refund product so I not comfortable or convenient with blinkit,https://play.google.com/store/apps/details?id=com.grofers.customerapp&reviewId=42f44ff9-f410-4ff9-a3fd-b1344f63cfdf
play_store,2026-07-20T12:49:48,4,good service only 1 suggestion check the milk before delivery last time when we ordered the milk it got spoiled,https://play.google.com/store/apps/details?id=com.grofers.customerapp&reviewId=4025f433-3bd0-4c27-ae79-152563fcd21a
play_store,2026-07-20T12:41:56,5,it's very good extent experience for groceries,https://play.google.com/store/apps/details?id=com.grofers.customerapp&reviewId=c4e50643-f7f8-4b10-bf57-848597d27d28
play_store,2026-07-20T12:39:34,5,the delivery boys are very quick.,https://play.google.com/store/apps/details?id=com.grofers.customerapp&reviewId=3da6c015-d355-44e7-85c5-304a38fbfbc7
play_store,2026-07-20T12:39:31,1,"No delivery post accepting orders, asking to wait more than 1 hour",https://play.google.com/store/apps/details?id=com.grofers.customerapp&reviewId=dca6f2c3-e36b-41c5-b021-5cdeb7445aec
play_store,2026-07-20T12:37:03,5,quick supply of medicines and that too with consultation of a doctor is highly appreciated ..thank you blinket,https://play.google.com/store/apps/details?id=com.grofers.customerapp&reviewId=2ef61b03-3267-4d4a-8002-01b7b6f9ae7d
play_store,2026-07-20T12:31:17,1,no matter how many times you can,https://play.google.com/store/apps/details?id=com.grofers.customerapp&reviewId=159d1423-e89f-4b26-a687-2f8f1a8fde6f
play_store,2026-07-20T12:25:11,2,another platform give good offer promotion,https://play.google.com/store/apps/details?id=com.grofers.customerapp&reviewId=a0efadad-2394-4922-b842-461d2edab060
play_store,2026-07-20T12:24:27,2,extra time and extra charge only for change location 😔,https://play.google.com/store/apps/details?id=com.grofers.customerapp&reviewId=6703ec45-cfd7-4a8f-9578-536f99b2ad0a
play_store,2026-07-20T12:20:15,5,"medicine delivery is crazy, great work . other things are just fine",https://play.google.com/store/apps/details?id=com.grofers.customerapp&reviewId=c7587c67-3866-4f5e-a481-6bfcc8222037
play_store,2026-07-20T12:17:58,5,"delivery is good on time , best service thanks blinkit",https://play.google.com/store/apps/details?id=com.grofers.customerapp&reviewId=4bf3ad81-3303-48a0-9501-261155a773d7
play_store,2026-07-20T12:12:09,5,please start this also in chhattisgarh MCB please I request you please and this was amazing really please start!!! ♥️,https://play.google.com/store/apps/details?id=com.grofers.customerapp&reviewId=c141ddf2-5b96-4a01-bf38-24105add9e16
play_store,2026-07-20T12:10:16,1,"they threw all cigarette in my doorstep due to no packaging, no response from their customer care, NEVER USE THIS APP FOR CIGARETTE",https://play.google.com/store/apps/details?id=com.grofers.customerapp&reviewId=bb0cc8a0-cbcc-4a56-be9b-ae7d3327633d
play_store,2026-07-20T12:09:51,5,easily the best app ever created . well the prices are somewhat higher than the market but it saves time.,https://play.google.com/store/apps/details?id=com.grofers.customerapp&reviewId=e02b8c33-667e-44d0-88ff-e0ddb53f1429
play_store,2026-07-20T12:09:47,5,good quality product's 💯 on time delivery 💐happy customer's 🥰,https://play.google.com/store/apps/details?id=com.grofers.customerapp&reviewId=ea432f23-57b1-4a91-a19a-94ec56e62d27
play_store,2026-07-20T12:06:53,5,"blinkit is the best....and I also appreciate your free ambulance service. I'm here after watching reels from YouTube and instagram, really hats off. and God bless you 🙏🏻",https://play.google.com/store/apps/details?id=com.grofers.customerapp&reviewId=a0589e3b-0fb2-49b2-995a-9826441da8e3
play_store,2026-07-20T12:04:18,2,"has lost its initial responsibility towards customer care, also the organisation has no resolution.",https://play.google.com/store/apps/details?id=com.grofers.customerapp&reviewId=026e8b88-e2e1-4ba8-ac5f-89f859767d39
play_store,2026-07-20T12:03:13,5,"My order was delivered very quickly, the packaging was neat, and all the products were fresh and exactly as ordered. The app is easy to use, and the delivery partner was polite and professional. Overall, a smooth and reliable service. Highly recommended for quick grocery shopping! 😊",https://play.google.com/store/apps/details?id=com.grofers.customerapp&reviewId=5ec3cbd6-f266-43cd-8cba-0afc832b195a
play_store,2026-07-20T12:02:03,5,I like it fast delivery on time,https://play.google.com/store/apps/details?id=com.grofers.customerapp&reviewId=4030c2df-9d2e-4612-ac5d-5e314134410a
play_store,2026-07-20T11:54:57,2,most often payment issue with credit card,https://play.google.com/store/apps/details?id=com.grofers.customerapp&reviewId=b0327b1d-6f4c-413d-8ec0-d92d5aada326
play_store,2026-07-20T11:49:35,5,good delivery app. delivers everything quickly. love it,https://play.google.com/store/apps/details?id=com.grofers.customerapp&reviewId=85169fc7-f212-4599-90f6-c49dd66f972a
play_store,2026-07-20T11:45:02,1,after payment it's showing payment failed....that's why I prefer cash on delivery...,https://play.google.com/store/apps/details?id=com.grofers.customerapp&reviewId=293ed8c7-34ee-4f8b-9636-0f9e9d813961
play_store,2026-07-20T11:40:14,1,Handling charges and delivery charges too much.,https://play.google.com/store/apps/details?id=com.grofers.customerapp&reviewId=a2dd5182-5894-4f81-9d89-1b4aea093026
play_store,2026-07-20T11:38:11,3,"my 605 rupees pending in blinkit ,do early payment",https://play.google.com/store/apps/details?id=com.grofers.customerapp&reviewId=74cf0650-dfdf-42d3-8b14-64f113298426
play_store,2026-07-20T11:34:25,1,there is no support system on blinkit,https://play.google.com/store/apps/details?id=com.grofers.customerapp&reviewId=94193d33-bff9-4768-91de-b7e01c4b415e
play_store,2026-07-20T11:30:25,3,usually good service but sometimes very delay in orders,https://play.google.com/store/apps/details?id=com.grofers.customerapp&reviewId=97c41c96-2c6d-48d1-92ab-cf27d3ae62ac
play_store,2026-07-20T11:29:34,5,dear sir मेरी आप से request है सर्विस आप की बहुत fast और super duper है बस आप अपने राइडर का भी ध्यान रखा करो जैसे बरसातों में उनके लिए 🌧 कोट का इंतजाम करना चाहिए l आज जो बात raider ने कही दिल छु गयी मैंने उससे कहा भाई बरसात में तुम भीग गये थोड़ी देर में आ जाते उसने कहा sir काम तो करना ही है चाहे बरसात हो जो मर्जी हो ग्राहक को कोई तकलीफ नहीं होनी चाहिए समान समय पर पहुंचना चाहिए,https://play.google.com/store/apps/details?id=com.grofers.customerapp&reviewId=bd714680-1686-468a-8d4e-a2be9627482d
play_store,2026-07-20T11:27:20,1,"blinkit is not allowing me any payment option to place order. and no support available. No cash , card , online, UPI or even I have blinkit money that is also not allowing for the payment process.",https://play.google.com/store/apps/details?id=com.grofers.customerapp&reviewId=c331c5f7-f8c5-4987-a3bc-88c07e21b7ec
play_store,2026-07-20T11:18:23,1,worst customer service.....when I tried to return and get refund I cannot talk to them...if I want to return why they're asking about warranty registration and I think there is no return and refund option,https://play.google.com/store/apps/details?id=com.grofers.customerapp&reviewId=102b8d4b-9e94-4852-a71b-41d8b26da5d0
play_store,2026-07-20T11:17:56,2,the product colour is different what I have ordered. bad experience,https://play.google.com/store/apps/details?id=com.grofers.customerapp&reviewId=9f053b50-2dbe-48cf-90ce-b7080fecfb93
play_store,2026-07-20T11:03:53,4,blinkit is fantastic but the problem is some of my order Product are so dirty and also blinkit has higher prices than other online food platform,https://play.google.com/store/apps/details?id=com.grofers.customerapp&reviewId=5f98e8a3-ebed-4599-9397-c399c8245cc2
play_store,2026-07-20T11:02:48,1,"bad quality they are selling even customer care support is not working properly,and the chat bot is very worst. I brought yesterday fre products the quality is worst and I received used products . example I brought yesterday dettol handwash which was open at the time delivery only i got a doubt and checked the quantity,then it was half. in this way it is cheating",https://play.google.com/store/apps/details?id=com.grofers.customerapp&reviewId=f804c440-507a-467c-ab83-88d4af84dcbd
play_store,2026-07-20T11:00:11,5,very best experience thankyou for your service,https://play.google.com/store/apps/details?id=com.grofers.customerapp&reviewId=7db73004-92c8-44af-9f70-a35f677a5893
play_store,2026-07-20T10:59:06,1,"I found the cause of the issue. I had the Blinkit Delivery Partner app installed on the same phone/account. As soon as I uninstalled it, I was able to place the order successfully. This appears to be a bug because the app only showed 'This payment method is not available at the moment' instead of explaining the actual issue. Please forward this to your technical team so other users don't face the same problem.""",https://play.google.com/store/apps/details?id=com.grofers.customerapp&reviewId=805de014-b933-4111-a839-918e2daac9ff
play_store,2026-07-20T10:54:48,5,"Everything is so good , convenient, reliable, and the service. Only wish they give more coupons or offer 🫴",https://play.google.com/store/apps/details?id=com.grofers.customerapp&reviewId=f72851be-807a-40d8-9b4f-8606dfc7455b
play_store,2026-07-20T10:54:25,5,this app is very very helpful and fast delivery ever .thank you blinkit,https://play.google.com/store/apps/details?id=com.grofers.customerapp&reviewId=15998e11-71c4-4985-9765-632c22057a68
play_store,2026-07-20T10:54:16,5,First experience of ordering is fantastic 😍😍👌👌👌👍👍👍,https://play.google.com/store/apps/details?id=com.grofers.customerapp&reviewId=073d0b17-90d9-417a-928b-10fdabe047a5
play_store,2026-07-20T10:50:07,4,The thin plastic net they use for packing some items of vegetables is very dangerous. It breaks into super thin particles which land in food or water or eyes.,https://play.google.com/store/apps/details?id=com.grofers.customerapp&reviewId=5b7d0668-1c5f-4a83-a3f3-d9c2f04f51c0
play_store,2026-07-20T10:49:37,3,rates are high compression to smart bazar,https://play.google.com/store/apps/details?id=com.grofers.customerapp&reviewId=298faa01-144c-46ed-bbd0-6d4224e4a35e
play_store,2026-07-20T10:40:25,3,very high price more than package price and too much delivery charges,https://play.google.com/store/apps/details?id=com.grofers.customerapp&reviewId=2ef45c45-64a6-4522-a378-3a1b809ddef7
play_store,2026-07-20T10:31:33,5,its trending app in millions trust,https://play.google.com/store/apps/details?id=com.grofers.customerapp&reviewId=c5144cdd-6a75-4bd7-a4f4-9f40a1201cac
play_store,2026-07-20T10:30:44,4,two suggestions to blinkit 1. please maintain hygeine and cleanliness with packaging and delivering 2. give more coupons for lesser value cart also so the delivery charges can be covered. delivery charges are high compared to other platforms. also the range of products offered by blinkit is so good.,https://play.google.com/store/apps/details?id=com.grofers.customerapp&reviewId=0ca6a4fd-144e-404c-856e-6e45b282e3b9
play_store,2026-07-20T10:26:31,4,your services are good no doubt but your delivery boys are either uneducated or untrained.Thay do too much calls in one order.My location and address everything is exact but they call on every point. please correct it,https://play.google.com/store/apps/details?id=com.grofers.customerapp&reviewId=9429a1b0-7416-4f09-94ce-34505a79fd36
play_store,2026-07-20T10:21:52,3,very bad experience today eggs tray is broken n they refused to exchange that,https://play.google.com/store/apps/details?id=com.grofers.customerapp&reviewId=bd663a35-4609-43b5-9c1a-60a4720ee547
play_store,2026-07-20T10:20:24,5,Qualify of product has to be best on the market my,https://play.google.com/store/apps/details?id=com.grofers.customerapp&reviewId=b2dd4929-a9b2-49fb-a108-604b7b481502
play_store,2026-07-20T10:15:32,3,if this app work better for me then I will rate this app 5 ⭐⭐⭐⭐⭐,https://play.google.com/store/apps/details?id=com.grofers.customerapp&reviewId=7d51582d-f334-448b-a785-b0152e3409db
play_store,2026-07-20T10:14:48,1,my one item went missing from the packet,https://play.google.com/store/apps/details?id=com.grofers.customerapp&reviewId=38689396-54f1-4f47-aa40-e84322edcc0d
play_store,2026-07-20T10:12:56,5,zrarur ke time kaam Anne wali fast app,https://play.google.com/store/apps/details?id=com.grofers.customerapp&reviewId=6a3326c2-5a5f-495d-a920-ca8e8b8133c8
play_store,2026-07-20T10:07:24,4,"I am not getting the product of 1 or 2 kgs Govardhan cheese mozzarella, kindly let me know.",https://play.google.com/store/apps/details?id=com.grofers.customerapp&reviewId=7e248ccd-8049-4c40-8530-c1b86e3ea706
play_store,2026-07-20T09:55:44,5,just add to Cart and next 10min arrived your parcel so amazing time shaving app,https://play.google.com/store/apps/details?id=com.grofers.customerapp&reviewId=bf563685-152f-40bf-911c-a5079e6624fe
play_store,2026-07-20T09:51:52,4,refund is intitiated immeadialty thanks for immediate action,https://play.google.com/store/apps/details?id=com.grofers.customerapp&reviewId=98051f6b-9795-4f7d-a32d-1dec1d739fa1
play_store,2026-07-20T09:47:47,5,always provide me whatever i want and giving special offer 💘,https://play.google.com/store/apps/details?id=com.grofers.customerapp&reviewId=d65a67a6-923e-407a-98ee-778abfa0fd46
play_store,2026-07-20T09:34:05,5,Always they lift things to my floor,https://play.google.com/store/apps/details?id=com.grofers.customerapp&reviewId=7eecc09d-746b-4747-8a26-e1f5abe0aae6
play_store,2026-07-20T09:32:41,5,this very nice app and useful for uss,https://play.google.com/store/apps/details?id=com.grofers.customerapp&reviewId=42b5a6cc-521f-44af-bf4b-b3e5da7cb4f3
play_store,2026-07-20T09:29:40,1,"uninstalled, this is third time they send you expiried products with no expiry date mention ( erased by them before delivery & then they refuse to replace the same )",https://play.google.com/store/apps/details?id=com.grofers.customerapp&reviewId=09aa27a3-50b7-4ada-b5e7-811471a26e7b
play_store,2026-07-20T09:27:36,5,"best,fast and furious app for groceries",https://play.google.com/store/apps/details?id=com.grofers.customerapp&reviewId=8d06bbe6-9463-4942-8c8e-6349b4b8c11f
play_store,2026-07-20T09:26:34,5,Very convenient and easy to order,https://play.google.com/store/apps/details?id=com.grofers.customerapp&reviewId=cbe85988-9002-4ae2-892a-0d4289806094
play_store,2026-07-20T09:19:31,5,it's truly India's last min app but I says it should be world's last min app,https://play.google.com/store/apps/details?id=com.grofers.customerapp&reviewId=9481a8fd-b8d9-4bc2-b1c1-1be0c61ec343
play_store,2026-07-20T09:09:59,5,please remove 5 rs handling charges and destroy monopoly of jio mart,https://play.google.com/store/apps/details?id=com.grofers.customerapp&reviewId=81d9f014-eba4-485c-af0b-75e949b4bc35
play_store,2026-07-20T09:08:49,4,like a good all dilevery option are available,https://play.google.com/store/apps/details?id=com.grofers.customerapp&reviewId=77357149-2d8b-4c16-b672-6779b0d8625d
play_store,2026-07-20T09:08:36,5,need more items not listening in blinkit,https://play.google.com/store/apps/details?id=com.grofers.customerapp&reviewId=84c3d9a6-3b6c-40c7-aeaa-5f19661b8723
play_store,2026-07-20T09:07:26,1,order cancel ka koi option hi nahi hai,https://play.google.com/store/apps/details?id=com.grofers.customerapp&reviewId=c03bb51c-a6ac-40a7-8253-96075b5f7f54
play_store,2026-07-20T09:04:26,1,Complete mis-organised company and staff. I had placed two orders from the blinkit app and the address is in the saved list. while I placed the order with my location live. Says 1.8km away so not sure where they have a store near my house but my saved address is very correct and when the delivery agent calls shows a different location in his map. so disappointed with the customer staff and behaviour. I was charged a cancellation fee as he says it's not a delivery area. No number to call,https://play.google.com/store/apps/details?id=com.grofers.customerapp&reviewId=b5cf0319-0809-49f8-8071-1fb3ab5423d4
play_store,2026-07-20T08:49:58,5,even though we are regular customers you have charged delivery charges,https://play.google.com/store/apps/details?id=com.grofers.customerapp&reviewId=4dc5b634-0799-4298-8aa7-2408b2412352
play_store,2026-07-20T08:49:45,5,Tapati Banerjee . 26 A Fern Road Kolkata 19 please send now,https://play.google.com/store/apps/details?id=com.grofers.customerapp&reviewId=bafd9a7e-35ba-4a85-9d32-4625de23f0e4
play_store,2026-07-20T08:46:36,5,products quality are always good 👍,https://play.google.com/store/apps/details?id=com.grofers.customerapp&reviewId=563a869e-12bf-450a-83bc-025727be9092
play_store,2026-07-20T08:45:19,1,the app is not trust worthy like all of you i used to shop from here but one day i order but after payment order did not placed they did send text to refund it with in 3-5days but never refubd any amount . the worse part is theres no history blink it kept to show the order payment have been paid . there customer service is very useless and its very dissapointing for us to using and supporting such app,https://play.google.com/store/apps/details?id=com.grofers.customerapp&reviewId=db9e3f1a-1a78-4627-b455-e0d2a5d32c49
play_store,2026-07-20T08:44:38,5,Try to deliver a little early,https://play.google.com/store/apps/details?id=com.grofers.customerapp&reviewId=f19268e5-4320-4d62-9b39-d0612a67a03e
play_store,2026-07-20T08:42:16,1,this is the worst delivery app ever and their promise timing is very irritating,https://play.google.com/store/apps/details?id=com.grofers.customerapp&reviewId=acc05c07-021b-41d0-a676-48466b39989b
play_store,2026-07-20T08:35:47,1,the delivery time is given 8 minutes but it's deliver order in 24 minutes after placing order,https://play.google.com/store/apps/details?id=com.grofers.customerapp&reviewId=003fa925-8402-496a-b6bb-26841ee52242
play_store,2026-07-20T08:20:44,1,Bakwaas..what do you mean by shop not available high demand at 8.20 a.m?Your duty to have more staff.,https://play.google.com/store/apps/details?id=com.grofers.customerapp&reviewId=985d29d8-7a28-4f5b-a40e-bd541515a20d
play_store,2026-07-20T08:17:10,1,the order is too late from screening time,https://play.google.com/store/apps/details?id=com.grofers.customerapp&reviewId=cf9cb405-46e3-4386-b2e0-c49728ca0eab
play_store,2026-07-20T08:07:11,5,it's very pleasing and smooth experience,https://play.google.com/store/apps/details?id=com.grofers.customerapp&reviewId=31cbd0cc-a2c7-43f0-a57d-06ff08ffbe78
play_store,2026-07-20T08:07:00,1,mai pahli bar dispoint hue kharab sda saman diya,https://play.google.com/store/apps/details?id=com.grofers.customerapp&reviewId=a69c3436-d38a-4dc0-a469-e3a2a71fa083
play_store,2026-07-20T08:06:54,1,poor location tracking and delivery is delayed as they wish,https://play.google.com/store/apps/details?id=com.grofers.customerapp&reviewId=71cfd713-f8c7-4165-b868-4328f82b776c
play_store,2026-07-20T07:54:58,1,"one of the worst quick commerce service of all, all AI bots responding",https://play.google.com/store/apps/details?id=com.grofers.customerapp&reviewId=790bc01a-2749-480c-b636-351c4771ac23
play_store,2026-07-20T07:54:46,1,worst app there customer support response are so slow and no response,https://play.google.com/store/apps/details?id=com.grofers.customerapp&reviewId=e282e68b-f15c-43c0-ab8f-4386feb150f0
play_store,2026-07-20T07:52:33,4,ओझतचमलवधथ़ ओढ तर ओज चंग खरं दो ओज औंध,https://play.google.com/store/apps/details?id=com.grofers.customerapp&reviewId=fc744f0a-a5da-469a-99f3-2c4f1855e0f3
play_store,2026-07-20T07:31:32,5,maine abhi abhi download kiya hai usko aur use kar rahi hun ab use karke Main batati Hun kya experience Kaisa rahega iska Kaisa Saman aata hai Jaise main order karne vaisa hi aaega,https://play.google.com/store/apps/details?id=com.grofers.customerapp&reviewId=830ddd0e-0869-4a00-bb41-b3deb1af8c82
play_store,2026-07-20T07:23:51,5,yaar ismeh aak bar order return karne ke baad wapis oder karne par wapis online hi karna padega,https://play.google.com/store/apps/details?id=com.grofers.customerapp&reviewId=93eed104-bf87-4476-9378-e03988a05959
play_store,2026-07-20T07:21:59,1,first increase the OD captain salary atleast u want to be loyal truth,https://play.google.com/store/apps/details?id=com.grofers.customerapp&reviewId=3abd87eb-c508-495c-9c22-019f0b7e55f2
play_store,2026-07-20T07:14:51,4,Fresh products will be more worth try to maintain the quality,https://play.google.com/store/apps/details?id=com.grofers.customerapp&reviewId=d72cd352-45d5-4535-91e5-f49cd490e5ae
play_store,2026-07-20T06:49:41,1,"Blinkit has had a great fall in terms of customer support. I have been misled by the images to order sizes/weights far above what I intended to, and there is no customer redressal system to even hear the customer out. I am hearing similar experiences from my friends as well. From a helpful brand it has slipped to a bullying one. Very disappointing!",https://play.google.com/store/apps/details?id=com.grofers.customerapp&reviewId=6bc2654d-7e0e-4146-a5d7-ee7518a8999a
play_store,2026-07-20T06:48:06,5,very good bohot help milti h mujhe 🥰,https://play.google.com/store/apps/details?id=com.grofers.customerapp&reviewId=957d77be-c081-4043-8d27-a5382152a0b7
play_store,2026-07-20T06:45:59,5,Fastest delivery and 24×7 delivery. very happy. But one problem is there that's the paper bag sometimes tear off due to frozen goods and sometimes heavy items in it like glass bottles which results in to falling from the torn bags and cause loss of ordered items particularly milk pouches glass jam or sauce bottles.,https://play.google.com/store/apps/details?id=com.grofers.customerapp&reviewId=8edec5ee-8a21-484d-84a2-242a5fa7e39f
play_store,2026-07-20T06:22:23,5,super fast delivery and thank you so much blinket,https://play.google.com/store/apps/details?id=com.grofers.customerapp&reviewId=2f7847cd-c0a9-49fd-91db-31225e7fc1b5
play_store,2026-07-20T06:20:00,5,This aap are very fast delivery thank you,https://play.google.com/store/apps/details?id=com.grofers.customerapp&reviewId=a58f5197-5fd7-450f-a88a-49bcfc04034c
play_store,2026-07-20T06:18:41,1,There is tooo much delivery charge,https://play.google.com/store/apps/details?id=com.grofers.customerapp&reviewId=0086e770-1c69-4795-9b58-f99d1063df61
play_store,2026-07-20T06:04:15,5,very convenient and easy to use,https://play.google.com/store/apps/details?id=com.grofers.customerapp&reviewId=a828e7f6-ce76-49f6-b488-61ef62af63fa
play_store,2026-07-20T03:40:07,4,i checked some items but they were not showing me so I was disappointed with that but good 😊💯,https://play.google.com/store/apps/details?id=com.grofers.customerapp&reviewId=54a55751-b585-40fb-a066-439fbc80a02d
play_store,2026-07-20T03:36:55,2,"Riders are not coming at the doorstep even after giving the right address, and I am paying the handling and night fee, which is charged from my bill, and still had to go so many meters away to pick the order.",https://play.google.com/store/apps/details?id=com.grofers.customerapp&reviewId=aeb21980-8c26-4e63-b139-1dea8cc09f7f
play_store,2026-07-20T03:06:47,1,i have not get my order on time,https://play.google.com/store/apps/details?id=com.grofers.customerapp&reviewId=19b40c94-fcab-4f63-a515-a9ebf5660f9c
play_store,2026-07-20T02:56:24,5,"So far blinkit is the best service app ,my experience is good the delivery service are really good.The way they provide medicine and everything about blinkit is good. Thank you blinkit for your best service,truly appreciate it.",https://play.google.com/store/apps/details?id=com.grofers.customerapp&reviewId=fb5fb487-651c-44b1-95a5-edc781c72275
play_store,2026-07-20T02:40:10,1,LOOTAHRE 3rd ckass items more prices,https://play.google.com/store/apps/details?id=com.grofers.customerapp&reviewId=d0f975ed-b9ce-4ba1-befe-a333b511dc3e
play_store,2026-07-20T01:55:59,1,I ordered Amul Kheer from Blinkit today but the kheer was completely spoiled and had a very bad smell and taste. It was not fit for consumption at all. Very disappointing experience. Blinkit should ensure proper quality checks before delivering food products.,https://play.google.com/store/apps/details?id=com.grofers.customerapp&reviewId=37d4f87e-11b9-4632-9696-135d312c0918
play_store,2026-07-20T01:53:59,5,The service was fast and smooth. I had a good experience with Blinkit. Keep up the good work!,https://play.google.com/store/apps/details?id=com.grofers.customerapp&reviewId=d757417a-47fc-4aa9-b0bb-3bf9c3997911
play_store,2026-07-20T01:43:24,2,first i ordered baby food 8+ but received 18+ month and second was it's jaggery i ordered some fungal inside the pack so plz improve your product ani return option will be provided or exchange options are provide,https://play.google.com/store/apps/details?id=com.grofers.customerapp&reviewId=f4d500d2-e5e3-4161-a769-cb1ae4257cef
play_store,2026-07-20T01:12:44,5,very delay in late night deliverys,https://play.google.com/store/apps/details?id=com.grofers.customerapp&reviewId=3b05ac2d-d41c-4a10-86c9-a83ac1ab38a9
play_store,2026-07-20T01:10:18,1,night light charges handling charges plus limit 300 400 what is this,https://play.google.com/store/apps/details?id=com.grofers.customerapp&reviewId=696565ec-65bc-485b-baf4-cf5a97058efc
play_store,2026-07-20T01:04:13,2,jaldi lana ..nhi toh mummy maregi,https://play.google.com/store/apps/details?id=com.grofers.customerapp&reviewId=64bed32e-73e8-4f88-b6da-7c92a201bbe5
play_store,2026-07-20T00:57:12,5,very good service late night also,https://play.google.com/store/apps/details?id=com.grofers.customerapp&reviewId=21ed50e5-5c2b-4479-be90-cb766f8a8654
play_store,2026-07-20T00:51:02,5,Very Very Good Quality Fast Speed Delivery & Delivery Boy Good,https://play.google.com/store/apps/details?id=com.grofers.customerapp&reviewId=b4da47ed-d829-4bc8-a7ba-c61f55c802c6
play_store,2026-07-20T00:26:41,1,"horrible customer support, no resolution is provided and just waste time over chat",https://play.google.com/store/apps/details?id=com.grofers.customerapp&reviewId=dd71cef3-9a99-4b5a-b5d6-e69b077467b3
play_store,2026-07-20T00:19:58,5,it is very helpful. thanku blinking and delivery parents also very helpful.,https://play.google.com/store/apps/details?id=com.grofers.customerapp&reviewId=f71bb89c-2464-4222-8e80-024282e82ba8
play_store,2026-07-20T00:10:43,2,very slow. no delivery partner was assigned for 15 minutes.,https://play.google.com/store/apps/details?id=com.grofers.customerapp&reviewId=06ebf5d7-27cc-44fd-9d31-37f6f8c5c6dc
play_store,2026-07-19T23:57:32,3,Disappointed in the delivery every time I ordered it was late every time,https://play.google.com/store/apps/details?id=com.grofers.customerapp&reviewId=8d0c4910-fd07-48cb-a3db-0b8f84726fc3
play_store,2026-07-19T23:57:14,1,to much rate for all products,https://play.google.com/store/apps/details?id=com.grofers.customerapp&reviewId=f8e81a78-18e0-49f1-a9fa-4747e0478b6d
play_store,2026-07-19T23:53:21,1,make easier nd do faster delivery,https://play.google.com/store/apps/details?id=com.grofers.customerapp&reviewId=8557f0bc-2020-46b8-bdd7-4a3a80a28c5a
play_store,2026-07-19T23:49:24,3,best option for purchase quality and quantity,https://play.google.com/store/apps/details?id=com.grofers.customerapp&reviewId=bf349ce9-46ba-4f86-9043-f7125436e31c
play_store,2026-07-19T23:44:14,5,the best service u can get just love it good delivery edit. thank u blinkit,https://play.google.com/store/apps/details?id=com.grofers.customerapp&reviewId=b1c0c1b8-869f-40b3-8ece-b2995b949e7f
play_store,2026-07-19T23:43:33,1,app logo ne captain ka sallery kyu kaam kiya hai 1000 kam kar diye ho,https://play.google.com/store/apps/details?id=com.grofers.customerapp&reviewId=93e144cf-3d4c-4c5c-9bac-15be7fc0f302
play_store,2026-07-19T23:42:09,5,thank you so much delivery man🙏🙏🙏 👍👍👍👍👍👍👍👍👍👍☺️☺️,https://play.google.com/store/apps/details?id=com.grofers.customerapp&reviewId=bd69aa43-03f7-4700-b1cc-fd892129d88f
play_store,2026-07-19T23:38:48,5,very happy to receive in our location thank you so much,https://play.google.com/store/apps/details?id=com.grofers.customerapp&reviewId=6f918cda-200a-4738-8f81-c43b35f8780a
play_store,2026-07-19T23:38:13,1,"the worst delivery app, they dont deliver in time also the delivery partners don't even lift the call, please don't install this app it's waste of time use zepto or flipkart minutes or Swiggy Instamart.",https://play.google.com/store/apps/details?id=com.grofers.customerapp&reviewId=9aecfa90-05aa-40c7-aacc-e20f2e741dae
play_store,2026-07-19T23:24:22,4,very good delivery and eny time delivered,https://play.google.com/store/apps/details?id=com.grofers.customerapp&reviewId=e57606c0-bf28-46ff-868a-4b0ecbf1efc5
play_store,2026-07-19T23:19:13,1,one of the worst application to order ur needy item thay are doing fraud by telling we have delever ur order but we haven't recieved our order ...,https://play.google.com/store/apps/details?id=com.grofers.customerapp&reviewId=c4e59f6e-304d-4edb-b731-8a1349ff23fd
play_store,2026-07-19T23:17:20,1,very bad experience. not good quality even we got half bottle of soda seal was broken also date expired. I recommended avoid order it's better to go market.,https://play.google.com/store/apps/details?id=com.grofers.customerapp&reviewId=0c84533c-2bef-47dd-b847-20f1b59d920b
play_store,2026-07-19T23:01:35,5,Blinkit made by life easier and savior Appreciated!,https://play.google.com/store/apps/details?id=com.grofers.customerapp&reviewId=78398fd7-fedb-4e03-8369-1ad00ccb86e5
play_store,2026-07-19T22:59:30,5,best experience and best app in the world,https://play.google.com/store/apps/details?id=com.grofers.customerapp&reviewId=cba58aed-4477-4cec-8679-792e92cf729b
play_store,2026-07-19T22:59:18,3,Chabot support is not worthy...would be highly appreciative if they establish human support system...,https://play.google.com/store/apps/details?id=com.grofers.customerapp&reviewId=f93bedaa-b881-46ba-8827-7268db7dd1fa
play_store,2026-07-19T22:57:17,5,before there were not many options to buy from now it has everything you can think of ❤️❤️,https://play.google.com/store/apps/details?id=com.grofers.customerapp&reviewId=ef2c3cc6-6756-4a1e-a337-423b96fc35dc
play_store,2026-07-19T22:48:28,1,it was not showing cash on delivery option.,https://play.google.com/store/apps/details?id=com.grofers.customerapp&reviewId=a6b194c2-e1e1-479b-85e9-b1e36185413c
play_store,2026-07-19T22:46:56,5,l am impressed by the response that they provide us,https://play.google.com/store/apps/details?id=com.grofers.customerapp&reviewId=5099ed65-7efc-4e41-ad7e-3a326a9e253b
play_store,2026-07-19T22:45:01,4,the delivery is good but sometimes the parcel goes to wrong place but most of the times its the bestest delivery and various types of options are also there,https://play.google.com/store/apps/details?id=com.grofers.customerapp&reviewId=2b82652a-3e99-4067-abd1-799b42279cc1
play_store,2026-07-19T22:39:39,5,the blinkit app is superb the order comes within 10 minutes and the price is also low and it comes to doorstep,https://play.google.com/store/apps/details?id=com.grofers.customerapp&reviewId=944a8d99-49fb-4c9b-be69-9786c756b0ab
play_store,2026-07-19T22:39:28,5,best app I'm using this app I am book order and quick delivery so I am very happy on this app,https://play.google.com/store/apps/details?id=com.grofers.customerapp&reviewId=1120bb1c-3b5d-4415-aea4-a7cdf0fd9763
play_store,2026-07-19T22:37:37,1,"uninstalling because you guys used gay guy for advertisement, it's GAY and I don't like it.",https://play.google.com/store/apps/details?id=com.grofers.customerapp&reviewId=6689404a-42f6-4fe9-b82d-724f79ae07f6
play_store,2026-07-19T22:33:09,5,"thanks a lot for the 24/7 quick service, I will join blinking as data scientist after doing IDDD in DataSciemce form IITM",https://play.google.com/store/apps/details?id=com.grofers.customerapp&reviewId=bb40f685-15b7-4c9f-a7f1-1f4c03263db4
play_store,2026-07-19T22:32:15,5,I thik to much extra charge in small items overall good,https://play.google.com/store/apps/details?id=com.grofers.customerapp&reviewId=d29c0373-a043-4ac2-927d-b8728c40ee67
play_store,2026-07-19T22:29:43,3,why this much convince fee and handling fee,https://play.google.com/store/apps/details?id=com.grofers.customerapp&reviewId=101fedc2-fcc6-442a-92e2-854954cd85eb
play_store,2026-07-19T22:27:31,4,"It is a very useful app and delivers products within the expected time,happy customer",https://play.google.com/store/apps/details?id=com.grofers.customerapp&reviewId=ec16d70c-26dd-4db7-875a-3aac845fad89
play_store,2026-07-19T22:25:52,5,this is the best and fastest app for all needs .its just soooo good.,https://play.google.com/store/apps/details?id=com.grofers.customerapp&reviewId=6eee4c9b-539a-43a5-8c42-2a507962f0eb
play_store,2026-07-19T22:20:17,5,this is too give to me and all chirestan Family..............,https://play.google.com/store/apps/details?id=com.grofers.customerapp&reviewId=34bd1641-381d-49f8-9ca6-b91b94be0525
play_store,2026-07-19T22:14:07,1,waste location emi available ga undatle asalu order cheyadaniki kuda open avvatledu picha app meeru evaru download cheyakandi please🙏🏻🙏🏻🙏🏻,https://play.google.com/store/apps/details?id=com.grofers.customerapp&reviewId=c2c66be6-723b-45c8-b191-5a036a5f46c7
play_store,2026-07-19T22:12:46,1,worst experience. fraud app h jis area me Inki survice nh h waha ka bhi order accept kr lete h baad me cancel kr dete h or refund bhi nh krte h jhutha claim krte h ki refund hogya h,https://play.google.com/store/apps/details?id=com.grofers.customerapp&reviewId=8d94dfe0-a499-4491-af9b-b2e3e12ebf1b
play_store,2026-07-19T22:12:32,2,my one order is not come,https://play.google.com/store/apps/details?id=com.grofers.customerapp&reviewId=777455a0-b0f2-4637-84fe-ead7bedf66ea
play_store,2026-07-19T22:07:11,5,bhut achi best Groceries shopping app hai,https://play.google.com/store/apps/details?id=com.grofers.customerapp&reviewId=0563425c-514a-442c-acc0-ba1bb1546ef5
play_store,2026-07-19T22:02:01,5,very nice quick night delivery too,https://play.google.com/store/apps/details?id=com.grofers.customerapp&reviewId=3b0cfebd-8088-419e-8ee3-e0d592da131e
play_store,2026-07-19T21:59:30,5,badiya sarvice hai . turant or badiya app.,https://play.google.com/store/apps/details?id=com.grofers.customerapp&reviewId=0be3d798-401d-4a5d-91af-bfb524f83613
play_store,2026-07-19T21:57:07,1,riders are very rude and ask to come outside 100 to 200 m away otherwise i wont give order as ive paid the order earlier and before ordeing time is 7-9 min and once paid tha time is shown 20-30 min,https://play.google.com/store/apps/details?id=com.grofers.customerapp&reviewId=49f77d3d-7014-4f7b-a44f-492cac1549ec
play_store,2026-07-19T21:56:23,5,"This app is very useful; whenever you need something, you get it within the time specified.",https://play.google.com/store/apps/details?id=com.grofers.customerapp&reviewId=490e3839-0e19-45cf-bebd-ed5a63783416
play_store,2026-07-19T21:55:34,3,Poor quality product and delayed delivery,https://play.google.com/store/apps/details?id=com.grofers.customerapp&reviewId=c1c8585f-680f-4ef8-8418-a44a773dc9c8
play_store,2026-07-19T21:54:37,5,bilinkit is very good and delivery is very fast,https://play.google.com/store/apps/details?id=com.grofers.customerapp&reviewId=336e20a2-135f-4e32-b8de-62802eda9ae2
play_store,2026-07-19T21:53:01,1,so much excess price compared to companies' outlets,https://play.google.com/store/apps/details?id=com.grofers.customerapp&reviewId=50cfe3f4-140a-4974-970a-4ce168597288
play_store,2026-07-19T21:50:59,1,am not getting any kind of discounts on blinkit,https://play.google.com/store/apps/details?id=com.grofers.customerapp&reviewId=04d61537-6c25-4dbd-847d-ceb20c7220c7
play_store,2026-07-19T21:48:03,1,Delivery boy was very greddy and theft. Some order are missing.,https://play.google.com/store/apps/details?id=com.grofers.customerapp&reviewId=691a6553-9251-4876-b477-f3d12c753b8f
play_store,2026-07-19T21:46:59,5,good app 👌 👍 I like it 👌 👍 😀,https://play.google.com/store/apps/details?id=com.grofers.customerapp&reviewId=b7ccd57c-bbc0-4a39-b628-3190547144a5
play_store,2026-07-19T21:45:33,5,This the best app I have ever seen You can get anything with in 15-20 minutes,https://play.google.com/store/apps/details?id=com.grofers.customerapp&reviewId=2306f8da-dc34-41e8-9575-1414343a128d
play_store,2026-07-19T21:43:31,5,beter than any all other e-commerce app. I love you Blinkit 💜❤️,https://play.google.com/store/apps/details?id=com.grofers.customerapp&reviewId=c7a44c73-b539-48a8-8df8-276dadf29ad4
play_store,2026-07-19T21:43:20,3,delivery boys were most of the time rude. deliberately delaying the ordered items. sometimes fresh items were not fresh at all.,https://play.google.com/store/apps/details?id=com.grofers.customerapp&reviewId=f6fd546e-72db-4598-952d-c18b1328da1f
play_store,2026-07-19T21:43:03,5,very excellent 👌 delivery boy came just in 9 minutes fast delivery 👌 love you blinkit,https://play.google.com/store/apps/details?id=com.grofers.customerapp&reviewId=a79dbaad-7547-48b6-a096-c14f9c3191d1
play_store,2026-07-19T21:42:43,1,"I placed an order worth ₹196 (4 items) with an estimated delivery time of 17 minutes. After waiting for 45 minutes, Blinkit cancelled my order from their side without any explanation. I was then told that my refund would be processed by 24th July, even though refunds are usually completed within 24–48 hours. This is very disappointing. Please process my refund as soon as possible and explain the reason for the cancellation and the delayed refund.",https://play.google.com/store/apps/details?id=com.grofers.customerapp&reviewId=ced6dd13-1931-4f97-9923-a648465bc15d
play_store,2026-07-19T21:41:26,1,Google pay reward is not redeemed,https://play.google.com/store/apps/details?id=com.grofers.customerapp&reviewId=c0008146-c724-4d0a-a576-7798cee14cb7
play_store,2026-07-19T21:41:10,5,it's nice app.. easy to order. thank you❤,https://play.google.com/store/apps/details?id=com.grofers.customerapp&reviewId=6ecc27d0-48ff-4e6b-bfd2-787821644614
play_store,2026-07-19T21:40:50,3,should not take handling charge otherwise service is good,https://play.google.com/store/apps/details?id=com.grofers.customerapp&reviewId=e99a4714-9302-4cad-90c9-3cd03ca4386a
play_store,2026-07-19T21:40:44,5,good product and very fast delivery boys are very honest 👌,https://play.google.com/store/apps/details?id=com.grofers.customerapp&reviewId=005931b6-dc0f-406f-a97f-57df07bcacb8
play_store,2026-07-19T21:40:12,5,meets the emergency requirement. Makes life easier at difficult times.,https://play.google.com/store/apps/details?id=com.grofers.customerapp&reviewId=b248dbf5-18dc-4063-8e38-a14164525380
play_store,2026-07-19T21:39:40,1,"always my items delivered are late , late , extremely late...",https://play.google.com/store/apps/details?id=com.grofers.customerapp&reviewId=9f87900c-7ed1-4c72-b886-94c51a19069f
play_store,2026-07-19T21:38:12,1,out of 9 orders I have received 7 orders as damaged or leaked or expired. Pls do not use this app.,https://play.google.com/store/apps/details?id=com.grofers.customerapp&reviewId=b0be9709-db02-479c-a694-c6e03ef76cb0
play_store,2026-07-19T21:37:34,5,I just love this app 🤧💖💖it is literally 👍,https://play.google.com/store/apps/details?id=com.grofers.customerapp&reviewId=53af042a-0864-49f7-846a-650620f48d12
play_store,2026-07-19T21:35:23,3,The products we order something came defected and not same as the image on the app.,https://play.google.com/store/apps/details?id=com.grofers.customerapp&reviewId=c5653188-cd99-4fd1-a1f4-555c6b7534ca
play_store,2026-07-19T21:34:08,5,too good bestt home delivered good prize and with door to door,https://play.google.com/store/apps/details?id=com.grofers.customerapp&reviewId=412a4e41-8985-4e36-b8e4-0c4fefd36ab0
play_store,2026-07-19T21:29:42,3,App is fine but the quality of their items and policy is poor,https://play.google.com/store/apps/details?id=com.grofers.customerapp&reviewId=d2d7d8d1-8aec-4ccd-b7d0-d7793676edc1
play_store,2026-07-19T21:28:05,5,"a very useful app for daily needs, loved it",https://play.google.com/store/apps/details?id=com.grofers.customerapp&reviewId=2a296de5-fd0c-4870-b3cc-b45683c28270
play_store,2026-07-19T21:28:02,1,"I ordered a Citizens 2-fold umbrella based on the product images but received a completely different local umbrella. The delivery partner left without allowing me to check it. Customer support made the return process frustrating, asked me to travel back to the delivery location, couldn't accept gallery images, and then closed my complaint without resolving it. Very disappointing service and misleading product listing. very poor experience we will never order from this app...",https://play.google.com/store/apps/details?id=com.grofers.customerapp&reviewId=0d0b5523-a171-4a3c-94b6-34fb9f45f933
play_store,2026-07-19T21:27:15,5,"I am very excited for doing order because before some time the bilinkit not dilevery on my side my addres . but now I am very happy 😁 . thankyou so much bilinkit. if you can do diliver E - Rikshaw in Vrindavan , I realy telling you , you can earn more . you have already started blinkit ambulance.",https://play.google.com/store/apps/details?id=com.grofers.customerapp&reviewId=e0fea7c9-1d08-4889-aa10-f5fe19133cdc
play_store,2026-07-19T21:27:06,3,one time delivery free then cost so much as shown delivery fee s and gst and 30 rs extra over all ok ok review,https://play.google.com/store/apps/details?id=com.grofers.customerapp&reviewId=59f1bf40-58b2-46e2-b943-07b758c924fb
play_store,2026-07-19T21:24:48,1,Mera 1st experience bad so not good app,https://play.google.com/store/apps/details?id=com.grofers.customerapp&reviewId=24319159-859e-41a6-8b59-e60a07f60f19
play_store,2026-07-19T21:24:25,1,it shows 150 bit when the order comes it is 182 not fare,https://play.google.com/store/apps/details?id=com.grofers.customerapp&reviewId=33e4d86d-08af-4a03-a2c2-fb6c32545e05
play_store,2026-07-19T21:23:01,5,i love your services i ordered something it have some issue so I had to return the product. returning process was so smooth within 10 minutes the rider came to pick up the order they generate a promo code for me in minutes,https://play.google.com/store/apps/details?id=com.grofers.customerapp&reviewId=b4215959-e87b-41c7-89ad-74fec4cc3570
play_store,2026-07-19T21:19:35,5,really good like tooo many free giftsss,https://play.google.com/store/apps/details?id=com.grofers.customerapp&reviewId=11aa3295-223f-464b-8b1e-d7a30a094e26
play_store,2026-07-19T21:17:20,1,worst experience ever. always more price demands just get lost from my mobile,https://play.google.com/store/apps/details?id=com.grofers.customerapp&reviewId=deac7cde-07b1-4079-9430-06b24df67bbf
play_store,2026-07-19T21:17:07,5,very good app for house wifes,https://play.google.com/store/apps/details?id=com.grofers.customerapp&reviewId=1a9cb706-c12a-4200-8683-cd2c8658c83a
play_store,2026-07-19T21:16:33,1,"I had ordered something, I paid for it online as well as offline, Because there was an issue in their online payment, it was said that if they made the offline payment, the online payment would be refunded but no refund came. Farud",https://play.google.com/store/apps/details?id=com.grofers.customerapp&reviewId=ef5906af-7a83-41ea-b452-17b9ed8d38a0
play_store,2026-07-19T21:13:51,5,The Product delivery timing is perfect 👌 and very good discount on items.,https://play.google.com/store/apps/details?id=com.grofers.customerapp&reviewId=f587bf1d-2289-4b51-b9cb-7d85106efadc
play_store,2026-07-19T21:11:02,1,not good app I ordered a note book and I want to return it it's not happening,https://play.google.com/store/apps/details?id=com.grofers.customerapp&reviewId=26124d9f-bab6-4673-8bf5-26de73643b7b
play_store,2026-07-19T21:08:42,4,It's a smooth experience and every time there is something different and useful,https://play.google.com/store/apps/details?id=com.grofers.customerapp&reviewId=4aa54b33-f9e6-4ad9-b9f8-4d92e28cc890
play_store,2026-07-19T21:07:08,1,just getting worst day by day,https://play.google.com/store/apps/details?id=com.grofers.customerapp&reviewId=90d5ac44-37a5-4dd0-9846-9e63b0be057b
play_store,2026-07-19T21:06:59,4,this is the app is nice but there is one problem price is so high,https://play.google.com/store/apps/details?id=com.grofers.customerapp&reviewId=5c3f4f47-b0e6-4256-a50c-49ef6e6cfc58
play_store,2026-07-19T21:06:54,5,very fast delivery nd good behaviour,https://play.google.com/store/apps/details?id=com.grofers.customerapp&reviewId=0a7e2ceb-1689-4dc8-8714-4934b3133829
play_store,2026-07-19T21:06:31,5,I truly trusted on this app ...Very easy to use and delivery time also good,https://play.google.com/store/apps/details?id=com.grofers.customerapp&reviewId=5de0fa11-ad50-4b1f-8724-108fc1ca7c96
play_store,2026-07-19T21:05:54,5,this is very nice and helpful app,https://play.google.com/store/apps/details?id=com.grofers.customerapp&reviewId=a9eb6124-9e21-4925-b22b-8dfcb1f35fee
play_store,2026-07-19T21:03:59,1,"I had ordered biscuits but all are like smaash, few months back also I had ordered that also same things, I hv ordered for somebody n don't hv time to replace or raise complaint.",https://play.google.com/store/apps/details?id=com.grofers.customerapp&reviewId=760203dc-d29f-4aa0-8826-80611e62beb6
play_store,2026-07-19T21:02:01,5,I'm an international student in new zealand and I'm ordering gifts for my home and friends and it delivers within 15-20 minutes ✨✨,https://play.google.com/store/apps/details?id=com.grofers.customerapp&reviewId=894db449-5a9a-4507-a40f-d0db3705ab47
play_store,2026-07-19T21:01:28,5,saviour of college students... xerox available even at night😭🔥,https://play.google.com/store/apps/details?id=com.grofers.customerapp&reviewId=a4059514-b7be-4146-8bbd-c64f083afac9
play_store,2026-07-19T20:58:26,5,Best App for H ome Delivery,https://play.google.com/store/apps/details?id=com.grofers.customerapp&reviewId=fa120868-2fc5-4fb6-b4a3-2a738df1d6b8
play_store,2026-07-19T20:57:53,5,best very but 1 min late some time,https://play.google.com/store/apps/details?id=com.grofers.customerapp&reviewId=02abdcd2-1a55-4cb0-b234-b58001783ec1
play_store,2026-07-19T20:57:40,1,yesterday I ordered 434 but I have not change so I gave 500 money to delivery boy he told me to I gave 66 money in Tommorow but he just not came so please give me my money 66 I am still disappointed 😔 I just uninstall the app blinkit,https://play.google.com/store/apps/details?id=com.grofers.customerapp&reviewId=e2cc7e0d-6827-45ba-8774-d32230df5e8e
play_store,2026-07-19T20:57:32,1,"This is the biggest fraud app, i have ever seen, with no accountability towards customer. No customer care number, i have all email admitting their mistakes, but at the end they said we can't replace the items, but we fully admit mistake, this is the work ethics they have, these guyz have no spine and no arguements to defend them, wishing them luck. These reviews donot have the option to attach the answers they gave me, otherwise would have posted it here.",https://play.google.com/store/apps/details?id=com.grofers.customerapp&reviewId=2900321a-f7b2-4ba5-87fc-52409c5b8008
play_store,2026-07-19T20:54:04,1,before open the any pocket check the expiry date. i have a bad experience i received expired date item,https://play.google.com/store/apps/details?id=com.grofers.customerapp&reviewId=7cc03c4c-3877-4d6c-b0ee-84e66d0c7df5
play_store,2026-07-19T20:53:23,4,product hmesa out of stock hi hota h,https://play.google.com/store/apps/details?id=com.grofers.customerapp&reviewId=0c672738-7ce3-4c00-874c-b8617f2d0198
play_store,2026-07-19T20:52:32,4,"I am using this app last 3,4 months and this app is just amazing ,fast delivery approx 10 to 15 min maximum so I prefer this app for all...",https://play.google.com/store/apps/details?id=com.grofers.customerapp&reviewId=446ff642-df9f-41f3-8352-b55ee1a41ebb
play_store,2026-07-19T20:50:17,4,good experience 😃 but the timing is wrong 😞 I will tell you how if the order is showing 11 minutes it comes in 14 to 15 minutes but the service is good 👍 and nice I rate 4 out of 5,https://play.google.com/store/apps/details?id=com.grofers.customerapp&reviewId=38bb210c-79ab-41ad-99ec-e68062b7676f
play_store,2026-07-19T20:50:05,4,"clean use, easy to find items",https://play.google.com/store/apps/details?id=com.grofers.customerapp&reviewId=ea72cc78-a851-4cf1-a24d-e33370295a9c
play_store,2026-07-19T20:45:33,1,"charging very high fee, and also allways giving room temperature drinks saying chilled i didn't order from this phone but ordered as des raj gautem",https://play.google.com/store/apps/details?id=com.grofers.customerapp&reviewId=b98cbf47-8137-4c9e-a59b-acaff131321f
play_store,2026-07-19T20:44:04,5,This app is very useful 🥰✨✨,https://play.google.com/store/apps/details?id=com.grofers.customerapp&reviewId=d6389a6b-8bb6-4244-83f7-409be47c16f6
play_store,2026-07-19T20:43:42,5,get quick service in any time also in rainy days,https://play.google.com/store/apps/details?id=com.grofers.customerapp&reviewId=6d4faa60-8864-4588-b0a3-7d532e400bd6
play_store,2026-07-19T20:43:29,5,bahut acha application hai fast delivery or sab kuch mil jata hai,https://play.google.com/store/apps/details?id=com.grofers.customerapp&reviewId=1bceaaa8-ecda-4a9a-a36c-04266192f655
play_store,2026-07-19T20:42:36,1,too delay and delivery boy too rude,https://play.google.com/store/apps/details?id=com.grofers.customerapp&reviewId=e6fe6d87-7a21-4f03-9929-e520d99aab5c
play_store,2026-07-19T20:42:13,1,"don't use blinkit wallet, we can add money to wallet but, can't place an order . always shows opps you can't order this product with this payment method currently ... worst customer care support...",https://play.google.com/store/apps/details?id=com.grofers.customerapp&reviewId=3930943c-ebf3-4d78-8775-095032fec1cb
play_store,2026-07-19T20:40:13,5,best service they providing to everyone ☺️,https://play.google.com/store/apps/details?id=com.grofers.customerapp&reviewId=79fbad7a-a678-4209-a467-8ef6a59e214f
play_store,2026-07-19T20:39:02,3,it is fast and responsive i liked that but sometimes idk why blinkit don't available the option of COD means cash on delivery it is hard for the person those who don't use online payment apps..so plz try to understand the circumstances of some people like me ..thank you,https://play.google.com/store/apps/details?id=com.grofers.customerapp&reviewId=1d5d74ef-3806-4b0d-9789-0dd8fb0dc05c
play_store,2026-07-19T20:38:05,5,easy to use and amazing 😍🤩,https://play.google.com/store/apps/details?id=com.grofers.customerapp&reviewId=ffae024a-df32-4739-bc49-96a5c9b8dfd2
play_store,2026-07-19T20:35:45,4,It's good 👍😊 and It comes too fast . Good delivery 😀😀 The behaviour of the delivery boy is too good 😊😊😊💯,https://play.google.com/store/apps/details?id=com.grofers.customerapp&reviewId=5a312d1e-ca0a-4820-a956-16a427f957f9
play_store,2026-07-19T20:35:37,5,it is very good app and very ratri app,https://play.google.com/store/apps/details?id=com.grofers.customerapp&reviewId=a44b929f-b4c7-4b7b-952e-b4f21744e800
play_store,2026-07-19T20:35:22,5,a wide range of products at blinkit is most appealing reason for its popularity,https://play.google.com/store/apps/details?id=com.grofers.customerapp&reviewId=b7fb5d1f-4bf2-454b-91c1-cdb1d4dfe5aa
play_store,2026-07-19T20:35:17,5,I'm just fan of blinkit but I have one suggestion minimum oder price for free delivery 99rs hona chaiye yr because most off time itna kuch oder dena ni hota but delivery ke 30rs lgte h or 199 pr free delivery some time itne product ni chiaye hote ya rs ni lgane hote so please free delivery 99rs ke oder pr bhi do please I have request for this that response it's so good I hope mera suggestions accpat kre or improve kre 99rs pr bhi free delivery kre,https://play.google.com/store/apps/details?id=com.grofers.customerapp&reviewId=bc56993a-ae5d-4eb5-af36-6c419adb6d61
play_store,2026-07-19T20:35:16,1,it told 5 minutes and showing 22 minutes...i am paying 250 fr 100,https://play.google.com/store/apps/details?id=com.grofers.customerapp&reviewId=cf7748d2-71fa-4b5a-8ef4-96b306049cca
play_store,2026-07-19T20:35:11,5,सबसे अच्छी बात ये है कि जो समान फ्रेश बनता है कंपनियों में वो डायरेक्ट हमारे घर तक पहुंचता है म दुकानों से समान खरीदता था पहले 4 या 5 रुपए बचाने के चक्कर में वहाँ बहुत समान डुप्लीकेट समान मिला मुझे कितनी ही बात एक्सपायरी वाला समान दिया दुकान वालों ने तब से म सिर्फ ब्लिंकिट यूज़ करता हूं फ्रेश समान कब एक्सपायरी है कब का बना है और बिल ब्लिंकिट देता है शानदार प्रोडक्ट फास्ट डिलीवरी एम वैरी हैप्पी,https://play.google.com/store/apps/details?id=com.grofers.customerapp&reviewId=8bf895b7-4222-4bc1-b553-28ac1bc145cd
play_store,2026-07-19T20:33:44,3,Should integrate amazon pay later when you have it in the district should be here too.,https://play.google.com/store/apps/details?id=com.grofers.customerapp&reviewId=7876c524-d157-4b60-89f7-7827de2e2e5f
play_store,2026-07-19T20:33:01,1,"if an address is saved, why every time I need to allow location access or manually select address? The issue remains same after deleting second address.",https://play.google.com/store/apps/details?id=com.grofers.customerapp&reviewId=fb22dacc-23be-4083-9d2d-f771f9f7e389
play_store,2026-07-19T20:32:10,1,"Your service is deteriorating day by day. I have been trying to reach customer care, but I am unable to connect. This is extremely disappointing. Please resolve my issue immediately.",https://play.google.com/store/apps/details?id=com.grofers.customerapp&reviewId=90ea4d69-710e-4db6-9fbb-77aae6cecd2f
play_store,2026-07-19T20:31:25,5,absolute cinema 🙌 especially for the world cup 🏆,https://play.google.com/store/apps/details?id=com.grofers.customerapp&reviewId=dcb06c3a-e808-4134-b09a-8238801051a9
play_store,2026-07-19T20:29:44,1,too much time to delivery and extra charges apply,https://play.google.com/store/apps/details?id=com.grofers.customerapp&reviewId=76ef4d0a-b2e8-423e-a508-4573d58fa5aa
play_store,2026-07-19T20:29:39,1,"Very disappointing experience with Blinkit. I received a product that appeared to have been opened before delivery and had functional issues. I contacted customer support multiple times, explained the problem clearly, and provided the required details, but I did not receive a proper resolution. Instead of helping me with a return or refund, Blinkit kept repeating the same response and eventually closed my complaint without resolving the issue. I trusted Blinkit to deliver genuine, new products,",https://play.google.com/store/apps/details?id=com.grofers.customerapp&reviewId=644ecac9-4f76-496b-8b5f-33ca8f480256
play_store,2026-07-19T20:29:30,5,best but sometimes takes more than 15 minutes,https://play.google.com/store/apps/details?id=com.grofers.customerapp&reviewId=4e63955a-729a-4d73-a083-b9656adbc3f3
play_store,2026-07-19T20:26:53,2,delivery charge leta hai tum log bery bad,https://play.google.com/store/apps/details?id=com.grofers.customerapp&reviewId=75359c7c-2210-423e-89ec-6d799b7458bd
play_store,2026-07-19T20:25:35,5,guys trust me this is the best app ever like you get your dilivery on the given time or even earlier this so good. I am so happy with they're service 😀,https://play.google.com/store/apps/details?id=com.grofers.customerapp&reviewId=1e0b9e9c-1724-48b5-88a9-c19d2cd9d6b0
play_store,2026-07-19T20:21:48,5,on time delivery and delivery person very polite 👌 good work nice app,https://play.google.com/store/apps/details?id=com.grofers.customerapp&reviewId=6fca37b7-c430-4f07-a4e8-7e8d6e5ed674
play_store,2026-07-19T20:21:27,5,you can get everything on thi App.,https://play.google.com/store/apps/details?id=com.grofers.customerapp&reviewId=99093880-11c9-49e9-ab3f-41e21e59f65b
play_store,2026-07-19T20:20:40,5,very very good almost every useful and item is here,https://play.google.com/store/apps/details?id=com.grofers.customerapp&reviewId=c13bf4bb-893a-476d-a67f-3175c2a7100a
play_store,2026-07-19T20:20:17,3,गलत या कम प्रोडक्ट आने पर रिटर्न या रिफंड नहीं होता,https://play.google.com/store/apps/details?id=com.grofers.customerapp&reviewId=6a1b4bec-e16e-4d32-a266-11d55b9520e7
play_store,2026-07-19T20:17:49,4,ask delivery person to deliver at home,https://play.google.com/store/apps/details?id=com.grofers.customerapp&reviewId=928fd1c2-492d-4b26-87a1-8580075f2770
play_store,2026-07-19T20:17:27,5,"this is too good app,,,,,,i like this app,,,,,,",https://play.google.com/store/apps/details?id=com.grofers.customerapp&reviewId=5f056d0c-5be7-4990-84ba-174215e7464d
play_store,2026-07-19T20:15:02,1,uts completely fooling us by giving there own time and then delay delivery,https://play.google.com/store/apps/details?id=com.grofers.customerapp&reviewId=275998f5-ed13-4a0a-be32-41bc4bf9054a
play_store,2026-07-19T20:14:39,1,took money for delivery and handeling but always late arrive,https://play.google.com/store/apps/details?id=com.grofers.customerapp&reviewId=f36b4a79-7043-4965-b256-af4b4c6ba9cb
play_store,2026-07-19T20:13:08,1,"Hello Blinkit Support Team, I am facing an issue with the Blinkit app. Whenever I open the app, it shows ""Location Unavailable"" and I am unable to access the service or place any orders. My location services are turned on and internet connection is working properly, but the issue still persists. Kindly check and resolve this problem as soon as possible. Please let me know if any additional information is required. very worst app Thank you.",https://play.google.com/store/apps/details?id=com.grofers.customerapp&reviewId=e17a436e-e2df-426c-b6c1-4d20bf785fcf
play_store,2026-07-19T20:11:31,5,bhoth acha app hai bhoth achhi service bhi h emergency m h kuch bhi ghr baithe mnga skte haii,https://play.google.com/store/apps/details?id=com.grofers.customerapp&reviewId=57499d17-ad19-41d5-8c35-c67e8d4ca4ca
play_store,2026-07-19T20:10:17,1,Now asking online payment no cash on delivery,https://play.google.com/store/apps/details?id=com.grofers.customerapp&reviewId=8a6f2071-6090-47c2-94d3-b87bc44e1a8b
play_store,2026-07-19T20:09:31,1,"The most horrible delivery app there is, the team has blocked any attempt to reach customer support, you're trying your luck if you do a prepaid order, order from other apps, because anything associated with Zomato will be a scam.",https://play.google.com/store/apps/details?id=com.grofers.customerapp&reviewId=e030c217-426f-4499-8a3e-9ff5c1a7626c
play_store,2026-07-19T20:07:37,5,awesome.. my go to app in emergency,https://play.google.com/store/apps/details?id=com.grofers.customerapp&reviewId=95adde35-9c15-45b9-a8fe-e5f7367b09d9
play_store,2026-07-19T20:04:08,1,"😞 Very disappointing support. I accidentally ordered the wrong electronic item and contacted Blinkit within 5 minutes of delivery. The product was unused and unopened, but there was no return option, no live chat, and no way to contact a real support agent. I even uploaded the requested video, but got no help. Genuine customer issues deserve better support. Please improve your customer service. 💔",https://play.google.com/store/apps/details?id=com.grofers.customerapp&reviewId=079d0645-8beb-4b6b-99c6-8a92e844a87d
play_store,2026-07-19T20:03:01,5,best and fast process thankyou blinkit team,https://play.google.com/store/apps/details?id=com.grofers.customerapp&reviewId=b5ed7f00-8e36-431d-b5c8-edf4db475f97
play_store,2026-07-19T20:01:13,1,"it is regular practice in delivery time many items missing, i had two experience.",https://play.google.com/store/apps/details?id=com.grofers.customerapp&reviewId=d4f8ae23-067d-4e44-83c1-7319df58ce4a
play_store,2026-07-19T20:00:19,1,worst service for returning products they will do big drama only,https://play.google.com/store/apps/details?id=com.grofers.customerapp&reviewId=d204273a-f1d5-4f36-b5c7-5557792c2e4e
play_store,2026-07-19T20:00:02,5,Blinkit is my best Door Friend,https://play.google.com/store/apps/details?id=com.grofers.customerapp&reviewId=32c77acd-37e2-4754-aabe-3f40a2db32b8
play_store,2026-07-19T19:59:22,4,It is a very good app but sometimes the address will show that it will come to our destination but it will come a little bit away from the destination so I request you to please solve this problem .,https://play.google.com/store/apps/details?id=com.grofers.customerapp&reviewId=c93f9ce3-41a2-41ce-b5c4-c25c18710693
play_store,2026-07-19T19:58:08,4,nice app help us but little be more polite to customer please,https://play.google.com/store/apps/details?id=com.grofers.customerapp&reviewId=aa39d456-6041-4844-a815-758b754174ea
play_store,2026-07-19T19:57:39,2,very bad considering that it should be fast,https://play.google.com/store/apps/details?id=com.grofers.customerapp&reviewId=fccd67dc-df7a-4afc-bf1b-4a5cb5297a9a
play_store,2026-07-19T19:55:54,5,This is a very good app.,https://play.google.com/store/apps/details?id=com.grofers.customerapp&reviewId=fef03f74-3616-498c-9454-993c0dc02ff9
play_store,2026-07-19T19:54:53,5,I love this app. Their service is great.,https://play.google.com/store/apps/details?id=com.grofers.customerapp&reviewId=39161a3f-ef34-4302-a279-a8d75d39896e
play_store,2026-07-19T19:54:18,1,fraud app....free gift karke gift add karte he list me but free gift nahi milta.bill me bhi free gift karke add karte he .koi fraud kar rahe he ye log.,https://play.google.com/store/apps/details?id=com.grofers.customerapp&reviewId=c774075e-e087-47b4-b9da-94d9bc4ed010
play_store,2026-07-19T19:51:13,5,it's good and interface soo good 😊👍,https://play.google.com/store/apps/details?id=com.grofers.customerapp&reviewId=5c70be1d-d85f-4dae-9b58-2b46aae459eb
play_store,2026-07-19T19:50:39,5,yes yes yess ! I get the dyson hair set in free 😆😆😆😆,https://play.google.com/store/apps/details?id=com.grofers.customerapp&reviewId=ba460a27-d1ca-480d-a4df-dc8264c5179e
play_store,2026-07-19T19:50:32,5,easy to accessible & more convenient app for the customers ... satisfaction at most point @ fully satisfied 🙂,https://play.google.com/store/apps/details?id=com.grofers.customerapp&reviewId=e4532eef-3ea1-4b41-827b-8df14baa910f
play_store,2026-07-19T19:50:06,5,"good service, big fan of the founder deependar Goyal",https://play.google.com/store/apps/details?id=com.grofers.customerapp&reviewId=d9274cc0-5de3-4a51-a9ab-565d9f678c4a
play_store,2026-07-15T11:44:17,1,"I ordered one product through the app, but when the package was delivered, I received only an empty box. The biggest concern is not just the missing item but the complete lack of accountability. Customers place orders with the expectation that they will receive what they have paid for. If an item is missing from a sealed package, there should be a proper investigation, including checking the packing process, delivery records, or any available evidence. Instead, my complaint was simply dismissed.",https://play.google.com/store/apps/details?id=com.grofers.customerapp&reviewId=a6b20c27-2399-4b29-b498-39f6aa9cbe35
play_store,2026-07-12T20:58:22,1,Very fradulent and predatory business. you first add something to the cart on which they add delivery and surcharge. To avoid that you add items you didn't even need in the first place. Then you spend time fiddling with coupons and offers. only to realize that when order is delivered your original item was not delivered. They offer refund but will I get the item delivered in that price? should I add another set of completely useless items again?,https://play.google.com/store/apps/details?id=com.grofers.customerapp&reviewId=dab56257-a726-426c-8bbd-92bfa9050c04
play_store,2026-07-07T21:06:35,2,The app runs well as long as we don't need to write grievance. I have been receiving opened packs of products for last three orders continuously and there is no way I can place a complain properly. Only a chatbot that allows us to get re-delivery or refund. They even redeliver again some half opened pack. Blinkit has deteriorated their service.,https://play.google.com/store/apps/details?id=com.grofers.customerapp&reviewId=7887fa2f-0d83-4814-8a8d-d632cf9a2f4d
play_store,2026-07-15T18:36:26,5,"Amazing service by Blinkit! 💛 Living in a remote area, I never expected essentials to be so easily accessible. Whether it's a small everyday item or something bigger, I can order it in just a few clicks and have it delivered with ease. It has made my life so much easier, more convenient, and stress-free. Thank you, Blinkit, for making everyday living so comfortable! 🙌",https://play.google.com/store/apps/details?id=com.grofers.customerapp&reviewId=63e37007-0320-4eae-bfa7-676f3f84c3f4
play_store,2026-07-14T09:09:21,1,"I had a very bad experience with this app. I ordered 4 items, but only 3 were delivered. When I contacted customer support to report the missing item, they simply claimed that all 4 items had been delivered and did not take any action to investigate or resolve the issue. This was extremely disappointing. I paid for 4 items but received only 3, and the support team refused to help. Based on my experience, I cannot recommend this app for quick deliveries. I expected better customer service.",https://play.google.com/store/apps/details?id=com.grofers.customerapp&reviewId=878c1c2b-7b20-4f09-ba5a-73fb33c71161
play_store,2026-07-14T09:00:28,5,"⭐⭐⭐⭐⭐ Blinkit has made grocery shopping incredibly convenient. The app is easy to use, deliveries are usually very fast, and the products are fresh and well-packed. I appreciate the wide range of items available and the reliable service. It saves me a lot of time, especially during busy days. Overall, a great app for quick and hassle-free shopping.",https://play.google.com/store/apps/details?id=com.grofers.customerapp&reviewId=7264f7a4-a960-44cc-9114-5f603070198a
play_store,2026-07-14T14:48:36,4,"I'm happy with Blinkit overall. The customer care service is very good and helpful. However, I've noticed that some products like milk and almonds don't always have a clearly visible expiry date. Also, milk has curdled several times after delivery. The return process works, but it takes time and causes inconvenience. Please ensure that expiry dates are clearly visible and that perishable items are checked properly before delivery. This would make the overall experience much better.",https://play.google.com/store/apps/details?id=com.grofers.customerapp&reviewId=08683303-220e-4b70-b7ea-2a83ee03b256
play_store,2026-07-10T13:47:04,1,"Always charging Surcharge amount on top of handling fee, even after adding items worth more than 1000/- in kart. That too not in any rush hour or bad weather, in a well connected metro city. Just another app for robbing people in the name of little convenience. Also, they have even the basic essentials always 'out of stock'. Hope it shuts down soon.",https://play.google.com/store/apps/details?id=com.grofers.customerapp&reviewId=7410de40-13bd-483b-8e29-eab59b4d5c1c
play_store,2026-07-07T10:24:15,5,"Blinkit is one of the best quick delivery apps I have used. The app is easy to navigate, the delivery is usually very fast, and there is a wide variety of groceries, daily essentials, and other products available. The packaging is good, and customer support is helpful whenever there is an issue. It saves a lot of time, especially during busy days. Overall, I am very satisfied with the service and would definitely recommend Blinkit to others.",https://play.google.com/store/apps/details?id=com.grofers.customerapp&reviewId=ddc0f139-7032-4c91-9c68-1899f9745d56
play_store,2026-07-08T13:44:42,1,"If you place an order, it only arrives on time—that's about the only good thing. If something gets ordered by mistake, you can't even cancel it. Blinkit delivers items quickly, but their customer service is very poor. Even after sending photos as proof, they still claim that everything is fine with the order. Even if the product has a bad smell, they don't accept it. There is no refund, no proper customer support, and they don't help resolve the issue.",https://play.google.com/store/apps/details?id=com.grofers.customerapp&reviewId=0d181449-e158-42db-b9b7-ab98fa4a3b53
play_store,2026-07-11T09:49:42,1,"The pricing on Blinkit feels inconsistent. The same product can have one price in the morning, a different price in the evening, and another price the next day, which makes the pricing seem unpredictable. I have also noticed that sometimes a packing fee is charged, but the items are delivered without any bag and are simply handed over. Another issue is with product availability. If I order from a new phone number, I can see and purchase several 1 kg rice packs. However, when I order from my",https://play.google.com/store/apps/details?id=com.grofers.customerapp&reviewId=6289f61a-6903-422e-abd5-caa301ce8e51
play_store,2026-07-08T19:12:39,1,"Very disappointing experience. The product page clearly mentioned ""7 Days Easy Return – Hassle free return or exchange for size issues."" However, when I requested an exchange due to a size issue, it was denied by citing conditions that were never disclosed at the time of purchase. Customer support only apologized but failed to provide any solution. Buyers should take screenshots of the return policy before purchasing. Poor after-sales service and misleading customer experience. Not recommended.",https://play.google.com/store/apps/details?id=com.grofers.customerapp&reviewId=a79fd8e0-0d8f-4eb4-ac16-49c36de18458
play_store,2026-07-09T13:46:21,2,"Blinkit is overpriced. It charges high price for vegetables and fruits as compared to the market. It also charges Rs 5 as handling fee which other online shopping apps doesn't ask for. We use blinkit only in case of emergency when items are not available on other apps, otherwise we usually don't like to use blinkit because of its high price for everything. It doesn't even provide discount on items. Not worth to pay double price as compared to market for stale things. A total waste of money.",https://play.google.com/store/apps/details?id=com.grofers.customerapp&reviewId=8c521845-68a1-44ee-a5ba-7295ff6e02df
play_store,2026-07-09T19:21:25,1,"Absolute fraud! Placed my 1st prepaid order for 4 items. Blinkit unilaterally changed it to 3 items and marked it ""amended & delivered"" to hide the missing item. Instead of refunding, they adjusted and distributed the price of all 4 original items into the 3 delivered items! They literally inflated the prices post-purchase to pocket my full prepaid money. This is blatant invoice manipulation and cheating. First and last time using this app. Avoid prepaid orders!",https://play.google.com/store/apps/details?id=com.grofers.customerapp&reviewId=73292ee6-f616-44a5-9e75-cb0559cb64de
play_store,2026-07-10T22:58:52,5,blinkit is a really good app for affordable and getting anything delivered anytime. The only problem is the lack of cancellation or return option. Why isn't there a clear return or cancellation button but instead an ai assistant that makes 0 sense and doesn't work properly. Maybe actually keep a real person for the customer chat and not automated chat as it is very difficult to access.,https://play.google.com/store/apps/details?id=com.grofers.customerapp&reviewId=3ee667b2-515b-4fff-ac9f-6be68c123ba0
play_store,2026-07-08T09:58:15,1,"Every time I urgently need something, it's always marked ""Out of Stock."" What's even more frustrating is that these items often stay unavailable for a long time instead of being restocked quickly. If essential products aren't available when customers need them the most, it defeats the whole purpose of a quick delivery service. Blinkit really needs to improve its inventory management because this has become a repeated and disappointing experience.",https://play.google.com/store/apps/details?id=com.grofers.customerapp&reviewId=41877234-1b13-4e55-9145-b64dce5591e1
play_store,2026-07-14T22:15:55,5,"Blinkit has officially become my 'I forgot' button. Whether it's groceries, snacks, or a last-minute emergency, they somehow arrive before the panic does. The speed is impressive, but the consistency is what keeps me coming back. If teleportation ever gets invented, I'm convinced the Blinkit team will be behind it. Until then, this is probably the closest thing to it. 🚀💛",https://play.google.com/store/apps/details?id=com.grofers.customerapp&reviewId=c5a93d08-9711-45de-83ca-f187e44d888e
play_store,2026-06-25T12:03:15,1,"Very disappointing service. This isn't a one-time issue—it happens repeatedly. When ordering multiple items, some are often left out, and the excuse is always, ""We forgot."" Even after paying extra for priority delivery, they keep customers waiting for hours. Extremely careless service from such a big brand. Would not recommend.",https://play.google.com/store/apps/details?id=com.grofers.customerapp&reviewId=49c2cfac-2c68-450d-8039-b6b1e90a2daf
play_store,2026-07-09T20:20:49,5,"⭐⭐⭐⭐⭐ Excellent Service! Blinkit has made shopping incredibly convenient. The delivery is impressively fast, the app is easy to use, and the products are fresh and well-packed. I appreciate the wide range of groceries, household essentials, and daily needs available at competitive prices. The delivery partners are courteous, and my orders have consistently arrived on time. Overall, Blinkit has saved me both time and effort. Highly recommended for anyone looking for a reliable and efficient.",https://play.google.com/store/apps/details?id=com.grofers.customerapp&reviewId=300b6eef-3ad0-46e8-8fec-486b86f415ac
play_store,2026-07-13T17:58:24,5,"Hands down the best quick delivery app in India!!! Reasons for 5 stars: 1) quick delivery, never faced delivery time of beyond 10 minutes. 2) product restocking - generally Bigbasket or any other apps take 2-3 days for restocking the sold out items but here in maximum 24 hour of timeframe the item will be available again. 3) quick assistance for order cancellation and even quicker refund process. 4) the UI of the app itself is worth of 5 stars (Jiomart dev's should learn something from it).",https://play.google.com/store/apps/details?id=com.grofers.customerapp&reviewId=3b2fb240-7ea6-4325-83b1-f97a76acc22b
play_store,2026-06-05T21:57:45,1,"ordered cheery but rececived I ordered cherries, but the quantity I received was significantly less than what I paid for. When I contacted customer support, they repeatedly asked for photos as proof. However, I do not understand how a photo can accurately show the quantity that was delivered versus what was ordered. Despite multiple complaints, no action was taken. In the end, I was simply informed that the item had already been sold and that nothing could be done. As a result, I was charged fo",https://play.google.com/store/apps/details?id=com.grofers.customerapp&reviewId=9695337d-d373-43fe-bc88-194dc4fce437
play_store,2026-07-11T11:08:00,1,"I am extremely disappointed with Blinkit. I informed your team that my brother had recently passed away, so I was unable to go to the market. Because of this, I placed an online order worth around ₹10,000 for essential items. When the order arrived, some products were missing. I reported the issue immediately. First, your customer support assured me that the missing products would be sent. Later, I was told I would receive a refund. In the end, neither the missing products nor the promised refu",https://play.google.com/store/apps/details?id=com.grofers.customerapp&reviewId=88895801-0339-4d8c-bba6-506a6ee26bf2
play_store,2026-07-10T22:36:54,1,"using this was total disaster. I ordered a product from blinkit, the amount was deducted from my account and they mentioned it as failed delivery and mentioned my money would be refunded in 5days !! like what do you mean 5 days!! what if I needed that product now and didn't had extra money to order it again. like it's trash. what do y'all think of customers. the customer support wasn't even showing my issue. update- i didn't received the refund either. while the app was showing it has !!!",https://play.google.com/store/apps/details?id=com.grofers.customerapp&reviewId=c462a553-eb03-4dd2-a3b8-16940088585a
play_store,2026-07-11T13:53:37,1,"I've complained about this issue over 10 times but nothing has changed. Blinkit keeps packing heavy items like milk in thin paper bags that tear, leaving my groceries scattered across the floor. Customer support only repeats, ""Sorry, it won't happen again,"" yet it always does. Offering a ₹9 handling charge refund is not a solution. Poor packaging, poor customer service, no accountability. I wouldn't recommend ordering heavy items from Blinkit.",https://play.google.com/store/apps/details?id=com.grofers.customerapp&reviewId=581bf5fe-ab42-4c13-93da-b41c4058b9c0
play_store,2026-07-07T17:55:24,1,"I accidentally made a payment on the Blinkit app about 6 weeks ago without placing an order. I received a message saying that the amount would be refunded within 7 working days, but I still haven't received my money. When I contacted the help desk through chat, I couldn't reach a customer support representative. I keep getting the same automated response saying that the refund will be processed within 7 days. This delay is unacceptable. If my refund is delayed any further, I will be forced to",https://play.google.com/store/apps/details?id=com.grofers.customerapp&reviewId=fc645432-d0d5-466d-913d-1f5790590b22
play_store,2026-06-06T19:29:11,1,"You can write the review like this: > Very disappointing experience with Blinkit. I ordered one product, but a different lower-quality product was delivered. However, I was charged the full amount for the higher-quality product I originally ordered. I reported the issue and even sent an email, but I did not receive a proper response. The price difference has also not been refunded. I would advise customers to carefully check their orders after delivery, as mistakes like this can result in payin",https://play.google.com/store/apps/details?id=com.grofers.customerapp&reviewId=c4b33d0c-1f9c-4b1e-8fec-bc1614531eef
play_store,2026-07-07T13:25:50,2,"Two major issues. Saved Address LOCATION is forgotten/overridden by live/current location. This happens regularly but intermittently, and once an order is placed, delivery persons are following the current location instead of saved location. Shopping cart randomly becomes empty on its own. I don't think sessions are being handled properly by this app.",https://play.google.com/store/apps/details?id=com.grofers.customerapp&reviewId=3aca7289-327d-423c-8dd6-2e0b1a1020da
play_store,2026-07-05T10:47:52,1,"Very poor customer support. There is no chat or customer care number to contact. I received a defective product, and the only option was email. The replies were generic and did not provide any proper solution. They never tried to contact me, yet claimed I was unreachable. Instead of resolving genuine issues, they make excuses. This experience was frustrating and disappointing. Customer service needs significant improvement.",https://play.google.com/store/apps/details?id=com.grofers.customerapp&reviewId=c331cc06-4447-4311-9f8d-0b1cd7bb5580
play_store,2026-07-05T19:48:12,5,"Fantastic service and incredibly fast! Blinkit has completely changed how I shop for daily essentials. The delivery truly takes less than 10–15 minutes, and the items always arrive well-packaged. The app is super easy to use, and I love that they carry everything from groceries to electronics now. Highly recommended!",https://play.google.com/store/apps/details?id=com.grofers.customerapp&reviewId=ce0a0492-ff46-45ee-bd27-9abef871e5e6
play_store,2026-07-15T09:39:51,1,"I added items to cart for free delivery, but at payment time one item was removed due to out of stock. Then delivery charges were added without my consent. Support said there may have been a banner, but if there is a celebration pop for free delivery, there should also be a clear warning pop when extra charges are added. Chkot UX is pathetic, with too many ads and recs, making the cart confusing and misleading. Another way of misldng ppl for money.Item price and del chg wr same,so pmt amt no chg",https://play.google.com/store/apps/details?id=com.grofers.customerapp&reviewId=3c9a54bf-4270-4fbf-8320-190664074644
play_store,2026-07-10T17:50:41,1,Worst app. Fully scam. I ordered for first time. The delivery guy asked to cancel and didnt picked the call further. After that it is showing the order is delivered. I approached to the support in blinkit app. There also no help come. Now its saying they cant help as 24 hour is not over. This app in the name of quick delivery just scaming. They dont have any control over the delivery boy. Fully fraud app. Without receiving how it can say that the delivery is received.,https://play.google.com/store/apps/details?id=com.grofers.customerapp&reviewId=ca2e4e3c-87e1-447a-ba63-ab8bef9a51df
play_store,2026-07-08T18:20:52,5,"I can't buy a single thing on its actual price. like, when I want something that is only 50rs blinkit will ask for delivery charges and I'll get that 50rs thing in 80rs and then I'll have to add something else so that my amount can reach 100 and then the delivery charges got remove but then there comes handling charges. and like that I always have to buy more than what I want. but as I know that it's actually reasonable I don't mind it. otherwise the app is absolutely great!!! thanks blinkit!🤍",https://play.google.com/store/apps/details?id=com.grofers.customerapp&reviewId=d305736e-8776-4d53-9b6f-1223fa284f9d
play_store,2026-07-04T19:01:40,5,"It's a great app, I've been using it for long time and i haven't faced any problem, the delivery is incredibly fast, most orders arrive within 10 minutes, today i order something and get it in just 7 minutes. Also the customer care is very good, few days ago I got damaged product then i call them they respond very well and sends me a fresh new product in few minutes, my overall experience is so good",https://play.google.com/store/apps/details?id=com.grofers.customerapp&reviewId=5af607b8-5471-4366-950b-b3d18613bc24
play_store,2026-07-03T20:54:58,1,"I placed the order only once, but it failed three times due to a technical issue on your end. Suddenly, all three orders became active, which is completely unacceptable. How can the same order become active three times? Your customer support service has also been very disappointing. This issue was caused by your system, not by me. If the orders were cancelled, the refund should have been processed immediately. Please either arrange a return for the extra orders or issue my refund as soon as",https://play.google.com/store/apps/details?id=com.grofers.customerapp&reviewId=a59409e4-f16b-409c-aa58-0ede5ac6e38a
play_store,2026-06-30T18:37:23,1,"Always store is unavailable, sometimes due to rain, due to high demand, sometimes can't deliver to your location. in my area there is no other substitute to blinkit so there no way to shift on other app. but one thing is, I was dependent on the app when it was working fine. but because of these issues I started back to my routine again after office take groceries by your own don't depend on these apps.",https://play.google.com/store/apps/details?id=com.grofers.customerapp&reviewId=7ba27d40-0d77-4589-8d11-46eeafb70398
play_store,2026-06-26T18:30:32,2,"Blinkit has made grocery shopping incredibly convenient. The delivery is consistently fast, and the app is easy to navigate with a wide range of products available. I especially appreciate the fresh produce and reliable packaging. While some items occasionally go out of stock during peak hours, the overall experience has been smooth and time-saving. A great option for anyone looking for quick and hassle-free deliveries.",https://play.google.com/store/apps/details?id=com.grofers.customerapp&reviewId=d85f23b2-f861-4b08-9f04-abf91f2bafda
play_store,2026-07-04T06:49:11,1,"Very disappointing experience. I received a faulty product that turns ON and OFF automatically right out of the box. Instead of replacing the defective product, Blinkit kept asking me to contact the brand, even though I purchased it from Blinkit. A seller's responsibility is to deliver a fresh, defect-free product, not shift the burden to the customer. Poor after-sales support and no accountability. I expected better service from Blinkit. I would not recommend buying electronic products.",https://play.google.com/store/apps/details?id=com.grofers.customerapp&reviewId=3f413ab8-3f10-4f86-be9e-e7ae5b215b9c
play_store,2026-07-02T20:46:15,1,I had a very bad experience with a blinkit product a day ago. I ordered a set of sketch colors which were completely dry even without using them. So the app said that the products could only be replaced not returned. Therefore we replaced those dried sketches and received a new one . Now that too are not working and neither we're able to replace nor return the item. They have now stopped taking out complaints which is not at all fair for us. We want to return the product now.,https://play.google.com/store/apps/details?id=com.grofers.customerapp&reviewId=4b048bf1-6f52-4d70-b107-e6bac3f7c978
play_store,2026-07-08T11:10:49,1,"Very poor experience. My first payment was deducted, but the app showed it as failed. Because of that, I had to pay the delivery partner again to receive my order. I ended up paying twice for the same order. Despite raising the issue, I still haven't received the refund for the first payment. This is very disappointing. Customers should not have to struggle to get their own money back. Please improve your payment and refund process.",https://play.google.com/store/apps/details?id=com.grofers.customerapp&reviewId=d919f792-0902-4fe1-9f9c-3054adef4024
play_store,2026-07-03T15:23:19,1,"Absolutely the worst shopping app I've ever used. When I reached the payment page, almost every payment method was unavailable. No UPI, no debit/credit cards—only Amazon Pay Balance was showing. Thinking that would solve the issue, I added ₹1,800 to my Amazon Pay Wallet, but then the app started showing **""Payment method not available due to a technical issue.""** After that, I added the same ₹1,800 to my Blinkit Wallet, and unbelievably, I got the exact same error again. Now my mone",https://play.google.com/store/apps/details?id=com.grofers.customerapp&reviewId=d7d7314e-dbdc-4a97-88b1-80df95409eae
play_store,2026-07-02T11:09:18,1,"I order from Blinkit regularly, yet almost every delivery partner calls multiple times asking where my location is, even though it's correctly pinned in the app. Some even ask me to come downstairs to collect my order. This defeats the purpose of doorstep delivery. Please resolve your location mapping issues and ensure a better customer experience.",https://play.google.com/store/apps/details?id=com.grofers.customerapp&reviewId=976c57ff-41b7-4469-a2cd-1e518c63ada1
play_store,2026-06-06T11:02:51,1,"Purchased the ANT Esports Wi-Fi Adapter from Blinkit on 20 May 2026. The adapter worked properly for only about a month before it stopped detecting Wi-Fi networks, making it unusable. This is especially disappointing because the product is advertised with a 1-year brand warranty. A Wi-Fi adapter should not develop issues within a few weeks of normal use. I would appreciate a refund or a better replacement.",https://play.google.com/store/apps/details?id=com.grofers.customerapp&reviewId=40189935-3dd7-47b9-9d6c-8047544d1ec6
play_store,2026-06-07T17:16:06,1,"Worst service ever. This is my least favorite app to use. They don't provide immediate returns when something is ordered by mistake. On top of that, they often sends incorrect orders, causing inconvenience to customers. When they make a mistake, they simply say ""sorry."" But when a customer missorder something, they start talking about rules and policies. Should provide immediate return option for selected items.",https://play.google.com/store/apps/details?id=com.grofers.customerapp&reviewId=59916dca-1768-4e94-b3ba-9e70f6022f43
play_store,2026-06-18T09:05:33,1,Turning out to be the worst app day by day. First they gave me a coupon for 1 week free nongshim but I was not able to redeem it. I raised a complaint then after a few hours the coupon just disappeared without any trace. It really ruined my experience. edit: no resolution given when I contacted support they were just trying to prove me wrong.,https://play.google.com/store/apps/details?id=com.grofers.customerapp&reviewId=382a4ea4-1e62-4ede-9332-b2094326c02c
play_store,2026-06-02T09:55:28,5,"Blinkit has made grocery shopping incredibly convenient. The app is easy to use, offers a wide range of products, and delivers orders very quickly. Most of my orders arrive within minutes, and the items are usually fresh and well-packed. The delivery partners are polite, and the real-time tracking feature is helpful. While some products can occasionally be out of stock, the overall experience is excellent. Highly recommended for anyone looking for fast and reliable grocery delivery.",https://play.google.com/store/apps/details?id=com.grofers.customerapp&reviewId=e343fbce-81b9-4109-8de9-901cfadbc19f
play_store,2026-07-06T18:59:01,5,"Blinkit is very helpful. Most of the time, my orders are delivered within 8–10 minutes, provided there are no weather-related issues. The delivery partners are always polite, professional, and well-behaved. The only thing I don't like is the ₹30 delivery charge on orders below ₹200. I think this could be improved. Overall, Blinkit is one of the best quick delivery services. Highly recommended!",https://play.google.com/store/apps/details?id=com.grofers.customerapp&reviewId=7c98999a-b037-45bb-a62b-846477c80331
play_store,2026-06-10T13:41:19,1,"I cancelled an order worth approximately ₹266, but the refund was not credited back to my original payment method. Instead, Blinkit issued the amount as a coupon without providing any option to choose between a refund to the source account and store credit. This approach is disappointing, as customers should have the right to decide how they receive their refund. Moreover, the coupon issued is not easy to utilize, making the situation even more inconvenient.",https://play.google.com/store/apps/details?id=com.grofers.customerapp&reviewId=0358ef03-8390-4c7b-b3c5-b38c372998fa
play_store,2026-05-19T13:47:27,1,"don't buy from blinkit. it was all good before, but nowadays they are scamming there customers. I had received twice or thrice the different item from which I had ordered and even after complaining, they send me again other item instead of the one I ordered. That was ok , coz atleast I got something from the money I used. But recently I had ordered few items from the blinkit , but one of the item was missing. even after complaining they dint resolve my issue. N took my money.worst app!!!",https://play.google.com/store/apps/details?id=com.grofers.customerapp&reviewId=3cd7b32f-1409-455f-8eab-982843b839bb
play_store,2026-06-10T17:13:22,1,"Very disappointing experience. My order was accepted, a rider was assigned, and after making me wait for a long time the order got cancelled. It was already very late at night, and because of this I could not arrange food elsewhere easily. Support was unable to provide any proper solution or replacement order. This caused unnecessary stress, inconvenience, and wasted my time completely.",https://play.google.com/store/apps/details?id=com.grofers.customerapp&reviewId=1dea7d3e-8310-40eb-a1fb-f0de10739b92
play_store,2026-05-16T01:29:46,1,"Missing items in an order is a common issue with most online delivery portals, most of them acknowledge and issue a refund automatically. All except Blinkit. It has happened to me multiple times in the past, with the most recent instance being 45 minutes back. They will sit on it silently, praying that the customer does not notice. Either their systems are broken to allow for issue discovery, or they have adopted this as a policy to cut their losses at the expense of the customer. Buyer beware!",https://play.google.com/store/apps/details?id=com.grofers.customerapp&reviewId=f6492de8-5a09-44d4-a723-196801ae0a03
play_store,2026-04-21T13:56:13,1,"The customer PAYS for an item -> Receives an EMPTY box -> The support team says; ""I understand your point of view. If I were in your position, I would feel the same, but trust me, it is not possible from our end to cater to this request, as we have confirmed from the delivery team that all items have been delivered to you.""",https://play.google.com/store/apps/details?id=com.grofers.customerapp&reviewId=d4317f2d-a510-40c3-ab79-dbf0d67f6e99
play_store,2026-07-12T11:34:02,1,"An unsealed intimate item was delivered , when raised concern with support , they said it's just packing issues , and we guarantee it's safe to use. I mean how can they even give such a surety, in short don't expect any standard I throwed away the product. Something are unacceptable and Blinkit should uphold basic standards. Application is great 👍🏻 ,",https://play.google.com/store/apps/details?id=com.grofers.customerapp&reviewId=c2290f78-7052-4014-8764-b00694e78691
play_store,2026-07-14T14:46:36,2,"I am a Blinkit customer and had ordered a product (Ant Esports GM40 RGB Optical Wired Gaming Mouse) from the platform. Due to a technical issue on your end, my online transaction got stuck in the processing stage, and I was given a date of July 14, 2026. Today is July 14, yet I have not received the refund, and the order history is no longer visible on the Blinkit platform. My point is that when we place an order on Blinkit and an issue arises on your side, the customer is forced to send emails",https://play.google.com/store/apps/details?id=com.grofers.customerapp&reviewId=b8db02df-85a6-45c8-8869-b69adea33065
play_store,2026-07-13T19:04:48,4,"Blinkit is a truly reliable and easy to use UI and has variety of products. The reason why I gave 4 stars is because of backdoor scalping happening in the designated store near me i really hate this, just recently I checked the hotwheels section and there were several premium hotwheels mentioned coming soon or live by 10 pm but within 1 or 2 hrs they were out of stock, they never went live.",https://play.google.com/store/apps/details?id=com.grofers.customerapp&reviewId=37b68b2b-89d4-48ae-863d-4a3138fa113a
play_store,2026-07-09T13:39:07,4,"Blinkit was the first grocery app I used and it was good too. Good offers,good quality and quick delivery. But then there are competetor app which are giving good stuff with little better offers so I personally use blinkit and zepto alot. Also please broaden the delivery areas so that we can order from remote areas also. Thankyou for good experience and keep giving good prices and fine quality products.",https://play.google.com/store/apps/details?id=com.grofers.customerapp&reviewId=c458a8ee-311f-4ce4-a518-716aa77378fc
play_store,2026-07-09T16:39:08,5,"i usually don't review any app or website but blinkit is genuinely a great app to order the groceries. what ever i want , is on this app . it really reduced my burden a lot because before blinkit I used to go a long way to the market by myself but now I can see the daily uses on my doorstep just due to blinkit. Dilivery is just soo fast , employee's behaviour is great and the quality of food and goods are brilliant . so for me blinkit is the best app I've ever seen.",https://play.google.com/store/apps/details?id=com.grofers.customerapp&reviewId=7956086b-f9a4-48fe-8265-708ed15eb523
play_store,2026-07-10T07:11:44,4,"10th. July. Getting dissatisfied. It shows 8 mins to deliver while ordering, once the order is placed it skips to 18mins. So actually it will be delivered in 20-25 mins in real time. Is it time to look out for new options? Been using the app for years now. But currently facing problem as the delivery person is being shown some other route to my residence on map. Please look into the matter as it's an inconvenience to both the delivery person & customer.",https://play.google.com/store/apps/details?id=com.grofers.customerapp&reviewId=d98545e1-da7c-48c6-b3a4-b7fa14093829
play_store,2026-07-12T18:04:52,1,"Worst customer service. I have ordered Boat ear bud, which I found dirty after opening the box. While connecting with customer care, they have told that they can't do anything and I have to use this used product . Can't imagine pathetic customer service like this from any other platform. I will ask everyone not to buy anything from Blinkit.",https://play.google.com/store/apps/details?id=com.grofers.customerapp&reviewId=58f291d2-d6c7-4f79-91df-c390ded2d84c
play_store,2026-07-14T09:55:14,1,The order was not delivered and it showed in aap delivered. I paid extra as a rain surcharge as well. Post raising complaint they said checked with delivery partner it was delivered. Very pathetic after sale service. Seriously no otp verification during delivery. Guys don't order any valuable items. I saved since the order value was only 374.,https://play.google.com/store/apps/details?id=com.grofers.customerapp&reviewId=961dbaac-b002-4224-93fa-48f8ffff082c
play_store,2026-07-15T14:53:20,1,Blinkit is the worst app for grocery shopping. Most of the products are either expired or broken when received. They don't even issue refunds and customer service is so bad. They don't have any reply to customers even after sending proofs of damaged items. Not going to waste my money here.,https://play.google.com/store/apps/details?id=com.grofers.customerapp&reviewId=7ec0f7c9-c13d-4c13-b670-3e395b4ebede
play_store,2026-07-15T09:10:19,4,"#1.Under ""Order history"" section, could you please add a TAB for PENDING RATING orders, upon clicking on which all the orders (which I haven't yet rated) loaded in front of me. Because in current situation, post rating an old order, it refreshes the list and scroll back to top, that's too much irritating to scroll down back to pending ones, please do something. Also add one tab for ALL orders, which shows all order again. #2. Please add feedback section with feedback history in app. Regards,",https://play.google.com/store/apps/details?id=com.grofers.customerapp&reviewId=a78eea5c-14fa-4af8-936f-5c73df489557
play_store,2026-07-09T01:13:38,1,"Over rated, for example : a product of 100, they charge 140, a 40% additional charge... If failed, to deliver they refund 100... 99% of the times they fail to deliver. Worst of all, there's no way to contact 1. Store 2. Customer Care 3. Delivery Partner",https://play.google.com/store/apps/details?id=com.grofers.customerapp&reviewId=a106c109-8459-408b-887d-c5d95c1bdf0d
play_store,2026-07-10T13:13:43,1,"The delivery partners assigned are very rude and irresponsible. I had to cancel my order ( ice cream )just for him,as he asked me to collect order from some other place very rudely. I have imported my permanent address from Zomato and also allowed my precise location to blinkit app. The delivery person was very rude and I also directed him my address via 🤙 call but he asked me to collect order from some other area . I won't suggest any one to use this app only for the delivery person.",https://play.google.com/store/apps/details?id=com.grofers.customerapp&reviewId=4f1ebc4f-5e68-45af-9b70-500998f4dbe1
play_store,2026-07-14T12:06:15,1,worst instant delivery platform ever cause there have been no issues to get your sort out your issues and moreover it has issues regarding cancellation refund etc sometimes they do not accept the cash on delivery sometimes they increase the charge too much regarding the handling charge delivery charge and some type of small cart charge.,https://play.google.com/store/apps/details?id=com.grofers.customerapp&reviewId=5640a33c-e33c-4a6d-912e-2d66eb55f209
play_store,2026-07-14T20:39:22,1,I am having the worst experience on this app right now. Before a few days they were delivering at my location and i ordered some products but now they suddenly stopped delivering when I tried readjusting my pin I found out they delivered just half a kilometre ahead from my location and not delivering at my location which is just half a kilometre ahead. I am very frustrated with this and now deleted the app because it is not fixing for many days.,https://play.google.com/store/apps/details?id=com.grofers.customerapp&reviewId=c163dee6-7393-4a76-a48c-254b9f2a0ac9
play_store,2026-07-14T15:20:13,1,"I accidentally placed an order by mistake. It happened suddenly, and I didn’t get the chance to review it properly. Unfortunately, I’m unable to cancel it. ln help centre l requested many times but they denied it.",https://play.google.com/store/apps/details?id=com.grofers.customerapp&reviewId=eb69d236-1b79-46a7-bc90-4a22d2ddfea4
play_store,2026-07-15T00:52:44,1,"I used this since it is grofers., today I uncovered the hard truth -> they won't value customers. I ordered a ruff pad. 1st time, pen was missing. After replacement.. the replaced product box and seal are tampered and other plaster mark was present. Initially cleaning of ruff pad is also not working and later it worked after multiple tries. they are not willing to give my money back by taking product... 2hours of calls.. from 11:30-12:30pm. BBnow(Tata) would have solved this issue in seconds",https://play.google.com/store/apps/details?id=com.grofers.customerapp&reviewId=7765c3b0-e68a-45ac-83bf-a3e46127684c
play_store,2026-07-15T18:56:05,5,"I accidentally ordered the wrong product today, but Blinkit's customer service was outstanding. I requested a return through the chat box right after delivery. They collected the item and processed my refund immediately. I am incredibly satisfied with this quick and hassle-free service. Thank you, Blinkit!""",https://play.google.com/store/apps/details?id=com.grofers.customerapp&reviewId=6f0a9dc1-6280-4455-b285-2e412fe3c560
play_store,2026-07-10T11:42:09,1,bad experience from the blinkit that the product was ordered by mistake and it was also had and defect but the blinkit team refused to proceed with return also there is no chat option. it will not open after placing order of we had any problem then also we had to be silent and they it shows to reach out to the gmail and that people doesnot give a solution for the product such a 3rd class app,https://play.google.com/store/apps/details?id=com.grofers.customerapp&reviewId=b0a2ea97-d2a1-4499-99d5-180ecb24f563
play_store,2026-07-16T06:20:41,2,"It was a very bad experience,, The delivery guy refused to deliver the doorstep...when informed I was not well to come downstairs je asked to cancel the order later another day, again they took an hour to deliver the order.... getting bad day by day...nd on the top of that charging us handling fee",https://play.google.com/store/apps/details?id=com.grofers.customerapp&reviewId=c4800b8b-22dc-4d8d-a252-16f6b69f4d7c
play_store,2026-07-13T16:12:14,1,I bought a mercely's icecream in blinkit and when it arrived the packet cover was broken and I did the feedback with photos and videos of it and they said they can't do a replacement for the product or do a proper refund they told they can only give a coupon of the price of icecream which can be used for a limited time. and whatever number of products we buy they don't give us any carry bags or anything they just hand every products to our bare hands.Worst ordering app I have ever used,https://play.google.com/store/apps/details?id=com.grofers.customerapp&reviewId=05968d42-9b58-4444-83bb-ec38b2c5b665
play_store,2026-07-12T12:13:14,1,i have order some items but one item is missing but it is showing in bill so I contact customer care that item is out of stock at Dark store. If item is out of stock it should not be in my bill. if i have not checked properly then they just charge me with out delivery. i don't get any refund or coupon for missing item. worst service,https://play.google.com/store/apps/details?id=com.grofers.customerapp&reviewId=43ec75d8-2296-441f-8329-d41a0281e6a6
play_store,2026-07-13T13:31:49,1,"already charges are high, no clear cut policies regarding refund, payment. whenever they feel like so. I read almost all reviews, most of the time 1 star, horrible experiences. In my case also, same happened, delivery charges, surcharges(applied suddenly) once you click to place order, cheating with customers. and refund after deducting cancellation charges, which I never received till date. pathetic",https://play.google.com/store/apps/details?id=com.grofers.customerapp&reviewId=6ac03b09-62ca-4bcc-a4e1-485acd165164
play_store,2026-07-11T11:33:13,1,"Horrible return policy. I bought a 45W PD 3.0/PPS upto 45W fast charging adapter but the charging was stuck at 18W on my Pixel 8 Pro. Customer service kept finding ways to prove how it is supposed to charge my Pixel at a very slow speed. They do not care about their customers and would sell them products that fake their details, without even testing them.",https://play.google.com/store/apps/details?id=com.grofers.customerapp&reviewId=f75890e6-c1bb-41aa-b086-52b5e2269741
play_store,2026-07-09T19:30:31,1,very very worst experience. Price is very high for many items but it is anyhow manageable but Return option is not available even if it defective one. They don't allow buyer to return. They are taking advantages of customers like me who are attracted by their faster delivery option. Amazon & flipkart are very supportive in returning the item irrespective of returnable or non returnable item.,https://play.google.com/store/apps/details?id=com.grofers.customerapp&reviewId=e216c89e-91e0-4c55-8ec3-df40c6396d98
play_store,2026-07-15T19:58:11,1,"I am disappointed with my recent experience with Blinkit. The service did not meet my expectations, especially regarding the refund process. The app does not clearly show the refund status, making it confusing for customers to know whether their refund has been initiated or when they can expect to receive it. Customer support should provide clearer communication and a more transparent refund tracking system. They took the defect product but haven't replaced or did refund until this period.",https://play.google.com/store/apps/details?id=com.grofers.customerapp&reviewId=7f9a8e93-0acd-4209-808c-317aeefe13d7
play_store,2026-07-12T10:13:58,1,"Very disappointing experience with Blinkit. I ordered a cake, but when I opened the package, several pieces were missing. The package had already been opened before it was delivered to me, which is completely unacceptable. This raises serious concerns about quality control and hygiene. I expected a sealed and complete product, but this was not what I received.",https://play.google.com/store/apps/details?id=com.grofers.customerapp&reviewId=38d87145-4ca8-4344-b78b-b78934269576
play_store,2026-07-16T02:57:44,4,"Please add ""I don't need a bag"" feature on the checkout page. I and many others who use the app almost everyday, have countless bags in our house which we don't even know what to use. The competitor flipkart minutes already has the feature which is very useful. Please enable it too in your app 🙏🏻",https://play.google.com/store/apps/details?id=com.grofers.customerapp&reviewId=07df9b80-b805-47b3-834b-0c3526438d8f
play_store,2026-07-05T20:19:24,5,"it's very impressive that they are really very punctual. as accord to me, everything I got was very fine. and books, I thought it would be pirated, but it was real copy with no damage. but I suggest if you could stock the book's complete series instead of famous books alone. you don't have to stock all books, but atleast stock the series you have alone. because I trust that you give the right books in right time, so please, blinkit, please finish the series alone. I kindly expect a reply😊",https://play.google.com/store/apps/details?id=com.grofers.customerapp&reviewId=8a0033e8-9668-4f75-b120-8c80bf20d16c
play_store,2026-06-24T11:46:31,1,"very Very disappointing experience with this app. The server is extremely poor, and the overall service is pathetic. I ordered a 3D Moon Light but received a very cheap heart-shaped light worth barely ₹50 instead. To make matters worse, I'm unable to use the coupon amount that was issued. The whole process has been frustrating and inconvenient. I've had a much smoother, hassle-free experience with Swiggy, which is far better in comparison. Would not recommend this app to anyone.",https://play.google.com/store/apps/details?id=com.grofers.customerapp&reviewId=ab629837-6d93-4919-8e03-434b3a06409e
play_store,2026-07-14T08:34:16,1,"Very disappointed. The bread was of poor quality and unusually small in size, and the butter delivered was expired. This is completely unacceptable. I've lost trust in Blinkit's quality checks. I'm uninstalling the app and personally boycotting Blinkit. I won't be ordering from them again.",https://play.google.com/store/apps/details?id=com.grofers.customerapp&reviewId=15d088f2-80e9-4e69-8738-20a698b52188
play_store,2026-06-17T13:06:45,1,"I am writing to report that my order is showing as ""Delivered"" in the app, but I have not received the parcel. I contacted customer support within approximately 2 hours of the delivery status being updated. However, I was informed that complaints can only be registered after 24 hours. This is unreasonable, as customers should be able to report non-delivery immediately. Moreover, the customer care representative was rude, unhelpful, and behaved unprofessionally during the conversation. I request",https://play.google.com/store/apps/details?id=com.grofers.customerapp&reviewId=12a12730-3807-4569-a0db-77e9cec215b9
play_store,2026-07-05T18:24:34,1,"Extremely disappointing service. I received a product that was not in proper condition, but instead of resolving the issue, customer support kept repeating the same responses and dragged the complaint on for hours. I was asked for explanations and details again and again for a very simple issue. As a customer, I paid full price for the product and expected to receive it in proper condition. Instead, I was left wasting my time trying to convince support that there was a genuine problem",https://play.google.com/store/apps/details?id=com.grofers.customerapp&reviewId=bd0e9e13-34da-47c2-a056-3082562384e3
play_store,2026-07-08T13:27:19,1,"""Very disappointing experience. My order was incomplete, but I was charged for all the items. Despite reporting the issue, I have not received my refund yet. Customer support has not resolved the problem satisfactorily. I expected better service from Blinkit.",https://play.google.com/store/apps/details?id=com.grofers.customerapp&reviewId=a3fa52e4-dc44-4541-8bf3-7000bf506e35
play_store,2026-07-10T10:32:45,1,Very poor service. I raise query for missing items and the executive said we are unable to redeliver the products and also unable to refund amount. I always face issues when the order is huge. Also the quality of products is very poor.,https://play.google.com/store/apps/details?id=com.grofers.customerapp&reviewId=79b48b9e-224d-46c6-b115-1e449ea60792
play_store,2026-05-26T13:23:29,5,"UPI option not showing. * Reviewing again after the problem was solved. I really love blinkit, I use it more than my social media 😂. Love all the products, arrives on time and quickly. I don't have to keep waiting, no matter the weather. Delivery persons are really nice as well. The only thing I wish blinkit had was more of Amul ice cream options. Btw I'm reviewing this from Siliguri. My all time fav app, not even exaggerating. ❤️",https://play.google.com/store/apps/details?id=com.grofers.customerapp&reviewId=d9f495d0-4845-4ab5-ba61-f3ee79481919
play_store,2026-07-12T10:54:14,1,Worst app nd worst service. No customer support. Only chat and not allow customers to chat properly as the typing space is greyed out. Not returning the defective product. So advising others not to order anything from this app as other app provide better services and resolution of the customer queries.,https://play.google.com/store/apps/details?id=com.grofers.customerapp&reviewId=867c9674-5a37-4915-b5c5-712fb3c82ed8
play_store,2026-05-25T19:30:20,1,"Worst experience with this app. I ordered one product but received a completely different item. When I complained, they refunded only the discounted amount and did not return the full amount I paid after applying the offer. This mistake was from their side, so customers should not suffer the loss. Very disappointing service.",https://play.google.com/store/apps/details?id=com.grofers.customerapp&reviewId=7b06da45-98bc-429c-b606-223b51fad91f
play_store,2026-07-15T06:31:08,2,"I am extremely disappointed with Blinkit's customer support. I returned my COD order and was promised a refund of ₹1011 by 13 July 2026, but today is 15 July and I still haven't received it. The app only shows the same automated message again and again, with no option to speak to a real support agent. There is no proper update, no refund reference number, and no actual assistance. I expected much better service from Blinkit. Please resolve my refund issue as soon as possible because this experie",https://play.google.com/store/apps/details?id=com.grofers.customerapp&reviewId=720b4456-2b1b-4fff-aa8a-b20ba251aec6
play_store,2026-05-17T15:25:43,1,"how fast it was processed, there was a mistake in ordering and I had to change some menu and they didn't allow me to edit and they were unable to cancel my order it's so great that they processed so fast orders. this needs to be solve that please allow buyers to edit and have option to delete order there might be some issue or it can be order mistakenly.",https://play.google.com/store/apps/details?id=com.grofers.customerapp&reviewId=61e25ea1-694c-4ee1-945c-94b13ed6d61c
play_store,2026-07-14T18:58:33,5,"This is a great app. Not only does it deliver our items in less than 10 mins, it also prints doodles, creative puzzles etc., on their packages. Absolutely love it!!!",https://play.google.com/store/apps/details?id=com.grofers.customerapp&reviewId=bf0e532b-9d4d-42af-8f7f-cb4611dd9139
play_store,2026-07-14T17:38:05,4,"blinkit is a very good delivery app . We are very happy with it but one thing is that the prices are triple of the actual item please make the price relevant as it is very high to purchase , for example : a 10 rupees chips packet is 39 rupees please change it and your app will improve a lot . Thankyou for your service",https://play.google.com/store/apps/details?id=com.grofers.customerapp&reviewId=be6f0ea5-2b2e-4e07-9722-e2550450c0c3
play_store,2026-07-02T18:02:31,1,"blinkit sent me a defective product and now they are making a lot of fuss about exchanging it. I am worried since yesterday but I have not received my exchange product. if there is any issue with the product then it only shows that your order has been placed but there is an issue with the delivery. And since yesterday these people are saying the same thing, when I placed another product, it got placed easily and is coming also it's mean that they were making excuses when I try to exchange.",https://play.google.com/store/apps/details?id=com.grofers.customerapp&reviewId=48a80e81-d7ab-464b-b296-9bde608f6100
play_store,2026-07-15T17:26:36,1,"scam alert! I received a coffee maker, but it was faulty. Water was not coming out of it. The machine kept on shaking but did not work. They refused to take it back the same day. The app showed a 7-day return on the product, but they refused to provide any service. Be aware of this scam! I sent video and photos for the proof, but they still refused.",https://play.google.com/store/apps/details?id=com.grofers.customerapp&reviewId=59d8d216-ad04-4620-92ce-f491df8006cb
play_store,2026-07-11T16:01:00,5,"I've had a great experience using Blinkit. The app is fast, user-friendly, and the delivery is consistently quick. The quality of the products I've received has always been excellent, with fresh groceries and well-packed items. The wide variety of products and reliable service make shopping very convenient. Thank you for maintaining such high standards—keep up the great work!",https://play.google.com/store/apps/details?id=com.grofers.customerapp&reviewId=bab06a56-b70a-442b-9bcc-b8e67180aa39
play_store,2026-05-30T12:18:30,1,"Dear Blinkit Team, I am extremely disappointed with my recent order experience. At the time of placing the order, I was shown a total amount of ₹61, but ₹161 was deducted from my bank account. No clear information about any additional charges, handling fees, or extra deductions was displayed before the payment was completed. This is unacceptable and appears to be misleading billing. I request an immediate investigation into this matter and a full refund of the excess amount charged from my accou",https://play.google.com/store/apps/details?id=com.grofers.customerapp&reviewId=23c68467-51dd-4c3c-852e-20ea1bc28b9e
play_store,2026-07-09T11:05:49,1,The varieties are many because of which I like this and gave 1star.But the stuff is way too overpriced in comparison to other instant delivery apps. I have seen other apps have way cheaper prices compared to this. The only good thing is variety...,https://play.google.com/store/apps/details?id=com.grofers.customerapp&reviewId=48f75880-6ad3-4e84-b71a-d1830d4ababf
play_store,2026-06-14T10:29:44,5,"Blinkit has made daily shopping incredibly convenient. The delivery is usually very fast, the app is easy to use, and there is a wide variety of products available at competitive prices. I especially appreciate the quick delivery service, which saves a lot of time during busy days. The packaging is neat, and customer support is helpful whenever needed. Overall, a reliable and efficient app for grocery and daily essentials shopping. Highly recommended!",https://play.google.com/store/apps/details?id=com.grofers.customerapp&reviewId=bd38ebc4-2691-4692-a049-2809024090d1
play_store,2026-06-16T09:05:17,1,"A worst experience where I had ordered some products from this app and those were available on other platforms comparatively at lower price, hence i had cancelled my order and my money deducted were given me as coupon instead of refunding to original payment method and moreover I had received a text message stating that coupon will expire in a month if nothing ordered. If I would not order anything or forget to order them my money without a cause will be gone. so I am uninstalling this app now.",https://play.google.com/store/apps/details?id=com.grofers.customerapp&reviewId=4eb94c17-6dc2-4565-a373-a31c4d4adc4a
play_store,2026-07-09T23:47:59,1,"They accept orders but do not deliver after 11pm We have to beg for a refund. This is such poor service—if they can't deliver after 11 pm, they should close their app. They open their app and accept orders but do not respond or deliver. What are we supposed to think about this?",https://play.google.com/store/apps/details?id=com.grofers.customerapp&reviewId=e0cdc2b7-88dd-4e1a-8278-ac0b9a1c2899
play_store,2026-07-10T14:15:17,1,"Very disappointing experience. I ordered a Plant with Ibiza Pot but received only the pot (which is small and broken)—the plant was missing. Despite reporting it immediately and following up for over a week, Blinkit kept sending generic responses claiming the order was delivered successfully without addressing the actual issue. My refund/replacement was denied. Poor customer support and no accountability.",https://play.google.com/store/apps/details?id=com.grofers.customerapp&reviewId=e162f083-90e6-493b-8c78-f4fdf51a25f1
play_store,2026-07-10T11:03:47,1,"one star is just because it does actually works, and delivery your order request. Besides that, the customer service is trash. I received a C-C cable, and it won't connect to any device. Both the ends were loosen. I talked to 2 executives (first one just disconnected herself with letting me know) I send multiple videos showing the issues, but only they said that the product is all fine it's my device which is defective. I tried that cable in multiple devices. yet they refused to refund.",https://play.google.com/store/apps/details?id=com.grofers.customerapp&reviewId=235d1ea4-4e49-4136-90be-d309ecff2b34
play_store,2026-06-06T18:11:53,4,"Dear Blinkit Team, I would like to request that the previous simple picking system be brought back. The old system was easier and more efficient because all items were clearly visible, which made picking faster and reduced confusion. In the current system, it is sometimes difficult to see and locate all items quickly, which can affect productivity and increase picking time. Please consider restoring the previous simple picking system or providing an option to use it. Thank you for your considera",https://play.google.com/store/apps/details?id=com.grofers.customerapp&reviewId=a6c656a4-b07f-4a60-a577-d49f490bfb75
play_store,2026-07-14T10:25:24,1,they are into dark marketing practice the final bill does not appear at the time of checkout and 1 or 2 items are auto added in it we just make the payment and later we realise this is not what we wanted and there is no option to return or make complaint regarding this,https://play.google.com/store/apps/details?id=com.grofers.customerapp&reviewId=34a67cf7-3f3b-4f86-9495-1cbd24771923
play_store,2026-07-12T23:09:35,1,"I'm pretty disappointed with your service lately. Recently, I purchased a product, but it arrived damaged, so I returned it. I trusted your service and placed another order for the same product. To my surprise, I received the very same damaged item that I had previously returned. I've been a loyal customer for over a year, but the quality of your service has declined significantly in recent times. This experience has been extremely disappointing.",https://play.google.com/store/apps/details?id=com.grofers.customerapp&reviewId=3807aa11-d0a5-432f-9dd4-a3de155c0c17
play_store,2026-07-12T18:09:52,5,"Hostel life made so much easier for my kid! ""Staying away from home in a hostel isn't easy, but this app makes it better for my child. Whenever they run out of snacks, need midnight study fuel, or forget basic essentials, I can easily order for them from miles away. The delivery riders always find the hostel easily, and the items arrive fresh and quick. I absolutely love that I can take care of their cravings and needs directly through the app, giving me total peace of mind!""",https://play.google.com/store/apps/details?id=com.grofers.customerapp&reviewId=aa081f74-9522-4b97-816b-68ce0f0f8a7c
play_store,2026-07-14T10:09:04,3,it's good but once I order a lamp and i had do ne online payment firstly they show that your order is placed but later it was like due to some issue we were not able to place your order but from my end payment was done so they were be like you will get your refund in two to three days but it's been more than a month I haven't received my payment,https://play.google.com/store/apps/details?id=com.grofers.customerapp&reviewId=4a281f57-07b1-4d8a-b226-a835414c1b81
play_store,2026-07-15T10:44:39,1,"I forgot to apply bank offer so immediately tried to cancel the order worth520 but there is no refund option or add the money to blinkit wallet just like zepto, Swiggy, Bigbasket.. instead refund as a coupon is available, to use the coupon money.. I have to place another order worth same as coupon amount or more and cannot use the bank offer... not giving any options for customer... forceful extortion of customer money",https://play.google.com/store/apps/details?id=com.grofers.customerapp&reviewId=7dee029d-255d-4eca-b7ad-5047705d4cf6
play_store,2026-07-15T00:08:29,5,I rarely or never review and rate any app yet blinkit has done something generously that i appreciate.. Explanation : It was my second time buying whey protein from blinkit and as i previously bought it from them this time they gave me a discount of ₹129 which i really appreciate. but the most crazy part is that the discount was labelled as Protein paglu 😂..!! also the pricing too is competative and fair by the value they provide.. Thanks for making my night..! (I ordered at night 😅),https://play.google.com/store/apps/details?id=com.grofers.customerapp&reviewId=a8806ecb-300a-48c1-9f17-22c0a0da63fb
play_store,2026-07-09T21:31:22,1,"This is my favorite app, but I'm still giving it only one star because every time the delivery partner arrives with my order, they keep calling me, but the call gets disconnected automatically. As a result, the delivery person has to keep waiting outside, and I don't even realize that they've arrived to hand over my order. This leads to unnecessary arguments, and the delivery partner also suffers by having to wait in the heat. It's a really bad experience.",https://play.google.com/store/apps/details?id=com.grofers.customerapp&reviewId=d50ba1b1-5e56-412f-a333-611ead5b2df6
play_store,2026-07-09T10:51:25,1,I am order one laptop bag but that bag is not convenient so I return the back but my payment is not refund my product also loss my payment also loss I am waiting for my payment 3 months waiting but no use no customer care number to solve this problem only chatting option but they they don't our chats only they given the word to chats their own options only,https://play.google.com/store/apps/details?id=com.grofers.customerapp&reviewId=f1310e53-0c74-4c0e-adde-0740569c5926
play_store,2026-07-15T20:47:39,1,"Worst shopping app. No payment method works, so placing an order is impossible. This app wastes customers' time. If you can't provide a working payment system, there's no point in using the app. Very poor experience.",https://play.google.com/store/apps/details?id=com.grofers.customerapp&reviewId=5e7ca508-6062-4681-a7d5-a36513211ea9
play_store,2026-06-10T14:17:13,1,"What exactly did I pay for—air? My order was marked delivered, but the package contained absolutely nothing. Not one item. This is the most ridiculous delivery experience I've ever had. Customers pay for products, not empty packages. Either your quality checks have completely failed or nobody cares what reaches the customer. Extremely disappointed, furious, and demanding an immediate refund. I want an immediate refund!",https://play.google.com/store/apps/details?id=com.grofers.customerapp&reviewId=81329453-bc79-478d-bfc6-8dd3eef5c486
play_store,2026-06-23T12:14:44,1,"Very disappointing experience with Blinkit. I received defective wireless earbuds with an extremely high volume issue, and even after reporting it, no proper support was provided. Instead of resolving the problem, I was simply asked to contact the brand myself. I purchased the product through Blinkit, so I expected customer support from their team. Poor after-sales service and no accountability for defective products. Definitely not the experience I expected. Would not recommend buying electron",https://play.google.com/store/apps/details?id=com.grofers.customerapp&reviewId=5c997b5f-c238-47c0-a3a9-bffe785db7e5
play_store,2026-06-23T14:42:56,1,They don't have a return option for the product I have purchased a headphones and did not like the sound quality. When I reached out the support they are just saying to reach out the product company site. Compared to this Instamart have the return for the products and they take responsibility for the delivered product if customer have any problem with the item. This blinkit is worst. I'll never use this again,https://play.google.com/store/apps/details?id=com.grofers.customerapp&reviewId=5b0bb83e-db90-4e2d-ba14-4355a284bdc7
play_store,2026-07-03T13:54:49,1,"the app doesn't allow me the option for cash on delivery. l would like to say that many people who are new to online shopping are not comfortable in sharing their bank details for payment. Hence, kindly revoke that ban Secondly once l ordered something and delivery charged me extra ₹30 since he wasn't able to figure out my address and behaved rudely. Rest l was initially satisfied with the fast delivery and the quality of products delivered. Rest the app is 10/10 for me.",https://play.google.com/store/apps/details?id=com.grofers.customerapp&reviewId=56b8a404-f0ea-48be-8f1d-236b27d5164d
play_store,2026-06-23T19:36:38,1,"I just ordered some items on blinkit, amount deducted but it's showing still Awaiting Payment Status how much time it will take to confirm. If i need something right now what will I do later if I get it. Also a few days ago I ordered from blinkit, the amount was deducted and they were showing status Payment failed and it will be refunded in 2-3 days. After a few days it's showing money refunded but I didn't receive anything. Why you guys are doing such things...give me my money back.",https://play.google.com/store/apps/details?id=com.grofers.customerapp&reviewId=9436e960-2910-4303-aae3-79c2a57bb280
play_store,2026-06-23T23:11:02,1,"First of all no one asked you to deliver within 10 minutes and second of all, when you're sending a damaged product, the concern for getting it returned is fast and that is okay but when it comes to refund and you want to interact with a support there's no helpline number to call, there's no proper chat agent to interact what should I possibly do with an AI bot? where I cannot even share my issue the worst possible support system ever. Better close this support system entirely.",https://play.google.com/store/apps/details?id=com.grofers.customerapp&reviewId=e496efa1-7b04-44d4-b312-1fc73475dd46
play_store,2026-07-03T20:41:11,1,"the app had so many glitches, the same order was placed 5 times, there was not proper option for cancellation, even in customer support the agent was not reading me messages unless I started spamming.. the delivery partner was also very troubled because they had to wait for over an hour for the order to be cancelled, please make your app more convenient for cancellations.",https://play.google.com/store/apps/details?id=com.grofers.customerapp&reviewId=06460853-46a7-41e2-a2af-c11ba86e442c
play_store,2026-05-28T13:27:31,1,"I ordered an item, but it was never delivered even though the app marked it as delivered. I raised a complaint through the help section and spoke with customer support, but I still haven’t received any response or refund. The delivery person contacted me after accepting the order and asked me to cancel it from my side, which I did not do. Despite this, the order was later marked as delivered. Very disappointing service.",https://play.google.com/store/apps/details?id=com.grofers.customerapp&reviewId=4979f975-3eca-406e-88d5-9e06fe2345bf
play_store,2026-06-28T18:58:39,1,"Blinkit delivered 200 gms rusk instead of 250. It was extremely difficult to raise concern (seems deliberate). After multiple image and video uploads, got replacement scheduled (spent hour) and again 200 gms was delivered which I didn't accept. Surprisingly return was marked as completed. This is cheating and unfair trade practice. It is supposed to be quick commerce and we have to wait hours for. Very limited option to chat",https://play.google.com/store/apps/details?id=com.grofers.customerapp&reviewId=e81c54dd-015f-4082-b685-ddaa1a187b04
play_store,2026-06-29T22:31:34,5,"Overall , my experience with BLINKIT is Excellent. Fast Delivery and Neat Packaging with proper ordered items without damage makes this app more perfect and super convinent when I need something urgently. Items are delivered within minutes and sometimes before the given delivery time. This facility makes the customer very happy. I'm using BLINKIT from such a long time but they never gave any cause for complaint. Thanku BLINKIT for such facilities. 😊",https://play.google.com/store/apps/details?id=com.grofers.customerapp&reviewId=174dd682-10e1-4916-aba5-404e1a98912d
play_store,2026-06-30T23:48:49,5,"Hello Blinkit Team, I really enjoy shopping on Blinkit because the delivery is fast and the product quality is good. I have one suggestion. While quantity options are available, many popular rice brands are not. In local grocery stores, customers can choose from a much wider range of brands. It would be great if Blinkit could add more rice brands and give customers a larger variety to choose from. This would make grocery shopping even more convenient. Thank you for considering this suggestio",https://play.google.com/store/apps/details?id=com.grofers.customerapp&reviewId=28f7cc46-208e-4da9-a9b5-586d64d28bf6
play_store,2026-06-21T12:13:37,1,"Horrid experience. Delivery agent was so bad, he didn't call in the number that was provided in the receiver's number section. Kept calling me, I was unavailable and then cancelled my order. Didn't even receive the Rs 50 off welcome offer. Very very bad service. I couldn't reach any customer care support and all are bots. Highly inconvenient platform!!",https://play.google.com/store/apps/details?id=com.grofers.customerapp&reviewId=62af481c-c373-4d5e-a37e-97d12725bd5a
play_store,2026-06-29T12:48:53,1,"Blinkit is a horrible company. They frequently show items as in stock, but after placing an order, they either don't deliver them or send only part of the order, claiming the items are actually out of stock. Customer support offers a refund that takes 2–3 days or a promo code that can't even be stacked with other offers. This keeps happening and shows poor inventory management and terrible customer service.",https://play.google.com/store/apps/details?id=com.grofers.customerapp&reviewId=a511d919-57c0-42db-b5c9-c25081a8980e
play_store,2026-06-23T17:23:46,1,"Absolutely horrible experience. My delivery was 26 minutes late, and all my frozen items arrived completely melted. They didn’t even bother to include a spoon or a straw. When I tried to complain, the customer service was a nightmare. They demanded I make a video showing the brand and expiry date of every single product one by one. ​To make it worse, their app is completely buggy. Even on a perfectly good network, the video took 30-40 minutes just to upload. After wasting all that time",https://play.google.com/store/apps/details?id=com.grofers.customerapp&reviewId=d4f047a5-4ddf-4f23-85ad-3993a41f1f82
play_store,2026-07-13T17:48:40,1,"I had a very disappointing experience with Blinkit. My NEV rechargeable frother stopped working within 2–3 days. Blinkit Support asked me to return to my original delivery location to request a replacement, which I did. However, the app no longer allowed me to raise the issue or contact an agent. Despite emailing support with proof, videos, and a call recording, I received no response. The warranty support process needs significant improvement",https://play.google.com/store/apps/details?id=com.grofers.customerapp&reviewId=15ba3cbc-f001-486a-8f70-df8b5afae462
play_store,2026-06-25T13:16:12,5,"It's a great app, I've been using it for long time and i haven't faced any problem, the delivery is incredibly fast, most orders arrive within 10 minutes, today i order something and get it in just 7 minutes. Also the customer care is very good , few days ago I got damaged product then i call them they respond very well and sends me a fresh new product in few minutes, my overall experience is so good",https://play.google.com/store/apps/details?id=com.grofers.customerapp&reviewId=26980111-1ea0-402b-9c50-1f5706244fa3
play_store,2026-06-24T21:50:23,1,"Blinkit is a terrible app. Every time I’ve placed an order, it has never arrived complete; items go missing along the way. I have to file a complaint every time, and resolving it takes a long time. The main issue is that the goods don't reach us safely or properly, so what is the point of ordering? It’s an app that has no customer care number—or rather, a number where no one ever answers the phone; you can only send emails. You tell me, what are we supposed to do?",https://play.google.com/store/apps/details?id=com.grofers.customerapp&reviewId=9cca20cd-f329-4c59-bc8f-446d53f885cd
play_store,2026-07-12T19:11:21,1,"Extremely disappointed with Blinkit. I spent ₹1,100 on a headset that turned out to be completely unusable for me.I even tested it on my laptop, but it didn't work as expected.The most frustrating part was the customer support.Despite explaining the issue immediately, Blinkit refused both my return and exchange requests and offered no meaningful solution.This has been a complete waste of my money.Based on my experience,I would advise customers to be very careful before purchasing electronics.",https://play.google.com/store/apps/details?id=com.grofers.customerapp&reviewId=829ca971-d4a7-42da-aed6-44d929b314b4
play_store,2026-07-08T08:35:32,5,"Absolutely amazing experience with Blinkit! The delivery is incredibly fast, often arriving even before the estimated time. The groceries and vegetables are always fresh, and the packaging is neat and secure. It has made my daily shopping so much easier. Highly recommended for anyone looking for quick and reliable service!",https://play.google.com/store/apps/details?id=com.grofers.customerapp&reviewId=75a72914-f495-45d4-a3dc-5217ac1af26b
play_store,2026-06-26T20:52:37,1,"Worst app and one of the worst customer support experiences I've ever had. I was sent the wrong product, even though the app clearly did not mention that I would receive a different item. I spent over two hours trying to reach customer support, only to get inconsistent responses. One representative even claimed they couldn't contact the store. Later, I received a call from Blinkit assuring me that I would get a refund. However, they didn't refund",https://play.google.com/store/apps/details?id=com.grofers.customerapp&reviewId=1176970d-86ab-47ba-a56d-8bc610c45c6b
play_store,2026-06-24T01:48:08,2,Ordered a product of zebronics from blinkit the product didn't connected to my PC and was not working in brand new condition and this was cash on delivery. When I asked for refund they said they'll refund as a coupon in blinkit only not in my source account or the account details I'll provide for refund. That's totally wrong from customer's point of view. And now the same product is out of stock.,https://play.google.com/store/apps/details?id=com.grofers.customerapp&reviewId=0b727e6f-5f9d-4d5b-8ae4-2b07b8b63998
play_store,2026-07-03T19:51:34,1,"Very disappointing experience. I ordered a fragrance gift set for gifting, but it arrived with damaged packaging. When I requested a replacement, customer support dismissed my concern by saying, ""It's not even that torn."" No resolution was provided, yet Blinkit claimed they had made every effort to address the issue. I paid for a new gift item, not a damaged one. Extremely unprofessional customer service and poor quality standards. Won't be ordering again.",https://play.google.com/store/apps/details?id=com.grofers.customerapp&reviewId=1af4821d-6e46-44c3-a8bd-fb3144522854
play_store,2026-07-01T18:20:03,1,"BLINKIT IS PLAYING GAME WITH CUSTOMERS VERY CUNNINGLY. - Very difficult to find the order cancellation option. When I request a refund, it is converted into a promo code instead of being refunded to my original payment method. I was also told the promo code would appear within 1–2 hours, but it never showed up. On top of that, there is no proper way to contact customer support or explain my issue, as the chat only provides fixed options and doesn't allow me to describe my problem properly.",https://play.google.com/store/apps/details?id=com.grofers.customerapp&reviewId=6a132cb1-7c56-4401-a1c5-2b5d1d8b94eb
play_store,2026-06-22T12:04:06,1,"i have been a regular customer, virtually ordering everything I need from daily essentials to even gadgets from Blinkit, I recently made a purchase, the product was pathetic. they knew that and after my purchase reduced the price by mre than fifty percent, this has happened a few times earlier which I did not heed to, assuming it was a coincidence. please don't take customers for a ride, the application depends on us and no the other way around.",https://play.google.com/store/apps/details?id=com.grofers.customerapp&reviewId=bc05aa8d-e798-492a-92cd-70585a8b120c
play_store,2026-06-25T23:58:28,1,"⭐ 1 Star Whenever I order groceries from this app, I end up facing the same issue. Either I receive a damaged product or my ordered item is replaced with something I never asked for. The biggest problem is that there is no proper option to return the unwanted replacement or get a fair resolution. Customer support keeps offering promo codes instead of solving the actual problem or providing a proper refund. This has happened multiple times, not just once. As a customer, I expect to receive the",https://play.google.com/store/apps/details?id=com.grofers.customerapp&reviewId=2b984ac4-e1ed-4177-98a9-6047c60873a1
play_store,2026-07-06T13:28:30,5,"⭐⭐⭐⭐⭐ I've tried many quick-commerce apps during this heavy rainfall, but most of them either stopped taking orders or marked their platforms as unavailable. Blinkit was the only app that continued serving customers by delivering orders in batches with short intervals. Even if the delivery took a little longer, they never stopped serving. A huge thanks to the Blinkit team and delivery partners for their dedication and hard work in such difficult weather. Truly appreciated!",https://play.google.com/store/apps/details?id=com.grofers.customerapp&reviewId=d88c5ea6-dccc-4652-ae66-da0c0089536f
play_store,2026-06-25T11:35:41,1,"I had ordered a raincoat set, but upon receiving the delivery, I found that only the rain pant was included in the package. The raincoat jacket, which is an essential part of the product, was completely missing from the order. This is extremely disappointing, as I paid for the complete product but received only a partial item.",https://play.google.com/store/apps/details?id=com.grofers.customerapp&reviewId=4a61d018-376b-427e-b09c-fb740343f865
play_store,2026-07-10T20:45:59,1,"Sometimes your delivery partners take their time and even seem to do their personal work while delivering orders. For example, the app shows the delivery will arrive in 10 minutes, but it ends up taking 40 minutes without any valid reason—there's no traffic or bad weather.",https://play.google.com/store/apps/details?id=com.grofers.customerapp&reviewId=38f51f19-8d3f-4ad8-90c9-a503261c6af7
play_store,2026-07-07T02:14:23,1,"Very disappointing experience. I ordered water because I was unwell. The app showed 24 minutes, but it was delayed by over 30 minutes. Customer support told me the delivery couldn't be completed, so I cancelled the order. Right after that, the delivery partner arrived at my door. Due to Blinkit's poor coordination, my order was cancelled and now I have to wait 2–3 days for my refund. Very poor service. don't trust on this application",https://play.google.com/store/apps/details?id=com.grofers.customerapp&reviewId=0ae4aacf-6ba5-4a4b-8f30-94cdfe4d54e7
play_store,2026-06-27T06:13:54,1,"For the past month or two, OTPs are not being received. I try to login and I don't get that message. Yes, I already checked that the number that sends the OTPs isn't blocked. I have to login through Zomato and that's really off putting. I have even started to not use Zomato out of annoyance. Please fix this bug already.",https://play.google.com/store/apps/details?id=com.grofers.customerapp&reviewId=f2a727ed-0907-4f1d-a826-61f93255035e
play_store,2026-06-21T10:50:14,1,"Received a damaged product not once, but twice. What is even more disappointing is that there is no proper option in the app to raise a complaint or get timely support. Customers are forced to send emails and then wait endlessly for a response, with no clear resolution process. This is by far one of the worst customer service experience.",https://play.google.com/store/apps/details?id=com.grofers.customerapp&reviewId=f305611a-1581-472c-bd63-412929614f66
play_store,2026-07-01T10:16:41,4,"Good experience with Blinkit ,The delivery was quick, and most items were fresh and well-packed. The app is easy to use, and it saves a lot of time. I'm giving 4 stars because sometimes a few products are out of stock or substitutions aren't ideal. Overall, a reliable and convenient service ! ,",https://play.google.com/store/apps/details?id=com.grofers.customerapp&reviewId=a9b88ff8-a4f7-4959-97f2-e0666c223b49
play_store,2026-06-20T21:43:14,2,most of the time so many items r out of stock. and then there r times when all the items ordered are not delivered but payment is collected in full. then one has to go through the trouble of raising a complaint. if an item suddenly goes out of stock after placing the order why can't the store call or send a notification for the same informing the customer in advance,https://play.google.com/store/apps/details?id=com.grofers.customerapp&reviewId=13952a5e-e950-42ac-80f5-997d2b81e4b6
play_store,2026-07-01T12:57:06,3,"The delivery was good, but I ordered Drools cat food that included free creamy lickable cat treats. I only received the cat food, and the free treats were missing. When I tried to report the issue or request a return, there was no option available in the Blinkit app. This was a very disappointing experience. Please look into this issue and provide the missing free treats or an appropriate resolution.",https://play.google.com/store/apps/details?id=com.grofers.customerapp&reviewId=7f7f6005-0ac6-4dcc-91c5-ee5b676632cf
play_store,2026-07-02T10:36:49,5,"Have used the app for quite a while now and from 3 different locations over the years. I have always been satisfied with the end result. Easy to use, wide range of products and good customer service. Blinkit delivers what is ordered with no hanky panky like i have experienced with other delivery apps. Thank u Blinkit for making my life so much easier!!",https://play.google.com/store/apps/details?id=com.grofers.customerapp&reviewId=51c077cf-6d04-40f7-b6db-bc98d485724b
play_store,2026-07-04T08:46:40,5,"⭐⭐⭐⭐⭐ Blinkit has made daily shopping incredibly convenient. The delivery is consistently fast, the app is easy to use, and the wide range of products means I can find almost everything I need in one place. The delivery partners are polite, and the packaging is always neat. It's a huge time-saver, especially during busy days. Highly recommended for anyone looking for quick and reliable grocery and essentials delivery!",https://play.google.com/store/apps/details?id=com.grofers.customerapp&reviewId=6c561309-4915-496e-aec9-8c80a65aef80
play_store,2026-07-06T20:49:10,2,"The app is overall good but the problems I have been recently facing is that the order shows it will be delivered in suppose 10 mins, but then it takes so longer and sometimes it reaches 25 mins and still the order isn't picked up by any delivery partner. We have trusted Blinkit with our orders but this experience has disappointed me alot more than I expected. I hope you look over this matter blinkit.",https://play.google.com/store/apps/details?id=com.grofers.customerapp&reviewId=a4a9bebb-c6ee-4a52-bc96-3c6331212f08
play_store,2026-07-01T20:08:38,1,"very buggy app, unable to use the app always says nothing here.. and some listing disappear just like that.. and sometimes it shows error messages and other times it says VPN is active! if you keep this up....buddy Amanzon Now is giving me cashback that you never gave since your inception, I am a long time user since grofer days! if you block my access and not let me shop at your platform I can just as easily shift to Amazon Now!! just tried placing order now but had to order from Amazon NOW!!",https://play.google.com/store/apps/details?id=com.grofers.customerapp&reviewId=2b1acf6a-a3de-4568-a8b0-3cab9cde9f44
play_store,2026-06-30T23:26:08,1,"ordered a Portronics Power Plate 17 Extension Board because it was advertised with a 16A socket. However, the 16A socket is smaller than the standard size, so my 16A plug doesn't fit properly. When I requested a return, Blinkit rejected it saying the product wasn't damaged. My issue is not about damage—it's that the product doesn't work as advertised for a standard 16A plug. Very disappointing customer support. Please improve your return policy and resolve genuine customer issues.",https://play.google.com/store/apps/details?id=com.grofers.customerapp&reviewId=58249ec0-468a-418d-a8ce-6215e73e904f
play_store,2026-07-05T17:21:39,5,"this app is amazing.I'm impressed the way they carry it, not so gentle, but careful. lately I bought a book and I was amazed because I thought it could be pirated, but it was a real copy, absolutely good one with no damage, zero damage. but what I'm concerned about is there's only limited books. please, Blinkit, stock it with atleast the serie's books , because if book 1 is there, book 2 isn't there. that's why I can't rely on it. please blinkit, stock it. I kindly expect a reply don't say no.😊",https://play.google.com/store/apps/details?id=com.grofers.customerapp&reviewId=258de67e-a3c4-4dd8-b479-a4912904b541
play_store,2026-07-12T12:04:51,4,"EXTREMELY DISAPPOINTING EXPERIENCE. almost every order got delayed,and the app keeps showing ""DELAYED"" with no proper updates. the customer support is of no real help they provide generic response but rarely solve the actual problem. the worst part of the delivery experience. when I called the delivery partner to ask how long it would take,I was told that the order had not even been assigned properly and that I should just cancel it. As a customer,why should I be asked to cancel after Waiting",https://play.google.com/store/apps/details?id=com.grofers.customerapp&reviewId=6e421cad-e68a-495a-8ec6-c5e5ef7d8cd4
play_store,2026-07-06T08:57:34,5,"I've been using Blinkit for a long time, and it has never disappointed me. The delivery is always super fast, products are fresh, and the app is very easy to use. Customer support is also quick and helpful whenever needed. It has made grocery shopping so convenient. Highly recommended❤️",https://play.google.com/store/apps/details?id=com.grofers.customerapp&reviewId=286f13ab-6fe6-4d62-b153-38d0a73f6b31
play_store,2026-07-09T20:17:37,1,"Extremely disappointed with Blinkit's customer service. My refund has been pending for a long time, and a considerable amount of my money is stuck. The worst part is that there's no way to speak to a real customer support representative. The AI assistant keeps looping through the same menu without resolving the issue. This has been a very frustrating experience. I expected much better support from Blinkit.",https://play.google.com/store/apps/details?id=com.grofers.customerapp&reviewId=eb62cdbb-2194-44b2-aae4-671f97cfed53
play_store,2026-06-26T18:35:36,1,"Blinkit's return and refund policy is pathetic. Most items are marked as non-refundable, and if you accidentally place the wrong order, there is little to no support or resolution from customer service. A better customer-centric approach, especially for genuine ordering mistakes, would greatly improve the overall experience.",https://play.google.com/store/apps/details?id=com.grofers.customerapp&reviewId=52bfd036-9fe2-43ef-a46a-68a88ed44b8c
play_store,2026-06-25T20:09:52,5,"very happy with blinkit service. I've been using it since many years. Recently I was on a trip to Jammu and needed something urgently. and sure blinkit was there. while I am fine with some extra fees sometimes, i understand most part of India may not. reduce the extra delivery charge, taxes, surcharge and small town people may be more willing to order.",https://play.google.com/store/apps/details?id=com.grofers.customerapp&reviewId=ed21f865-8459-47c7-999f-d5e2b96d7e6b
play_store,2026-07-06T16:21:45,1,"Extremely disappointed with Blinkit. I accidentally ordered the same Nivea product twice and requested a replacement for one unopened item, but my request was refused because of their rigid policy. It's frustrating to see no flexibility for genuine customer mistakes. This experience has greatly reduced my trust in Blinkit. I hope they improve their customer service and replacement policy.",https://play.google.com/store/apps/details?id=com.grofers.customerapp&reviewId=7b387683-ac29-47e4-9e78-26192e4719ee
play_store,2026-06-26T10:51:12,5,"Best delivery app ever. Whenever I order something, it quickly assigns a delivery partner within 2 minutes and the delivery is also super fast. It's very recommended to use if you are in a hurry to go somewhere and you need something urgent. The prices are also reasonable and i LOVE the imported items that they have like Cheetos, Nerds, Korean Buldak noodles, Little cute cookies from Thailand, etc. I always recommend this app for faster delivery service. The products also come in good condition.",https://play.google.com/store/apps/details?id=com.grofers.customerapp&reviewId=4f7d9f5b-366b-45d0-b189-601a03966599
play_store,2026-07-02T13:46:42,1,"I have ordered Portronics wireless keyboard and mouse from Blinkit. I have received only the wireless keyboard and the wireless mouse was missing. The keyboard was also not working. The cover of the keyboard is dirty and damaged. I have talked to the Blinkit customer service expert, her name was Diya and have asked to eitherprovide the missing mouse or refund the amount. Diya has directly told me that she cannot do anything either of the above in this regard as this is not as Blinkit policy.",https://play.google.com/store/apps/details?id=com.grofers.customerapp&reviewId=4abba02b-a9f4-4e3f-876d-a84954133c9b
play_store,2026-07-12T18:34:31,1,I placed an order of around 5-6 items on 7th july all fully available after ordering the items ( I prepaid for the order ) around 8-10 mins later they shows that 1 item is unavailable and for that inconvenience we will refund you the money ( it was 275 rupees ) in 3-5 days and I have being checking from the last 2-3 days that if they did the refund or not today on 12th July I checked on the app its showing that they have returned the money but I have received none & not allowing me to complain,https://play.google.com/store/apps/details?id=com.grofers.customerapp&reviewId=71d7e7ba-ba5c-4501-bceb-5101cb505b56
play_store,2026-06-30T23:01:20,1,"I'm very disappointed with my experience using Blinkit. I accidentally forgot to apply a coupon and immediately requested that my order be cancelled. I paid ₹279, but I received only ₹259 as a refund without any proper explanation. This kind of unfair deduction is unacceptable and shows poor customer service. The refund policy should be fair and transparent, especially when a cancellation is requested immediately after placing an order. Based on my personal experience, I would not recommend it.",https://play.google.com/store/apps/details?id=com.grofers.customerapp&reviewId=fa2bac58-5a32-4947-91d1-2595b5e575a3
play_store,2026-07-02T14:04:41,3,"very nice app, but I don't get the logic behind adding extra handling charges when the order is 1500rs+ . I have to add a lot of products to 'unlock' free delivery, even when the blink it store near me is just 1.3km near me. I hope they look into the matter.",https://play.google.com/store/apps/details?id=com.grofers.customerapp&reviewId=34cf3b84-8592-4726-8712-2e5db5bd5def
play_store,2026-06-28T17:01:12,5,the quality of things are not so good if they are sealed with clear plastic then it's fine but if it's open like paperback books the sides of the books are too dirty and the covers are also very much damaged.I reqest BLINKIT to fix this problem. Thank you so much Blinkit for fixing this problem.,https://play.google.com/store/apps/details?id=com.grofers.customerapp&reviewId=0f2657ba-7e0e-4361-99bf-8a5efb5309f0
play_store,2026-07-05T10:32:42,1,"Fraudster I cancelled my order because your support assured me that the promo code would be refunded and could be used on my next order. When I tried to use it after 30 days, I was informed that it had expired and was valid only for 30 days. This condition was never disclosed at the time of cancellation. Instead of refunding my money, you replaced it with a time-limited promo code, causing me financial loss. This is an unfair and misleading trade practice.",https://play.google.com/store/apps/details?id=com.grofers.customerapp&reviewId=3ae31752-dc6b-430b-b8f3-3e181f8ad8da
play_store,2026-07-01T13:46:40,5,"It's a great app, I've been using it for first' time and i haven't faced any problem, the delivery is incredibly fast, most orders arrive within 10 minutes, today i order something and get it in just 7 minutes. Also the customer care is very good, few days ago I got damaged product then i call them they respond very well and sends me a fresh new product in few minutes, my overall experience is so good",https://play.google.com/store/apps/details?id=com.grofers.customerapp&reviewId=fdb7bfff-9046-4382-9539-316ac5dae9ae
play_store,2026-07-11T23:16:05,1,"Not good, it very bad app you paid for product and they don't have return or refund policy even the product is damaged or in good condition.... according to blinkit if you buy anything then there is no going back .... so for me I have right to return the product if it's not for me, not good, not working but blinkit don't allow it..... I would use amazon or flipkart rather using blinkit it worst worst experience and worst service..... if I give me rating in minus it will be minus 100",https://play.google.com/store/apps/details?id=com.grofers.customerapp&reviewId=a4e3cdfd-404d-410e-a5e6-9199e34a8a5f
play_store,2026-06-22T12:56:47,1,"The location pinning feature in this app is completely useless. When I try to pin my exact home address, it automatically pins to a completely different, wrong location. Because of this poor map accuracy, delivery partners are always confused, and deliveries are getting delayed. Your address location pinning system is a complete waste of time. Please fix this map issue immediately.",https://play.google.com/store/apps/details?id=com.grofers.customerapp&reviewId=de098861-9e64-48f0-80de-d8ac881e74ad
play_store,2026-07-16T08:53:02,5,"It's pretty good application for ordering groceries, electronics. You could avoid hustling last moments for essential goods like printouts, stationary. For me this is one of the best app available out there for fast delivery.⭐️⭐️",https://play.google.com/store/apps/details?id=com.grofers.customerapp&reviewId=9b4206fe-e9bb-4796-b402-ccaa8213e6cb
play_store,2026-06-27T19:43:13,1,"0 stars! Worst app. You pay for convenience but get inconvenience instead. Chat support suddenly stopped working for my account, and email complaints only receive generic replies. Every order feels like a gamble because I can't report damaged or missing items through the app. My last order, a single chocolate, was promised in 12 mins but took 45, and my 10 calls were not put through to delivery executive. Deleted my account today and uninstalling the app. No help from customer support at all!!",https://play.google.com/store/apps/details?id=com.grofers.customerapp&reviewId=90fcd051-90a8-4ff9-9151-5bf43d00462d
play_store,2026-07-01T16:22:07,1,"Very disappointed with Blinkit. I ordered a trimmer that was defective and not working properly. While using it, I got injured. I immediately contacted customer support and shared a video as proof, but all they kept saying was ""Sorry for the inconvenience."" They refused to replace or return the product and said they had no option. I even requested them to take it back so I could order another brand and pay the difference, but they declined. Poor after-sales service and no concern for cust",https://play.google.com/store/apps/details?id=com.grofers.customerapp&reviewId=3168c02f-ae02-4f82-b6ef-295a01358f52
play_store,2026-07-08T00:40:59,1,"I ordered BoldFit medium-size gloves but received a different brand in the wrong size. When I requested a return, it was rejected, claiming the product was used. This is completely unfair. You delivered the wrong item and then refused the return. I expect an immediate refund or replacement.",https://play.google.com/store/apps/details?id=com.grofers.customerapp&reviewId=8283e5f4-0ef7-496e-8208-d1ac7f205a6e
play_store,2026-07-02T09:52:39,2,this app is just horrible it has a lot of network issues and then has double orders of the same thing then when talked for assistance to cancel one they will just do timepass asking again and again what the reason is and would u still like to cancel and all till the order is packed and then say sorry the order is packed now can't cancel,https://play.google.com/store/apps/details?id=com.grofers.customerapp&reviewId=b193b5e6-c0fc-4312-bae4-a9a7e68856fc
play_store,2026-07-07T17:35:18,1,"worst app, They cancelled order without any issue and when I received order the items are different, I didn't receive my ordered items, sometimes they sent some missing items, I will never order again from this app. one day they didn't sent the items and also the money not sent by the app when I made an query then they said we will sent the order in 15 minutes but I didn't receive the order and also not the refund, then I made an query again then they refund the money , worst app, zero rating,,.",https://play.google.com/store/apps/details?id=com.grofers.customerapp&reviewId=eb98ceac-58a1-4ac4-a26f-87e6b64508e1
play_store,2026-06-29T12:26:52,5,"Blinkit has been amazing for me since 2022. I always tip the delivery partners and sometimes some of them say they don't get the tip if added within the app but when I ask them to open their earnings history, it shows up there. Can you guys please add a notification or a highlight next to each order saying this order has a tip amount? Or atleast a notification for the delivery guys where they get immediately notified once they complete an order which had tips added? This would be really helpful",https://play.google.com/store/apps/details?id=com.grofers.customerapp&reviewId=a95785b0-2e6b-4c5e-ba26-a803cddc86eb
play_store,2026-06-21T20:52:03,1,"No one should order icecreams from blinkit, especially the ones that are not in tubs or family packs. Not once, but this has happened multiple times that our icecreams have arrived absolutely melted and broken. We dont know for what the app applies 'handling charges' when they don't provide the goods in a fine condition. Also, we recently ordered 5 packets of milk, which all were expired.",https://play.google.com/store/apps/details?id=com.grofers.customerapp&reviewId=22e1d457-47e4-4cd0-85fc-a9b41fa9bc5b
play_store,2026-07-03T14:41:32,1,"This App has been designed in such a way that once you click the amount of TIP for the Delivery Person - say Rs. 20, and it asks you if you would like it to be the default TIP Amount for all future orders. However, after that, there is no provision to change the Default Tip amount! Even for a Rs. 50 item you pay the base prices, the handling charges, the surcharge (when applicable) and the Tip. All together could go up to Rs. 120 ! BLINKIT IS DECEIVING PEOPLE. Need to file at CONSUMER COURT.",https://play.google.com/store/apps/details?id=com.grofers.customerapp&reviewId=3e93ef4f-a83a-4c85-9df7-24c92a78650a
play_store,2026-06-28T08:54:18,1,"Terrible service. Anyone using it should not order food items, particularly that need refrigeration. I ordered protein shakes and rotten products have been delivered thrice! Three times and no improvement in service. Clearly, their stores need to be inspected by Food Authorities. I am not confident of what will come out in terms of storage facilities and conditions.",https://play.google.com/store/apps/details?id=com.grofers.customerapp&reviewId=0b1e6dbc-ed6a-4804-916d-2de7f03ce222
play_store,2026-06-25T10:31:55,5,"Fast delivery, often within minutes. Easy-to-use and user-friendly interface. Wide range of products including groceries, fruits, vegetables, snacks, medicines, and household items. Saves time by avoiding trips to the market. Multiple payment options such as UPI, cards, net banking, and cash on delivery. Regular discounts, offers, and coupons. Real-time order tracking. Convenient for emergency or last-minute purchases. Good product quality and fresh groceries in many locations. Available in seve",https://play.google.com/store/apps/details?id=com.grofers.customerapp&reviewId=05c7da72-f1a3-42e6-a995-39b60d1775bf
play_store,2026-06-23T17:07:38,1,"I placed a prepaid order on Blinkit, but it was never delivered. The app incorrectly marked it as ""Delivered."" Customer support informed me that the order was returned to the store, yet I have not received any refund. Additionally, I am unable to raise a complaint through the app as it repeatedly shows, ""We have massive inquiries and are not able to respond. Please try after some time."" I recommend not to use this app..",https://play.google.com/store/apps/details?id=com.grofers.customerapp&reviewId=afe40ea1-8ec8-474c-8962-051b67a767ad
play_store,2026-07-06T16:59:24,1,Horrible app. 10 minutes they say..I was running late for work and I had an essential to be delivered to me in 10-15 minutes...My order got delayed...delayed by 30 minutes. What should I make out of this?? Enable Cash on delivery so I can cancel this pathetic order.,https://play.google.com/store/apps/details?id=com.grofers.customerapp&reviewId=4d822855-886e-439b-9929-0cecddf3ef8e
play_store,2026-07-01T23:19:37,2,why is aurge charge even there its not like they prioritize orders if you pay extra. Also they really need to put some cheaper options of items available in the market most of the time i have to buy the most expensive version of that particular item. Also delivery drivers almost never follow orders and why do they have to call everytime even though i gave my address deliver there not on my phone and just ring the bell of house.,https://play.google.com/store/apps/details?id=com.grofers.customerapp&reviewId=e4ebbf75-2da9-4453-84cf-ab8f97d25cad
play_store,2026-07-11T03:08:46,1,"very disappointed with the service. the driver was rude. and refused doorstep delivery at night. he kept my product at an unknown shop and asked me to collect it. he cut the call while i was speaking. I complaint to customer care the agent call me and said it would be re-delivered. but now the status shows exchange completed and I haven't received the product or any call. when I contacted support again, the issue was already closed with no resolution.",https://play.google.com/store/apps/details?id=com.grofers.customerapp&reviewId=9b1b0ca3-848f-4894-be5b-4a83ef6343ec
play_store,2026-07-02T19:46:32,1,Pathetic service. They didn't properly deliver the ordered items and the money was not refunded to me. I contacted them immediately after I realised that the delivered items were incomplete but the call was redirected to a machine. When I approached their customer service they made me communicate with 4 different people and still the problem was not resolved and the next day they used the excuse of the complaint window being closed after 24 hours and hence my complaint will not be resolved.,https://play.google.com/store/apps/details?id=com.grofers.customerapp&reviewId=a47cdee3-e9ff-451b-85ea-ebbd3bc77a93
play_store,2026-07-05T19:23:48,1,"Repeatedly receiving damaged items from Blinkit. This time, three bananas arrived split open and exposed. The chatbot was useless—it just asked me to email support and closed the chat. It's frustrating to keep wasting time over problems that shouldn't happen in the first place. Poor quality control and poor customer service. Very disappointing.",https://play.google.com/store/apps/details?id=com.grofers.customerapp&reviewId=13c0c23c-790c-42ef-ad3c-7fb4b0da477d
play_store,2026-07-03T20:49:20,1,"One of the worst customer experience, I ever had. Every time something or the other item is missing/damaged or rotten. In my last order my whole package of 1600 was not delivered. They provide win win points but whenever one tried to get it or redeem it against those selected product during check out the items are always unavailable and you can never get it. I will advise people to not to trust this app. I order after sometime and again the same delayed service. Nothing has improved. Unworthy",https://play.google.com/store/apps/details?id=com.grofers.customerapp&reviewId=8a5ba142-56dc-4628-af05-111d4e650ce8
play_store,2026-07-05T09:52:26,1,blinkit is a third class app when you want to return some defective product they refer you to product brand for resolution means you purchase from blinkit and then wander to all the place s to get your defective product returned or replaced .better to shop from local shop if you don't want to loose your hard earned money they just cheat you by sending defective item and not getting it back within a period of day one even.,https://play.google.com/store/apps/details?id=com.grofers.customerapp&reviewId=f27a5a4e-0e30-4ce6-8374-cd44655fc8e8
play_store,2026-06-24T16:26:18,2,The product was good but delivery service was too bad instead it's my first order my first experience is worst from your side . I have placed correct location only but he said wrong location and take extra amount without informing me . He said I not have balance then I pay remaining amount through GPay then he pay 10 rs low i ask he not properly answered then go this kind of problem need to reduce so add select on map like red taxi car having options.,https://play.google.com/store/apps/details?id=com.grofers.customerapp&reviewId=eb24e73b-3260-410b-8e63-d48f679d4484
play_store,2026-07-11T13:41:38,5,Very good service I realy appreciate for this task. Hope it will be keeping up ahead. when I used this app first it served good but now it is making disturbances as whenever I want to purchase any items it holds up showing unnecessary demand. So I can not buy any items presently. App operator is not perfect.,https://play.google.com/store/apps/details?id=com.grofers.customerapp&reviewId=0110641b-4379-48b3-b812-2467d8584fb2
play_store,2026-07-07T20:55:25,1,"Worst experience faced today after using it for more than a year.. Always had COD option for orders, but today they have removed it from their app.. This is what these startups do after they make people addicted and so that they can harass customers .. Customers make the payment in advance and then keep calling the delivery if the del gets late or they just cancel the order and customer has to then keep calling to get their refund..",https://play.google.com/store/apps/details?id=com.grofers.customerapp&reviewId=abbba5e9-3c2c-4be1-a1f1-4e233a041d49
play_store,2026-06-27T22:34:05,1,They sent me faulty powerbank which didnt even work for a day and then didn't even replaced it even after giving big tile of replacement of 7 days policy on their product page this is unacceptable. They are sending us faulty items and then they say us that there is warranty now u go with the hassle of dealing with the company regarding faulty item.,https://play.google.com/store/apps/details?id=com.grofers.customerapp&reviewId=c6707994-ba60-4e49-b3cc-ab60b5841f5a
play_store,2026-07-01T23:11:22,1,worst customer support ever. I almost lost my job just because of blinkit. your customer support is so annoying where they keep asking the same questions for almost an hour and then start the same thing again. I had ordered a boat headset where I found out the item was defective as the mic was not working. after a war with the executives somehow returned the item only for a refund option and i needed the same headset so i ordered it again on blinkit. Now I have received the item which I returned,https://play.google.com/store/apps/details?id=com.grofers.customerapp&reviewId=03d9dd76-9c64-4968-bcf8-c57d5d4a0c5c
play_store,2026-07-09T18:10:18,1,"My experience with Blinkit was extremely disappointing. I received the wrong product, and what made the situation even worse was the poor customer support. Despite reporting the issue immediately, there was no effective resolution or accountability. The customer service team was unresponsive, unhelpful, and failed to provide a satisfactory solution. For a platform that promises convenience and reliability, this level of service is unacceptable. Receiving the wrong product is frustrating.",https://play.google.com/store/apps/details?id=com.grofers.customerapp&reviewId=947dd8ad-077d-464b-bb7f-e3d33c8f6df6
play_store,2026-05-18T22:31:20,1,"Do Not Buy! Fraudulent App and Terrible Service This is the worst shopping app ever. I ordered an exhaust fan, and it arrived damaged and defective (running extremely slow). When I raised a return request, customer service flatly refused it. They falsely claimed that I ""used"" the product, when in reality, I only switched it on once to check if it was working. The physical damage was already there when it arrived. There is absolutely no return support for defective items. Save your money",https://play.google.com/store/apps/details?id=com.grofers.customerapp&reviewId=9c29fa5a-0b78-4fc5-b614-b7c53a41c509
play_store,2026-07-02T10:23:51,1,"Very poor experience that I got today. CHIIII. NO CANCELLATION OPTION in the app. WHY?? Today, I ordered the same things thrice mistakenly due to network issues and no cancellation option?? Customer care didn't receive my call. UNINSTALL BLINKIT 😡😡",https://play.google.com/store/apps/details?id=com.grofers.customerapp&reviewId=81188b99-357f-4537-b0a7-cdb2339a8cb0
play_store,2026-06-25T14:02:04,1,"I received a used product from Blinkit, which is completely unacceptable. The product was already opened/used and not in proper condition when delivered. I immediately raised a return request, but the return is being rejected without proper resolution. This is very disappointing customer service and unfair to customers who expect fresh and genuine products. I request Blinkit to arrange a return/refund for the used product at the earliest.",https://play.google.com/store/apps/details?id=com.grofers.customerapp&reviewId=83f26344-edd2-424d-8bd4-f88618b57249
play_store,2026-07-06T18:37:17,1,"I am extremely disappointed with my recent experience. I accidentally ordered the wrong laptop charger and immediately tried to return it. However, I was informed that the item is not eligible for return, without being provided with any reasonable resolution. This is very frustrating because mistakes can happen while placing an order, especially for electronic accessories where compatibility is important. As a customer, I expected better support and at least an option for a return, exchange, or",https://play.google.com/store/apps/details?id=com.grofers.customerapp&reviewId=17989b18-f5a3-4474-9478-1ccf068de8dd
play_store,2026-06-23T19:27:54,1,Worst app. where is my promo code. First delivery damage item and after returning send promo code. Now I am unable to use my promo code. No option visible. I want to raise the issue but every time I return back to the main menu.,https://play.google.com/store/apps/details?id=com.grofers.customerapp&reviewId=6ebdc7d9-e8a8-4030-ba7d-0033b625ea1b
play_store,2026-06-28T12:26:13,3,"could have reduced the extra fee. unlike zepto, blinkit is a little expensive. but, there are products available most of the time. in many other apps, some products are mostly out of stock. so, blinkit is a saver.",https://play.google.com/store/apps/details?id=com.grofers.customerapp&reviewId=1a2a1e9f-bfb7-42e3-bb19-6cab4941c6b1
play_store,2026-07-12T13:17:51,3,"Delivered product with half the amount as shown in product details, when inquired they are saying that there may be some discrepancy in image shown and delivered items. Final update : got compensated for the half after nearly 48hr",https://play.google.com/store/apps/details?id=com.grofers.customerapp&reviewId=5f7789d6-9aa2-427b-a1a9-31fbc35dc99f
play_store,2026-07-02T09:58:34,1,Ordered and payment debited but blinkit showed that payment not confirmed and will revert the payment within 3-5 days that's okay. so placed another order with same content and now blinkit sent both the orders and there is no option to cancell. also the live chat agent is showing busy. what kind of scam is this??? I would be raising this consumer greiveince.,https://play.google.com/store/apps/details?id=com.grofers.customerapp&reviewId=af905c78-cf61-44bb-90c5-513a0969f253
play_store,2026-06-28T10:02:03,5,Wonderful. The package was delivered as timely as I expected. The delivery partner has done a good job while tracking the address. He took a little more time due to the wrong location shown in the app. Overall experience is good. I appreciate.,https://play.google.com/store/apps/details?id=com.grofers.customerapp&reviewId=c0135256-f09b-45da-a2cb-c935f1a902c5
play_store,2026-07-15T20:36:25,5,"Excellent service! My order was delivered on time. All the items were fresh and neatly packed. The delivery was quick, and the overall experience was excellent. Highly recommended. Will definitely order again!""",https://play.google.com/store/apps/details?id=com.grofers.customerapp&reviewId=fff7ee8a-6125-4b13-b34e-27644d6b3657
play_store,2026-07-11T17:04:38,1,"My order has not been delivered to me, even though the Blinkit app shows it as ""Delivered."" I reported this issue and raised a complaint immediately, but no action has been taken so far. This lack of response has been extremely frustrating.",https://play.google.com/store/apps/details?id=com.grofers.customerapp&reviewId=e1dcaf3a-6cfc-4e34-bec1-747c632d71c2
play_store,2026-06-09T00:30:20,1,"very bad experience with blinkit. it's app is hanging. I am extremely disappointed with Blinkit's return policy and customer support. I received a product that did not meet expectations, but the return request was rejected without a satisfactory explanation. The return policy seems heavily tilted against customers and offers very little flexibility, even in genuine cases. As a regular online shopper, I expect fair customer service and reasonable support when issues arise.",https://play.google.com/store/apps/details?id=com.grofers.customerapp&reviewId=99712d0b-e94b-4235-a226-0f196107d0df
play_store,2026-07-16T04:16:48,5,"Blinkit is one of the most useful apps I've used. Fast deliveries, a smooth app experience, and reliable service make daily life much easier. I also appreciate the hardworking delivery partners who ensure orders arrive on time. It's inspiring to see Blinkit expand into services like ambulance booking, showing they care about more than convenience. Keep up the amazing work—you're making a real difference!",https://play.google.com/store/apps/details?id=com.grofers.customerapp&reviewId=dbc61d43-17b6-4458-ac2f-14f3f9518ac3
play_store,2026-07-02T16:29:33,5,it was too good price and I really like this App because it delivered the food and groceries within 10 minutes and we can make anything in just 10 minutes because of blinkit and their their delivery partners were very honest and polite and in this app there are very low prices groceries are available and their groceries are very fresh and the game on the delivery bags of blinkit is very playful and enjoyable,https://play.google.com/store/apps/details?id=com.grofers.customerapp&reviewId=2cb16415-b8f1-4968-9b0f-da0ab20f6348
play_store,2026-07-02T15:21:57,1,"Blinkit is an advertising platform that also do deliveries for the advertised products. Every listing you see in the app is an add. No chance for goods/items that cannot pay advertisement fees to Blinkit. As a buyer i want access to the best products, not just products that have huge financial backings.",https://play.google.com/store/apps/details?id=com.grofers.customerapp&reviewId=ab5b4576-d53d-4bec-abb4-e3b348531604
play_store,2026-06-14T14:18:44,1,"Very Bad experience of support, they have supplied the charging cable and it is not working. No method for replacement is there in the app. When I went to the Blinkit store then they were saying they couldn't replace even 7 days of replacement is available for the product. The support team is not connecting on the chat and I have been trying for 2 days but no response and there is no path to connect with the support team. Delivering faster is not enough. Have some sense of support also.",https://play.google.com/store/apps/details?id=com.grofers.customerapp&reviewId=2bf4717f-dc2d-4bf6-968f-67f7ac43f605
play_store,2026-07-13T14:30:17,4,its very cool app btw all order are on time and good quality of eating product bcz I am only used for eating item I can say about that herelectronics and beauty products. but it's fantastic and delivered in only 15 to 20 mins but1problem is there are handling charge and also below 200 it's get ₹30charge its very cool app btw all order are on time and good quality of eating product bcz I am only used for eating item I can say about that her electronics and beauty products.but it's fantastic app,https://play.google.com/store/apps/details?id=com.grofers.customerapp&reviewId=9636cc35-2f15-4a21-9df2-8ed5c07c13ee
play_store,2026-07-13T17:29:15,5,today I have placed an order for someone. but the delivery agent didn't confirm and delivered it to someone unknown. He was not even picking up my calls. I was so fed up with the services that how he could deliver to any person without even confirming it. But I am thankful to blinkit that they resolved my issue and delivered a new order to the right person without any charges. thank you blinkit for solving my issue.,https://play.google.com/store/apps/details?id=com.grofers.customerapp&reviewId=1ecdf183-6f77-42b0-bf01-c4dd558f8aa7
play_store,2026-07-04T00:51:58,1,at first it was good for ordering things and then recently all the payment options were unavailable and the only option that was available is the blinkit wallet so i credited some money into it now i can't place an order with that option also. i can neither order nor get my money back from that blinkit wallet. and especially there is no Customer service to speak with. hate you for this cheap behaviour blinkit !!,https://play.google.com/store/apps/details?id=com.grofers.customerapp&reviewId=c36d6646-169a-4d86-aca4-a7dcf08cd7a3
play_store,2026-05-08T11:32:25,4,edited--Finaly I got refund. I had received stained and stale product. I placed a request for replacement and again received similar stained packaging. I refused to accept the product but delivery partner said there is no such option available to refuse delivery. He asked me to complain over phone or email. Also while raising a complaint you have to take pics every time from camera and there is no option to add image of product from gallery.,https://play.google.com/store/apps/details?id=com.grofers.customerapp&reviewId=b153d16a-2639-4084-bde4-1f0392f0365a
play_store,2026-06-28T11:55:43,1,"This is the worst app it could be, they over charge you when you go to final order price where 50 rs product becomes 150 rs product with hidden charges and stupid pointless costs like handling cost and small cart charge, why are they taking small cart charge when they launched this app to deliver small items on last minutes, absolute rubbish app ever",https://play.google.com/store/apps/details?id=com.grofers.customerapp&reviewId=515e5913-509e-4da4-9f28-54eea805f829
play_store,2026-06-27T09:26:35,1,"I have received expired products from Blinkit several times. Whenever I contacted customer support for a return or refund, my request was rejected every time. This is a deception and a serious risk to health. What is the point of 10-minute delivery if you are sending spoiled and expired goods? The service is terrible; I am done using it.",https://play.google.com/store/apps/details?id=com.grofers.customerapp&reviewId=ad5ba05e-9519-448b-a307-608a13a4ac76
play_store,2026-06-19T09:32:44,1,"worst experience. ordered three products and whole payment was done via online and suddenly one got out of order and other two got canceled. now it's showing it will take 5 days for refund. if one of the product was unavailable , it should have shown the customer earlier . After the whole payment process and waiting it's showing order cancel and payment would be refunded in 5 days. Such an service is inacceptable by a such a reputed app . I recommend others to do cash on deliveryinstead of upi",https://play.google.com/store/apps/details?id=com.grofers.customerapp&reviewId=a5f662e7-d2a5-4154-8d17-da80d8443c9a
play_store,2026-06-06T22:34:43,2,"As we go on adding items, the limit of free delivery goes on increasing.. when it's shows add items of particular amount to get free delivery. if items added, it shows again different saying add some more items.. very bad ... it means we have to go on adding items or what .. all business tactics",https://play.google.com/store/apps/details?id=com.grofers.customerapp&reviewId=4d20ed2c-7dea-43b8-846f-e4224dc2fb78
play_store,2026-06-03T09:38:53,1,"I had given a 5 star rating earlier now I am changing it to 1 star from the recent experience, I had ordered 3 french fries from Blinkit, it was delivered on time but this time all the frozen items were rotten and the expiry dates had been wiped clean. I request other users to uninstall the app and not order anything from blinkit.",https://play.google.com/store/apps/details?id=com.grofers.customerapp&reviewId=ecea8a89-02e0-45e0-8a5c-4d86d25733e7
play_store,2026-07-11T17:36:18,1,"i thought Blnkit was better. But Blinkit service is very bad. I ordered 8 parle milano cookies pkts,only 6 were sent. I asked to give a refund coupon for the 2 missing items. The customer care service made it look like I lied. They said they checked with the store and the delivery partber. When the items wete delivered, even the delivery partner sae only 6 came. The stire and the delivery agents lie.",https://play.google.com/store/apps/details?id=com.grofers.customerapp&reviewId=4c044304-46bc-4b47-9198-c7ac84bfea5d
play_store,2026-07-04T12:32:46,5,The Only fact that blinkit is superior to other stores is because it's service availability and instant resolution of we explain the issue correctly to the service staff. And I completely agree there might be some problems you might have faced but already we are getting immediate resolution. ;et it be rupee or 10k. keep up the good work BLINKIT.,https://play.google.com/store/apps/details?id=com.grofers.customerapp&reviewId=04a1f35c-f9be-432f-83ff-daab65d6e980
play_store,2026-05-10T22:31:02,1,To speak with customer support you have to first go through a bot which only has few options and none of which is do you want to speak with human and when you get to customer support they don't give resolution and disconnect the call and when you chat with them they give very slow reply and vague reply they themselves are not sure the issue is solved or not and when I ask them to send me in mail the issues which I have raised they don't do that and close the issue I have recordings to prove it.,https://play.google.com/store/apps/details?id=com.grofers.customerapp&reviewId=156742c9-0029-4698-abee-c9a9d0e701c2
play_store,2026-07-13T00:52:31,1,"This app is very good, and the service and timing are excellent, but I have had two unpleasant incidents. Once, a delivery partner asked me if i want to go out with him.On another occasion, after delivering the order, a delivery partner asked for my phone, claiming he needed to update the location because he had to proceed somewhere else. Your delivery partners severely lack professionalism; their behavior made me feel extremely uncomfortable, and it was highly inappropriate. Please take action",https://play.google.com/store/apps/details?id=com.grofers.customerapp&reviewId=76c5e20b-510a-414d-9578-f774647e2cad
play_store,2026-07-14T12:36:31,1,worst app no refund and not at all helpful... very very disappointed please don't order from this app if you want to return there's no option the team is not at all supportive and they keep us waiting when we chat... they don't reply they don't refund ..I had the worst experience.. the products are low quality I ordered a cervical pillow but the quality of the product was too low as compared to the price... when I complained they didn't help instead just kept on ignoring.,https://play.google.com/store/apps/details?id=com.grofers.customerapp&reviewId=5107a113-bb3e-46bf-a74b-da7bcb17c633
play_store,2026-06-09T16:47:51,5,"Absolutely love using Blinkit! The delivery is super fast, products are always fresh, and the app is very easy to use. It has made grocery shopping so convenient, especially during busy days. The delivery partners are polite and orders usually arrive exactly as expected. Great discounts, good packaging, and excellent customer experience overall. Highly recommended!",https://play.google.com/store/apps/details?id=com.grofers.customerapp&reviewId=5dc5a821-dbed-4803-a304-f6c3dea4076c
play_store,2026-06-19T00:39:47,1,"I am extremely disappointed and frustrated with my recent experience with Blinkit. I ordered a phone charging cable expecting to receive the product as advertised on your platform. However, the item delivered to me is clearly a low-quality local product that does not match the description or quality promised at the time of purchase. The cable does not connect properly with my adapter or phone and fails to charge my device reliably. This makes the product practically useless and completely unfit",https://play.google.com/store/apps/details?id=com.grofers.customerapp&reviewId=b657bbee-e4bb-4adf-ba71-8168bac7ed2f
play_store,2026-05-10T21:32:13,1,"Absolutely horrible app I would reccomend using swiggy or zepto. These guys don't care about thier customers at all. I ordered food for my pet thinking it would be delivered in 10 mins since that is what the app showed. Food didn't come for an hour and there were absolutely no updates what so ever. When I was finally allowed to called the delivery partner, he told me his vehicle was broken down and they aren't allowed to call us until they reach the location. No updates, no help. Worst app ever!",https://play.google.com/store/apps/details?id=com.grofers.customerapp&reviewId=b4812cfd-dbc3-47f9-95f7-ff95c3eba70c
play_store,2026-06-13T15:46:56,1,It was working well till a few months back. Over the past few months the service has become poorer. The ice cream was melted & solidified in a weird shape with remains of ice cream from another one. I tried raising a complaint. However the app showed that its server is jammed and so no request can be accepted. It kept on rejecting my request. No solution till date. Very poor services.,https://play.google.com/store/apps/details?id=com.grofers.customerapp&reviewId=18867aa0-1893-4f58-8089-9ba9dbebadc3
play_store,2026-06-20T10:12:27,1,blinkit is a big scam. I ordered peanut butter. I decided my product based on ingredients from pictures of product at blinkit app. when the product arrived i saw the ingredient list never matched the ingredient list from app of the same product they provided. the product i received was full of chemicals. this happened many times. now I have stopped ordering for a while. they only ask for review about color of the app. lol,https://play.google.com/store/apps/details?id=com.grofers.customerapp&reviewId=a31340b7-307d-4a98-859f-cd8dd62b6afd
play_store,2026-06-15T09:38:59,5,"Very useful for ordering vegetables and groceries. Every item comes fresh and well packed. Drinks come in chilled condition. Their maximum average delivery time is hardly 10-15 mins. That's very impressive. Electronics and some other useful products are also available here at their best prices. Fruits are also available but their prices are 3-times than the offline market price that's make no sense to me. So, I avoid ordering vegetables.",https://play.google.com/store/apps/details?id=com.grofers.customerapp&reviewId=65a0b070-541c-4290-855a-1c95ffe93d41
play_store,2026-05-18T16:39:28,1,"I had a very disappointing experience with Blinkit. My order was cancelled without any valid reason, and I have still not received a refund for it. What's worse is that there is absolutely no proper customer support to resolve the issue-no response, no accountability. This kind of service is unacceptable, especially when customers trust the app for quick and reliable delivery. If orders can be cancelled arbitrarily and refunds are not processed on time, it raises serious concerns.",https://play.google.com/store/apps/details?id=com.grofers.customerapp&reviewId=ed488df9-46be-408f-bd2b-9ceb8c6b979f
play_store,2026-05-31T21:45:51,1,"Worst customer service. First my items got delivered at the wrong address. Then after calling the delivery partner, who was rude and not agreeing that he delivered it at the wrong location, and did not even recheck the address in his app, finally agreed after I sent him a screenshot. Then the awesome customer service, who charged me for a surcharge ( timely delivery), but didn't want to refund this money even after they did provide the timely service.",https://play.google.com/store/apps/details?id=com.grofers.customerapp&reviewId=fc8fce3d-f25d-4005-ab93-8fc6772180a7
play_store,2026-06-17T22:39:25,5,"As a regular customer, Blinkit is very helpful for me. The delivery is too fast often arriving at my door in under 15 minutes! Most importantly, the fruits, vegetables, and dairy products are always crisp, fresh, and securely packaged. It is incredibly convenient for daily needs and last-minute cravings. Highly recommended! Thank you for your service at Sangareddy.",https://play.google.com/store/apps/details?id=com.grofers.customerapp&reviewId=385276d1-00d9-44db-a4ae-49af261632ff
play_store,2026-05-27T11:49:56,1,"It was a very disappointing experience ordering through Blinkit. The item delivered was not in the size I had selected, and unfortunately, I’m unable to return it since it is marked as non-refundable. It would have been better if there had been a proper confirmation or warning before placing the order. Very disappointed 😔",https://play.google.com/store/apps/details?id=com.grofers.customerapp&reviewId=3589c132-f1d2-490b-a679-c399f5374cdd
play_store,2026-06-11T12:08:04,1,"I am extremely disappointed with my experience. On 5 June 2026, I placed an order worth ₹250, and the payment was successfully deducted from my account. However, the order was never placed. When I contacted support through the chat box, I was informed that the amount would be refunded by 10 June 2026. Today, the refund has still not been credited to my account. Additionally, there appears to be no proper customer care support available to resolve this issue i request not to the blink it app",https://play.google.com/store/apps/details?id=com.grofers.customerapp&reviewId=32a071b3-6d43-4ea3-9450-bf6098c478e2
play_store,2026-06-05T16:38:10,1,"You should deliver the order to the specified delivery address rather than the current location, as the location shown can sometimes be incorrect. I have faced significant issues because of this; the delivery personal often speak rudely because they are unable to find the location due to the inaccurate data being displayed.",https://play.google.com/store/apps/details?id=com.grofers.customerapp&reviewId=2169e1b2-514c-401a-a836-360482e33657
play_store,2026-05-18T17:52:40,1,"The delivery speed is good, but the customer service is terrible if something goes wrong. I have had three instances where my order was never delivered, but my money was deducted. Blinkit claims the refund is processed and blames the bank, but the money never arrives. Your customer support is just a wall of unhelpful automated replies and offers no real human assistance. I have lost money three times now and will not be using this app again. BEWARE OF BLINKIT",https://play.google.com/store/apps/details?id=com.grofers.customerapp&reviewId=871cec09-4636-4aa3-99b1-d54cb2acae63
play_store,2026-05-31T07:45:47,3,"1. When I send audio recording delivery instructions, I tried to play it back, it just turns off after few seconds, so I can't hear back what I recorded. 2. There must be a save for later option like amazon. It helps to add product which I have seen but don't want to buy now. 3. Also if price has been increased or decreased, I must know. It becomes difficult to order when I have large list of items.",https://play.google.com/store/apps/details?id=com.grofers.customerapp&reviewId=cd6c16f2-baf2-4308-891f-a161bdb61193
play_store,2026-06-01T12:16:09,2,"Very disappointing experience. I added extra items only to qualify for free delivery, but Blinkit silently removed one item during payment and also removed it from the order details. After delivery, I realized I received only 3 items instead of 4. Now I have to place another order and again add unnecessary items to get free delivery. This feels misleading and unfair.",https://play.google.com/store/apps/details?id=com.grofers.customerapp&reviewId=56384086-676e-4c17-8028-688ec2665c41
play_store,2026-05-23T18:46:13,1,"Worst experience with Blinkit. They instantly accepted my order and charged my credit card, but later cancelled it saying the item was out of stock. If the product wasn't available, why was the order accepted in the first place? Payment gets deducted immediately, but refund takes 4-7 days for a mistake from Blinkit's side. Customers should not have to wait for their own money because of poor inventory management. Very disappointing service",https://play.google.com/store/apps/details?id=com.grofers.customerapp&reviewId=806d8838-e0f7-4b15-a5a5-d19bfbfdcafb
play_store,2026-05-11T19:30:54,1,"good app, but when it comes to queries customer care is not available on phone. there is a wastage of time with the message exchanging in the app. for me I ordered some products in the first attempt money was debited from my account but still it showed retry payment. hence I hv again made payment and both the orders have come which hv now doubled items . pls take the double orders items back. also in both the orders we found cockroaches running in the bags.",https://play.google.com/store/apps/details?id=com.grofers.customerapp&reviewId=a2fd01cd-4b06-4c15-8704-6859b03a0a41
play_store,2026-06-07T19:06:24,1,"I received expired rice from Blinkit, and it was completely rotten and full of insects. When I filed a complaint, they refused to give me a refund. Instead, they issued a replacement, but they delivered the exact same expired product again! After that, they provided absolutely no solution, even after I emailed them. This is an utterly pathetic app; nobody should ever order anything from it",https://play.google.com/store/apps/details?id=com.grofers.customerapp&reviewId=b7277a29-3cbd-4a6f-8128-8629de0e05bf
play_store,2026-05-30T12:19:51,5,"This app is completely secure and if we are unable to go anywhere, we can get groceries delivered to our doorstep by just blinking it. This app is absolutely helpful; there are no problems with it. We can order groceries or other essential items from anywhere and at any time. And finally, thank you Blinkit, you made everything easy.",https://play.google.com/store/apps/details?id=com.grofers.customerapp&reviewId=05276c31-3eb9-4465-aadf-04c1187c0a2a
play_store,2026-05-22T16:38:36,4,"I love the app. One suggestion, I would like to mention is please try to name the store from which our products are coming from. sometimes, the delivery becomes unsuccessful, because the phone number becomes unreachable sometimes, so that way when it is getting returned to the store, we can pick it up from the store itself. Happened with me today, and realized store name is important. I would be obliged if you do a little correction. Thank you😊",https://play.google.com/store/apps/details?id=com.grofers.customerapp&reviewId=7a901e5c-9297-43b5-96bb-df4111037c07
play_store,2026-05-24T10:25:13,2,"App is ok occasional issue while applying voucher codes, but the problem is I always see surge price of 30rs after 5pm evening. although they say delivery is free they collect it through surge fee most of the time. to avoid that you have to order atleast 500. secondly, on comparing with other widely used platforms most of the product rates are usually higher by 10-15% from other platforms. So not a great experience overall.",https://play.google.com/store/apps/details?id=com.grofers.customerapp&reviewId=4fcd13ff-9bb6-4393-a5d4-71fdd64ea973
play_store,2026-05-27T17:29:32,5,it's totally a life saver and I wanted to share an experience I had the exam early in the morning and i forgot to print the admit card and i remember it was around 11:30 pm and here blinkit saved my life . and they really don't have minimum value for that It was a wonderful experience using the app every time as compared to other apps It was easy nice and never had any issues .,https://play.google.com/store/apps/details?id=com.grofers.customerapp&reviewId=c7d87c6b-4e88-426b-83a2-5bf5d8d6cfa4
play_store,2026-06-17T01:48:13,5,"Really good service. sometimes we all need to order something immediately due to some emergency. sometimes we need order at night and other times its just for choice. they deliver quick, and have no hassle... If I have to change something, I would ask them to increase product stock so they are not out of stock",https://play.google.com/store/apps/details?id=com.grofers.customerapp&reviewId=cf650cfd-528a-42e9-8b9c-027294449513
play_store,2026-05-17T09:10:54,1,"This sports system application is very, very poor. It crashes every single time I try to open it or look at the game scores. The loading times are incredibly slow, and half the features don't even work. I missed the entire live stream because the app kept freezing. Do not waste your time downloading this garbage. and one more thing they theft items from ordered products",https://play.google.com/store/apps/details?id=com.grofers.customerapp&reviewId=bf352e94-211a-4b90-a0a3-27ca884fd598
play_store,2026-05-19T14:42:14,3,"It's nice, I was a office visit and had to give some gift, ordered instantly.... Update 19 May: Reducing 4 stars to 3, Failed payment, ordered again, got two orders, it's okay, but I don't get perfect bills for reimbursement..., means the real payment and the amount on the bills are different, instead I'll buy from mart...",https://play.google.com/store/apps/details?id=com.grofers.customerapp&reviewId=26179669-38d7-4d24-8cca-8f0d5c191c5c
play_store,2026-06-15T11:24:56,1,"> I ordered a polyester luggage bag organiser from Blinkit, but they delivered the wrong product. I returned it multiple times (2–3 times), yet each replacement was incorrect. After repeated issues, the support team advised me to opt for a refund. However, despite following their instructions, I still have not received my refund. > > This has been a very frustrating experience. I expected a quick resolution, but neither the correct product nor the refund has been provided. I re",https://play.google.com/store/apps/details?id=com.grofers.customerapp&reviewId=37f9693d-d473-4cb5-baae-e5b5ad0ae8ca
play_store,2026-05-11T14:48:27,1,"I've placed an order , and the quality of the product is not good at all.. so the product has an option of 7 day replacement period. so I tried to replace the product so that atleast I could get a better one. but it's been 4 days , I've been trying to replace the product, contacted through the app as well through the mail but the response is ZERO. worst customer service app ever. TOTALLY TRASH",https://play.google.com/store/apps/details?id=com.grofers.customerapp&reviewId=5771ee34-62ef-40a7-ae73-4d06290aac97
play_store,2026-06-02T14:34:24,1,"Absolutely worstest experience for refund An order placed on the Blinkit app was cancelled on the 18th; however, I have not yet received a refund for the amount I paid. When I reached out to Blinkit Support, the automated response stated that I would receive the refund within 6 to 7 days; however, 14 days have now passed, and the amount has not yet been credited to my account.",https://play.google.com/store/apps/details?id=com.grofers.customerapp&reviewId=87615084-bdf5-4e72-8fe4-b78670207057
play_store,2026-05-18T13:05:23,5,"I’ve been using the Blinkit app for quite some time, and the experience has been amazing. The delivery is super fast, the app interface is easy to use, and the products are usually fresh and well-packed. I also like the wide variety of groceries, snacks, household items, and daily essentials available. The delivery partners are polite, and customer support is helpful whenever needed. Overall, Blinkit makes shopping very convenient and saves a lot of time. Highly recommended!",https://play.google.com/store/apps/details?id=com.grofers.customerapp&reviewId=89a992de-de54-4c15-9f0e-7e59917714a2
play_store,2026-06-30T22:27:48,3,"Blinkit is fast and convenient, but quality control for third-party sellers, especially gadgets and small appliances, needs improvement. I had inconsistent experiences with two mini coolers due to poor packaging and product quality. Also, some delivery partners in Ahmedabad are rude, asking customers to repeat their name and even list ordered items despite having all order details. Please improve seller standards and delivery professionalism.",https://play.google.com/store/apps/details?id=com.grofers.customerapp&reviewId=a3419691-87ec-4d20-b5a1-0ddf3fe8f139
play_store,2026-05-23T13:49:32,1,"I had once rated this app with 5 stars in 2002, but today I am extremely disappointed with their service and customer care. I purchased a mixer box which was delivered without the juicer. Despite raising the issue and escalating, no solution was provided. This is a clear case of cheating, and I have lost my hard‑earned money on a product that was not delivered as promised. The customer support experience has been third‑class and unacceptable.",https://play.google.com/store/apps/details?id=com.grofers.customerapp&reviewId=7d215b0c-8df5-4a42-9f25-50590b0beafa
play_store,2026-05-15T06:09:38,1,"Pathetic service from @letsblinkit! I’ve been a loyal user for a long time, but for the past 2 days, I can't place any orders due to a continuous ""payment method not available"" error. I even added money to my Blinkit wallet, but it's still blocked. Reinstalling the app didn't fix it. Worst part? The help centre is totally useless with only 5 pre-selected options and no real human support. My money is completely stuck now—can't order, can't withdraw. Fix this glitch ASAP!",https://play.google.com/store/apps/details?id=com.grofers.customerapp&reviewId=d558e441-924b-41c7-87c3-516a741a9585
play_store,2026-05-26T10:10:42,1,"Very bad experience with Blinkit app. I have been trying to make payments using Google Pay, PhonePe, and Blinkit Money, but it always shows a technical error. This issue has been there for the last 10–12 days. There is also no option to contact customer support in the app. Feels like they only focus on selling and earning, but not on helping customers. Very disappointing.",https://play.google.com/store/apps/details?id=com.grofers.customerapp&reviewId=fd9c4b42-729e-4818-adab-fc7ad6fe9651
play_store,2026-06-01T14:56:57,1,"Very poor service. I received an expired product, and there was no refund provided. They also gave me a promo code, but there were no instructions on how to redeem it, and I couldn't find any option to use it. Overall, a very disappointing experience. Third-class service. The product delivered was expired, and no refund was provided. I was given a promo code, but there was no information on how to redeem.",https://play.google.com/store/apps/details?id=com.grofers.customerapp&reviewId=f858acde-f776-4529-9c3f-a701eb88ac36
play_store,2026-06-18T22:16:12,1,"If it was possible I would have given a 0 star rating but unfortunately this is the lowest I can give. I ordered a lighter from the app and they sent me a cheap quality one. when I contacted the delivery partner he said that he can't help me with it. I tried the customer support and it gave very mechanical and unhelpful answers. I pestered the delivery guy to let me talk to the manager of the store and he said that "" there is no one there. I am not going to go chasing after them",https://play.google.com/store/apps/details?id=com.grofers.customerapp&reviewId=5ac78790-11fb-4c41-be3c-9b4ce8616372
play_store,2026-06-11T20:38:39,1,"I had initially ordered a wireless Bluetooth device and the payment was successfully deducted. After some time, I received a message that the order had been cancelled and the refund would be processed. Therefore, I placed the order again and received the second order successfully. However, about 10 minutes later, another delivery partner arrived with the first order. Since I had already received the second order, I did not accept the first one. The delivery partner informed me that he would",https://play.google.com/store/apps/details?id=com.grofers.customerapp&reviewId=d6aeb4e3-ddd5-41f9-a651-da7b83a62d04
play_store,2026-06-10T23:15:47,1,"Blinkit is a great app with a wide variety of products and quick ordering experience. However, I have faced several issues with the delivery service. Sometimes the location shown to the delivery partner is incorrect, and despite explaining the situation, the delivery partner is often unwilling to cooperate. This can be very frustrating, especially when the order contains items that are urgently needed. While the app itself is excellent and easy to use, my experience with delivery is worst",https://play.google.com/store/apps/details?id=com.grofers.customerapp&reviewId=c2443f4d-122a-450c-9c54-7b920310ac19
play_store,2026-06-03T12:25:41,1,"The customer care service is poor. I ordered an item and it was defective. I returned it, but the refund is not yet initiated. There's no customer care helpline number that you can access. I tried to get my issue solved by the AI window for customer service, but it's saying that the refund will be done by 2nd June. But it's not yet initiated.",https://play.google.com/store/apps/details?id=com.grofers.customerapp&reviewId=64abaa40-9888-4267-b64e-f1df29daf675
play_store,2026-05-12T09:45:00,1,"Please don't buy electronic products from here. They refuse to take accountability for the defective products and deflect the complaints to the respective brand service centers. You'll be much better off shopping from the local dealers, especially if you are buying gaming consoles / controllers.",https://play.google.com/store/apps/details?id=com.grofers.customerapp&reviewId=f5cb8f5f-c9a8-479e-87aa-f025af10ee49
play_store,2026-06-11T01:24:42,1,"I ordered 2 Paper Boat Aam Panna drinks, but there was a glitch in the app that caused issues with my order. Additionally, I have never installed the Blanket application, which makes the situation even more confusing. This was a frustrating experience, and I hope the issue is resolved quickly.",https://play.google.com/store/apps/details?id=com.grofers.customerapp&reviewId=0cab2114-b085-4d14-9b30-bc25bdbd371a
play_store,2026-06-17T09:48:49,1,Non trust worthy app I ordered few groceries correctly but they delivered a wrong product so when I have connected to the mail address provided for delivery issue now they are saying that any returns or replacements once an order has been successfully delivered. mistake was done by user delivery guys end why I should face the consequences of not have the right product on time when needed and loss of my money as paid money 3 times of the the wrong product delivered.,https://play.google.com/store/apps/details?id=com.grofers.customerapp&reviewId=8ad99c65-0a82-4274-b6de-a63c23321af0
play_store,2026-06-02T05:29:15,1,"The delivery agent did not deliver the order for over 30 mins and i finally had to cancel the order, there was no option of leaving a review as well. the customer service agent took the easy option of confirming that i wanted to cancel the order and offered no option to email me any confirmation of actions taken against the delivery executive",https://play.google.com/store/apps/details?id=com.grofers.customerapp&reviewId=b05f2f27-e6af-402a-b99a-28e5fcbf0768
play_store,2026-05-17T23:20:36,1,"Sends opened packages for items (never sealed), which again are mostly smelly. Disappointing customer service. All items received are mostly dirty, including edibles. Don't know how and where they store it and in what condition. Get items opened and missing. Worst part, they never acknowledge their mistakes and say the Level 1 team can't take decisions. How clueless and ignorant are these guys? They don't even wanna rectify their issues.",https://play.google.com/store/apps/details?id=com.grofers.customerapp&reviewId=4543e0e7-82ef-4866-8df5-e6c53af07561
play_store,2026-06-12T16:54:39,1,"Very disappointed. Three of the products ordered were not delivered at all. I paid already. When I contacted the customer service number, I got a response stating that all products were delivered which is a lie. I want a refund. Please do the needful. Blinkit in Coimbatore location. I never expected this kind of breach of conduct. I have proof too.",https://play.google.com/store/apps/details?id=com.grofers.customerapp&reviewId=9360e6dd-94cc-46c0-b73b-c6e08b8fc9f1
play_store,2026-06-02T22:50:36,1,"Very disappointing experience with Blinkit. I urgently needed a Type-C charger and relied on the app's search results, which showed a charger that turned out to be Type-B. While the correct description may have been listed, customers in urgent situations often rely on search results to find the right product quickly. After opening the package to verify the connector type, customer support refused a replacement. It's my hard-earned money, and I regret this purchase.",https://play.google.com/store/apps/details?id=com.grofers.customerapp&reviewId=61525ccc-c09b-4ead-84c3-452747f8a087
play_store,2026-05-21T14:18:58,1,"worst delivery application there is no point of sending an email if you are going to say that ""we cannot help"" you took extra money as surcharge from me and then delivered the product 30 min late which was already schedule for 20 mins. if you are going to send a product in 50 mins then there is no point of showing the estimated time as 20 mins.",https://play.google.com/store/apps/details?id=com.grofers.customerapp&reviewId=04d382b4-5452-4abc-81d1-ffb8198bfb65
play_store,2026-05-31T09:54:09,5,The app is perfect of last minute items and when uninvited guests arrive. the delivery is really fast like in a blink as its name. the items are a bit expensive but the faster delivery compensate it and also we don't have to leave our house. also there's a lot of variety of items available so it's overall best app.,https://play.google.com/store/apps/details?id=com.grofers.customerapp&reviewId=dcfb7048-e935-45a6-ba27-f3e42a8590f2
play_store,2026-06-10T23:39:00,1,One of my friends ordered articles on Blinkit... He cancelled the order over a call from Blinkit. But on the order page it's showing that the article has been delivered and there has been no refund yet. The worst part is that You can neither call the customer care nor there is an option to raise queries of your choice other than the listed queries with the chatbot. This has been the worst experience with a delivery partner till date,https://play.google.com/store/apps/details?id=com.grofers.customerapp&reviewId=8f78e997-6501-4787-9c1a-02039008a3ab
play_store,2026-06-18T20:33:14,1,"Ordered a few gifts through Blinkit and it was a terrible experience. The items arrived in heavily damaged packaging, the gift wrap design delivered was completely different from what was shown in the app, and even the boxes were plain instead of the branded packaging advertised. Customer support was unhelpful, refused to acknowledge the issues, and ended the chat without resolving anything. If your order is meant for someone special, don't expect Blinkit to care about quality",https://play.google.com/store/apps/details?id=com.grofers.customerapp&reviewId=0136f0de-8716-4a1f-a8f3-190f342b7742
play_store,2026-06-18T10:47:38,2,"I am writing to raise a complaint regarding the condition of my recent order delivery. Although my order was delivered on time, I noticed that the carry bag/packaging used by the delivery partner was torn when it reached me. This is not the first time this has happened. I have experienced the same issue on at least two to three previous orders as well. While the products inside were delivered, receiving orders in torn packaging is concerning and creates doubts about proper handling during transi",https://play.google.com/store/apps/details?id=com.grofers.customerapp&reviewId=cb09c583-be9a-4493-be37-2e24560ae317
play_store,2026-06-07T00:30:38,1,"customer service assistance is very very poor and irresponsible.When you actually need support and assistance about the product you already purchase but there is some issues related to product like wrong product delivered,actual product differ as shown in app they never assist you and you can write about your query as desired option is not listed.Any emergency support number is also not available. Do smart shopping always not ruined your time,energy and wise money on such apps who don't assist.",https://play.google.com/store/apps/details?id=com.grofers.customerapp&reviewId=9e8df196-3946-4aac-83bc-171684b5699e
play_store,2026-06-07T11:52:07,5,"⭐⭐⭐⭐⭐ Blinkit is an excellent app for quick grocery delivery. The app is easy to use, delivery is usually very fast, and the products arrive in good condition. I like the wide variety of items available and the convenient ordering process. It saves a lot of time and makes shopping hassle-free. Highly recommended!",https://play.google.com/store/apps/details?id=com.grofers.customerapp&reviewId=ef37481a-7f1c-4239-a060-a16892f711f8
play_store,2026-06-12T21:46:03,1,"Canceled an item a month ago and still haven't received my refund! I have been following up constantly for over a month now, but there is zero proper guidance or accountability. Spoke to multiple customer service agents in between, but got nothing but generic, useless responses. Blinkit is quick to grab your money but completely ghosts you when they owe you a refund. Extremely pathetic post-purchase service and support. Refund my hard-earned money immediately! need my refund immediately!",https://play.google.com/store/apps/details?id=com.grofers.customerapp&reviewId=2b72e756-78e7-43ba-9a36-e606191e27bb
play_store,2026-06-29T11:36:13,1,"Very bad experience. I bought two combs, but they are refusing to accept a return. This is disappointing, as other shopping platforms usually provide a hassle-free return process. I won't be purchasing from this platform again.",https://play.google.com/store/apps/details?id=com.grofers.customerapp&reviewId=11e465ab-24c6-4a38-9b08-3c87d0d95850
play_store,2026-05-14T21:15:37,1,"Very poor unmeasured app, price more than market price, no coupons, discounts ,payment providers offer higher order price, if you guys continue like this the app will not workout long timebecause of no attraction on app just i checked and left out because of nothing special on this app. Just one side profit gaining business, recently one warehouse opened in Kurmannapalem, if the app is continued like this very hard to get rentals and salaries also, poor app marketing without customer attractions",https://play.google.com/store/apps/details?id=com.grofers.customerapp&reviewId=faa28a4b-7bce-40f3-bf58-b1495cc4d0a8
play_store,2026-06-09T11:14:07,1,"i have ordered headphones and payment was already done but suddenly it was out of stock and still I didn't get my refund yet , and when I try to call costumer Care they are declining my call and when I try to chat through app I can't text them , they are giving an option to choose message ,we can't type our own issues ...waste...",https://play.google.com/store/apps/details?id=com.grofers.customerapp&reviewId=46c50bf5-7180-40ad-bf48-320664396151
play_store,2026-06-03T23:20:15,1,"It is a terrible experience they always scam regarding the time and product and brag when they deliver on time. blinkit is better if you can wait but don't trust the product to be delivered on time and check the quality after delivery, I used to like it so much in beginning that I used it to even order what I can get easily whithin 5-10 minutes but now I'm just getting fed-up. thank you blinkit....",https://play.google.com/store/apps/details?id=com.grofers.customerapp&reviewId=aaee15b4-382d-43fd-beaa-68959a550532
play_store,2026-06-02T13:03:52,5,I absolutely love this app it's so clean and intuitive and the service is probably one of the best I've had slight issues with my orders they were solved so quickly by the support staff they're exceptional but a slight issue I faced was when I was trying to tip my delivery partner after the delivery I tried multiple times and really wanted to tip that person because they were extremely sweet but I wasn't able to as it got stuck on loading screen,https://play.google.com/store/apps/details?id=com.grofers.customerapp&reviewId=48e6158a-d442-4981-80d9-8988c164fe98
play_store,2026-05-13T23:24:30,2,not good service. Sometimes they don't even send the items and when we check and we notice an item is missing and then you inform them. that's when they will tell you that the item is out of stock. You have to remind them. also known for sending old used items also. so keep checking what they deliver.,https://play.google.com/store/apps/details?id=com.grofers.customerapp&reviewId=bde2b63d-a5d3-4cbd-b94b-060422ccbd58
play_store,2026-06-09T22:14:50,5,"Blinkit is one of the most convenient shopping apps I've used. The interface is simple and user-friendly, making it easy to find products and place orders. It offers a wide variety of groceries, household essentials, snacks, and more, all in one place. The quick delivery service is a huge advantage, especially when you need something urgently. Overall, Blinkit saves time and makes everyday shopping fast, easy, and hassle-free. Highly recommended!",https://play.google.com/store/apps/details?id=com.grofers.customerapp&reviewId=d1a8203f-69fc-4190-9308-6be62af57cf5
play_store,2026-06-07T22:02:44,1,"Blinkit's service is very poor. Today, I ordered a product after carefully reading its details, which clearly mentioned that it contained 3 blades. However, when I received the order, there was only 1 blade inside. I immediately raised a complaint, but in the end, I was told that neither Blinkit nor the shop was at fault. In my opinion, this is clearly Blinkit's mistake because the product information shown on the app was misleading. Therefore, I consider Blinkit to be a very disappointing app.",https://play.google.com/store/apps/details?id=com.grofers.customerapp&reviewId=fdfcd21d-f637-4f07-baf7-a51efd8dcf99
play_store,2026-05-17T12:55:37,4,They have a wide range of products that I like. Whenever I am trying to cook something new and don't have enough time to go out and fetch the ingredients I rely on Blinkit. They have alot of imported product and they make it easy by delivery at home. very reliable when cooking international cuisine.,https://play.google.com/store/apps/details?id=com.grofers.customerapp&reviewId=dad69c04-46dd-48f6-bf16-681761573f99
play_store,2026-05-22T17:18:27,3,"Good app for daily needs like groceries, fruits, snacks, stationery, etc. Delivery is fast too. But the “free delivery” claim feels misleading because they almost always add a ₹30 surge fee at checkout. Extra charges should be shown clearly from the start.",https://play.google.com/store/apps/details?id=com.grofers.customerapp&reviewId=a5518145-f743-42fc-83c8-ef3792043a05
play_store,2026-06-28T14:10:13,5,"⭐⭐⭐⭐⭐ Blinkit is an excellent app for quick and hassle-free shopping. The prices are reasonable, and there are many great offers available. The delivery is fast, the products are fresh, and the app is very easy to use. I have had a smooth and reliable experience without any issues. It saves a lot of time, and the customer service is also helpful. I highly recommend Blinkit to anyone looking for a convenient and affordable shopping experience. Keep up the great work!",https://play.google.com/store/apps/details?id=com.grofers.customerapp&reviewId=6a0defcb-cb3b-4b7b-a172-e6cd64bb8ed4
play_store,2026-05-16T17:34:22,4,"Blinkit is honestly a lifesaver when you need stuff fast. I’ve got milk, snacks, even ice cream delivered in like 8 minutes at midnight. The app is easy and reordering is quick too. But it’s not perfect. Delivery is free only above ₹200, so small orders cost extra. Stuff goes out of stock a lot on weekends, and veggies aren’t always fresh. Prices are a bit higher than our local shops. Still, for last-minute things, it’s super handy. Just don’t use it for monthly grocery.",https://play.google.com/store/apps/details?id=com.grofers.customerapp&reviewId=a0631650-ceb5-4365-89c5-c6e52b7549dc
play_store,2026-06-19T21:54:40,5,"Actually Extraordinary it's an app that when we are not able to buy things immediately this app works actually fantastic it's really good. Actually In today’s fast-paced world, convenience is no longer a luxury; it is an absolute necessity. Among the countless service apps cluttering our smartphones, Blinkit stands out as an absolute game-changer.it has to completely transformed the way I manage my household, handle emergencies, and satisfy late-night cravings. Calling it an e-grocery app feels.",https://play.google.com/store/apps/details?id=com.grofers.customerapp&reviewId=238739dd-2b08-4241-8dad-fbadd5586bde
play_store,2026-05-20T00:52:53,1,"""I ordered 2 items from this app and actually received 1 extra item. However, when the order was delivered at night and I opened it the next day, the free Surf Excel liquid detergent that was part of the offer was missing. Their customer service is absolutely terrible and extremely unhelpful. They just send automated, bot-generated",https://play.google.com/store/apps/details?id=com.grofers.customerapp&reviewId=1b845cb6-b30b-42ac-a13f-f258f8028e91
play_store,2026-06-19T13:34:39,4,"the experience is mostly good but the slightly delays sometime makes me go wild!! I don't like this thing, like some things are very necessary and this app just delays things....u should put some more efforts although I would like to rate the app a solid 3.7 out of 5....!and really appreciate the hardwork of the delivery partners, but also sometimes the blinkit group gives me the dusty objects and dead flowers which obv makes me disappointed but although it's a good app and v recommendable....!",https://play.google.com/store/apps/details?id=com.grofers.customerapp&reviewId=029b0d51-b7ab-43eb-8f53-c147ae9cf409
play_store,2026-06-08T11:31:27,4,"service is good, boys & girls are exceptional, app is good but still a lot of items out of stock, tracking not par with insta and can extend your delivery limits., every time I have travel 500mts to collect my orders (insta delivers at my door step) . But about rest above all Blinkit has more varieties and range of products to avail than Instamart.",https://play.google.com/store/apps/details?id=com.grofers.customerapp&reviewId=393428d9-e22e-4249-a608-e9b2d62b0f30
play_store,2026-05-12T19:59:48,5,"“Really impressed with Blinkit! The delivery is super fast, products are fresh, and the app is very easy to use. I’ve ordered groceries, snacks, and daily essentials multiple times, and the experience has always been smooth. The delivery partners are polite and orders usually arrive before the expected time. Very convenient for busy schedules. Highly recommended!”",https://play.google.com/store/apps/details?id=com.grofers.customerapp&reviewId=5449efb5-3eb3-4a7c-a3a9-3e75e1982a4e
play_store,2026-06-06T10:52:07,1,"Awful experience while exchanging am item , the product size was not mentioned on the app and it said that 72hours replacement but when I tried to exchange the item the chatbot simply says ""sorry we can't"", even after that I emailed the issue to blinkit and they replied the same way,why put the 72hours replacement when you can't keep your promise, also there is no contact number so I am stuck with the chat assistant with same replies.",https://play.google.com/store/apps/details?id=com.grofers.customerapp&reviewId=677059ef-9b63-4b6d-a89f-79f9da374a7d
play_store,2026-05-30T00:47:35,1,it's a useful app but not as much as amazon or instamart. It's good only for ordering daily need products like bread milk. don't order any electronic or beauty or any other appliances for here as if any product has a problem they are not going to return or replace the product and instead ask you to connect to the company of the product. The customer support is not good. Amazon is far better.,https://play.google.com/store/apps/details?id=com.grofers.customerapp&reviewId=21ef678e-1c99-4da0-bfac-0e14b30f90a3
play_store,2026-06-19T13:44:48,1,"Not a good experience. The milk products and curd I ordered were not of good quality, and this has happened repeatedly. It is better to buy these items from a nearby local shop. It seems the required storage temperature is not being maintained during handling or delivery, which is affecting the quality and freshness of the products.",https://play.google.com/store/apps/details?id=com.grofers.customerapp&reviewId=3807a70a-f252-49fc-874d-fd1c95461c11
play_store,2026-05-24T01:09:22,1,"Worst app ever experienced. The product which was delivered was not up to the mark and when I raised the complaint to the customer support, they refused to replace it with another size and revised price. Please cross check the product carefully while shopping online, else goat scrapers are ready to tackle your questions and disappoint u with an unsatisfactory reply.",https://play.google.com/store/apps/details?id=com.grofers.customerapp&reviewId=61c9f203-fb9c-4462-889b-aec480dea6c3
play_store,2026-06-12T23:50:18,1,"I placed an order on Blinkit and completed the payment based on the delivery time shown before checkout. However, immediately after payment, the estimated delivery time kept increasing. An order that was promised in 9 minutes was delivered after almost 30 minutes. This is misleading for customers. Please look into this issue and ensure accurate delivery timelines are displayed.""",https://play.google.com/store/apps/details?id=com.grofers.customerapp&reviewId=b2438cc8-0605-4bcd-9e1d-cacd702ee9dd
play_store,2026-05-31T18:17:35,2,"I appreciate that Blinkit delivers items fast. I'm not happy with the customer service. Blinkit allows me to order through the web without the need for me to download the app, but doesn't give me the option to upload an image through the web, for which I have to download the app. Customer care staff can be replaced with chat bots as they are just repeating to download an app. I have suggested returning the item or sharing the image via email, but it was not accepted as an option.",https://play.google.com/store/apps/details?id=com.grofers.customerapp&reviewId=873a5ac2-e1b7-4cc5-8d03-4cb475262696
play_store,2026-06-16T12:10:47,1,"Extremely disappointed product and the overall experience. The product page is completely misleading and feels like false advertising. The listings are deceptive and gives customers the wrong impression of what they are actually purchasing. customer support was useless — no proper help or accountability, and not even an attempt to resolve the issue. This honestly feels fraudulent. Buyers should be careful before purchasing, because what you receive will be completely different from description.",https://play.google.com/store/apps/details?id=com.grofers.customerapp&reviewId=2352c69f-0450-463b-b7a3-8c1be8c2065a
play_store,2026-06-07T09:24:25,1,The cash on delivery is pathetic . No one brings change. Delivery partner doesn't return the money and always refuses coins if you give them insisting on online payment. Even after several complains to the company the problem still remains. also they are purposely sending 1 orders via several delivery person and then they are charging you handling charges for each. I ordered a fevicol along with several other things however the fevicol was delivered separately n charged 12 rs for each order,https://play.google.com/store/apps/details?id=com.grofers.customerapp&reviewId=d93de0ae-5832-4083-91e6-dc6e65da8c88
play_store,2026-06-08T20:34:32,1,"I am extremely disappointed with the blinkit customer service. My refund has been pending for almost one month now, despite multiple follow-ups with support. I made a return of a product because the way it came was very unhygienic. I raised an issue regarding the refund also but they would say to 'wait for 24-48 hrs', for straight 5 times, promising to make a refund which they did not. It is very frustrating and time-consuming customers should not wait this long for their money to be returned.",https://play.google.com/store/apps/details?id=com.grofers.customerapp&reviewId=225325bb-b23f-4448-97c9-67ed1027f7ae
play_store,2026-06-08T09:58:36,1,"Very poor experience. I bought a charger that stopped working and does not charge properly. I raised a complaint, but the company completely ignored my issue. The product quality is disappointing, and customer support is unresponsive. I would not recommend buying from them unless they improve their after-sales service.",https://play.google.com/store/apps/details?id=com.grofers.customerapp&reviewId=0a690486-b749-4067-a97c-b3e6b2afa7df
play_store,2026-05-31T11:32:20,1,"Once you tip the Service / Delivery Agent. It becomes default. The app doesn't have the option or link to modify the same in next order . Once you tip , that becomes the default in every next order . Even if the agent is rude or rough. Blinkit will take your tip in the Blink of the key 🔑 And your chat agent one of the worst no options to raise the concerns. In short a big scam 😒 Provide service and give options for the customer to raise their concern. DON'T STEAL PEOPLE'S MONEY",https://play.google.com/store/apps/details?id=com.grofers.customerapp&reviewId=2ee256b2-1f20-4035-b04f-8fb323a051ee
play_store,2026-06-19T11:14:18,1,The app is may be useful for everyone. I ordered a few things last week. But the order was cancelled. But I have not received the refund. A week passed the date they said First it was 14 then it was 17 and now it is 18. Today is the date 19/6/26.Still I didn't receive any refund.I made the payment on 9th June. it's very disappointing. 🥴,https://play.google.com/store/apps/details?id=com.grofers.customerapp&reviewId=ff1a373a-2520-459a-bc14-3d962bcdaef9
play_store,2026-06-08T22:19:25,5,"Blinkit has made grocery shopping incredibly convenient. The app is easy to use, offers a wide range of products, and delivers orders very quickly. Most of my orders arrive within minutes, and the items are usually fresh and well-packed. The delivery partners are polite, and the real-time tracking feature is helpful. While some products can occasionally be out of stock, the overall experience is excellent. Highly recommended for anyone looking for fast and reliable grocery delivery",https://play.google.com/store/apps/details?id=com.grofers.customerapp&reviewId=1a9bdbc9-8f4f-4e61-a193-8bf5ee971f27
play_store,2026-05-27T17:22:36,1,"Very disappointed with Blinkit. The store is only around 1 km away from my location, yet I was charged ₹30 delivery fees along with handling charges and small cart fees. These extra charges make the total much more expensive than expected.On top of that, Cash on Delivery is not available for orders below ₹50. Sometimes online payments do not work, and customers should still have the option to place small COD orders. Charging so many fees for nearby deliveries feels unfair and inconvenient.",https://play.google.com/store/apps/details?id=com.grofers.customerapp&reviewId=1769efda-6659-4b87-b8b2-7f659b50a40a
play_store,2026-05-17T10:48:59,2,Very very poor I wanted to order a horror book and a 2 bags of chips but there was no cash on delivery! Blinkit disappointed me many times as it only comes in payment on card etc 😶 also when I wanted to order a lip balm worth 133 they charged me 178 for it but I wanted to look for more things when I came to order back they increased the pricing to 206 I was like what ? I didn't add any items and they increased the payment blinkit it doing well but they need to do better,https://play.google.com/store/apps/details?id=com.grofers.customerapp&reviewId=8483f69f-d26e-46c2-9ae1-65f43941b32d
play_store,2026-05-12T08:15:32,1,"Blink it is losing its efficiency with product management. In 4 out of my last 10 orders, due to one or the other reason, i didnt get the product i ordered. Either it is damaged or out of stock. They simply asked to return the product and provided refund. Wasting the time in this process.",https://play.google.com/store/apps/details?id=com.grofers.customerapp&reviewId=a43ab935-c249-4cf9-9ec2-29db5bcd94d1
play_store,2026-05-28T13:43:08,5,"missing order cancel option, i forgot to change my location, and there's no option for cancellation, you must have to highlight that location bar 😕. i saved my other location just before, but because of default location, the order placed on my home location 😔. can you please do something that every person who order will ask for the multiple location they saved. so they'll not face kinda problem like me. im giving you five",https://play.google.com/store/apps/details?id=com.grofers.customerapp&reviewId=3d87d70f-e428-4530-8732-8cac681b6add
play_store,2026-05-23T15:51:36,1,My experience is so worst because when I am trying to place one order then blinkit showing option for payment and I am see that's every payment option is not available but some options available like blinkit wallet and net banking these options also not working properly so that's why I am very frustrated. I am requesting to blinkit fixed that problem for better results.,https://play.google.com/store/apps/details?id=com.grofers.customerapp&reviewId=4ffb7140-11ae-4c74-b651-b776bdacf7bf
play_store,2026-05-27T17:47:00,1,"Takes longer time than other apps, almost all the products quality is really bad, they even deliver expire items at times and just refund the money when we raise an complaint. The partner never arrives at the right location. discovered a new issue now, they don't refund the money and claim they have already initiated the refund while there is no money back into the account!!",https://play.google.com/store/apps/details?id=com.grofers.customerapp&reviewId=5fcb329e-a173-4474-8a5a-e186da43fba8
play_store,2026-05-12T19:14:19,5,"Very nice app Food, electronics, and things come on the time as shown in the app. The employers are good and respectful. They work during the day as well as at night. They just complete our wishes to buy things from the blinkit app. Such a good app I have ever seen. I literally love this app. And I will be a regular customer of this app. Thanks blinkit app",https://play.google.com/store/apps/details?id=com.grofers.customerapp&reviewId=163cd615-801f-4011-a08e-863362cbb360
play_store,2026-06-06T20:41:59,5,"⭐⭐⭐⭐⭐ Blinkit has completely changed the way I shop for daily essentials. The delivery is incredibly fast, often arriving within minutes, and the app is very easy to use. The product variety is excellent, with fresh groceries, household items, snacks, and much more available at competitive prices. The delivery partners are professional, and the order tracking feature is accurate and convenient. Whenever I've faced an issue, customer support has been responsive and helpful.",https://play.google.com/store/apps/details?id=com.grofers.customerapp&reviewId=605180ac-d451-4ac0-abf3-2080650bde33
play_store,2026-05-28T15:30:32,1,"The order delivery service is very poor. It always takes longer than the time shown. For example, if it shows 11 minutes, after some time it becomes 15 minutes, and even then the order does not arrive within 15 minutes. I would suggest improving your delivery service and giving customers the actual delivery time from the beginning.",https://play.google.com/store/apps/details?id=com.grofers.customerapp&reviewId=9a32308c-d35e-45d4-abe0-38d4bb88cdf5
play_store,2026-06-26T20:58:26,1,"Very bad experience. I would give 0 stars if I could. Received someone else’s printout, which is a serious privacy issue, but they didn’t take ownership of the mistake. They only refunded the product amount while the delivery and handling charges were higher. Customer support was unhelpful and didn’t seem to understand the seriousness of sharing someone’s confidential documents. On top of that, I had to place the order again myself. Would not recommend this app.",https://play.google.com/store/apps/details?id=com.grofers.customerapp&reviewId=06fc2989-ee70-4832-bda1-6afb4340ed9d
play_store,2026-05-28T17:45:52,1,"STRICTLY FOR GROCERIES ONLY! Do not be foolish enough to buy electronics or any high-value items from this app. If your order arrives damaged or defective, you are completely on your own. Their customer service is utterly clueless and incompetent when it comes to returns or replacements. Save yourself the nightmare and buy your tech elsewhere.",https://play.google.com/store/apps/details?id=com.grofers.customerapp&reviewId=f0981305-f0a8-40e1-9afd-eafa9754d507
play_store,2026-06-12T17:14:26,1,"it's charging unnecessary amount of money, 5rs on handling fee then again 30rs of delivery charge if ordered products less than 150rs. first of all we are not supposed to order more than 150 rupees everytime. it's mostly kids who order snacks then why will we pay more than 100rs for things under 70 or less, this is simply ridiculous. And again there is some kind of surge charge, totally scaming. Blinkit needs to work on this otherwise it's very inconvenient for customers who buy frequently.",https://play.google.com/store/apps/details?id=com.grofers.customerapp&reviewId=f318deff-56c1-43a2-be6c-a87e32daeb07
play_store,2026-06-19T07:01:42,1,Only good for small groceries. I bought a power bank from blinkit in the app it said 7 days exchange for it. I received a torn apart package from blinkit and also the product was not up to mark. I tried to apply for replacement and they said we occasionally send torn apart packages while in transit and if you have any problem with the device then go talk to that company and get documented proof from them that the product is fake only then we will think about replacement otherwise use it as such.,https://play.google.com/store/apps/details?id=com.grofers.customerapp&reviewId=07c8e5fc-e7ab-4481-bf14-ba498ab8e4c8
play_store,2026-06-16T14:04:59,2,During day time why would you charge a high surcharge and do i really have to order above 499 to get rid of it. I'll better walk to the nearby stores. I had to cancel dozens of orders whenever I saw a surcharge for orders even above 200. Good business i guess but could be better!!!,https://play.google.com/store/apps/details?id=com.grofers.customerapp&reviewId=353eeb26-1486-4ac4-9067-a6fc2184a2ac
play_store,2026-05-26T14:16:52,1,"“Orders are getting delivered very late, and this has happened many times. When I try to call the rider or customer support, they often do not answer properly or ignore the calls. Please improve your delivery timing and customer service.”",https://play.google.com/store/apps/details?id=com.grofers.customerapp&reviewId=9ec4f3a5-5e92-41e6-a823-8e18c297fdb7
play_store,2026-06-06T13:03:45,1,Yesterday I ordered a Swim Full T-shirt of BoldFit of size L. There was no mention of Return Policy anywhere in the product details. The size didn't fit me and they are refusing to accept the return of the product claiming this product is non-returnable. Why should I suffer the loss if your app doesn't show me a non-returnable policy for this product in the product details. I am never buying anything from Blinkit again.,https://play.google.com/store/apps/details?id=com.grofers.customerapp&reviewId=1bd804e7-4481-48b1-a6a3-510f7f1e3307
play_store,2026-06-20T13:18:55,5,"⭐⭐⭐⭐⭐ Fast, reliable, and a brand that does right by its riders Blinkit has become my go-to for quick grocery runs — the app is smooth, deliveries are fast, and the product range keeps growing. What I appreciate most: the delivery agents always show up properly geared (helmets, reflective jackets at night) and never seem to be riding recklessly or rushing dangerously to beat the clock.",https://play.google.com/store/apps/details?id=com.grofers.customerapp&reviewId=e7c38809-a767-4870-9125-7811e6398ff4
play_store,2026-05-18T15:57:12,1,"The Blinkit app has been facing a very frustrating payment issue recently. Almost every payment method keeps showing “This payment method is not available at the moment,” including Blinkit Money itself. What’s the point of having wallet balance if even Blinkit Money cannot be used continuously? The issue keeps repeating and makes checkout impossible. The app experience overall is good when it works, but payment failures at the final step completely ruin the convenience of quick commerce.",https://play.google.com/store/apps/details?id=com.grofers.customerapp&reviewId=e24ea9c2-3adc-4477-b1a8-f0a26a5024b7
play_store,2026-05-28T16:02:29,1,"I don't like this app because it charges too many handling charges , store charges, delivery charges are never lesser until your cart amount goes very high. I ordered an earphone and found my phone doesn't support them, I called for support then they executive Sakshi behaved very unprofessional. Reaching their customer support is so difficult. whenever I use this app, end up wasting my money.",https://play.google.com/store/apps/details?id=com.grofers.customerapp&reviewId=d0288665-c086-4f35-a456-2070437022d8
play_store,2026-07-14T06:44:13,4,this app is very helpful if we need something it delivers on time it never takes more time what is charge so much delivering charge if we you have ordered something of rs 97 imagine the price will increase to 151 kindly I request to charge less delivery charge the item which we are ordering is cheap but your delivery charge is so high,https://play.google.com/store/apps/details?id=com.grofers.customerapp&reviewId=dbaecaf3-37ca-466a-95cb-2e9a3bac927f
play_store,2026-06-06T23:53:51,1,"My order arrived with missing items, and the customer support chat was not helpful at all. They neither arranged delivery of the missing items nor provided a refund. I have done online payment for the whole order .This was a very frustrating experience. I expected much better service and support from Blinkit.",https://play.google.com/store/apps/details?id=com.grofers.customerapp&reviewId=605bc77e-3b2d-4d72-a790-7dfed85c613d
play_store,2026-05-21T18:39:46,1,"There was a time this application was running good. And the service was absolutely fantastic, but now, as I am saying it's through my own from 2 months or 3 months, maybe more, the service is not that much good as it was previous, they are removing the people and giving multiple orders for the one person delivery and there is no perfect timing for the delivery.",https://play.google.com/store/apps/details?id=com.grofers.customerapp&reviewId=20ede6c8-07aa-41a5-ae03-9a088fd39127
play_store,2026-06-02T09:11:18,1,"I am very disappointed with Blinkit's return and replacement policy for clothing items. I ordered a raincoat worth ₹700 in size L, but it turned out to be slightly smaller than expected. When I contacted support, I was informed that there is no replacement or exchange option available. For clothing products, size issues are common, and customers should have the option to exchange for a different size. Now I am stuck with a ₹700 raincoat that doesn't fit properly and cannot be used comfortably.",https://play.google.com/store/apps/details?id=com.grofers.customerapp&reviewId=8c375762-003d-4426-b6c9-1b8763ab1f5b
play_store,2026-05-14T12:03:32,3,everything about this app is good and ofcourse it makes a very difference between our grocery shopping and makes it way more easy to shop and two things which we didn't liked and thought of reviewing it were many things go out of stock which in shop are easily available and they take a lot of service charges and handling charges...,https://play.google.com/store/apps/details?id=com.grofers.customerapp&reviewId=62831cda-3174-43ae-9229-9707049aa360
play_store,2026-06-16T18:51:15,3,"I am rerating again, I had rated it 1 star earlier but now I am seeing some changes, still some things are bad.And the solution is a refund, which is fine. But if I order emergency cooking supplies and they turn out to be defective, what good is a refund? Cooking problems are inevitable. And to the point where I've had to cancel a recipe more than halfway through cooking and cook something else.",https://play.google.com/store/apps/details?id=com.grofers.customerapp&reviewId=2b02fbb3-d573-42c7-8c34-753e68f77bb6
play_store,2026-06-02T12:45:21,1,"I ordered 3 Green Lettuce items, but none were delivered. After contacting customer support, I was informed that 2 units would be redelivered and 1 unit would be refunded. I accepted this resolution based on the assurance provided by your team.However, the redelivery was later cancelled from your end,and I never received the replacement items. When I followed up regarding the refund, I was told there was no pending refund because the issue had been marked as a redelivery order. very disappointed",https://play.google.com/store/apps/details?id=com.grofers.customerapp&reviewId=32a7beb6-69e4-4e1e-912a-971a34b3512d
play_store,2026-06-11T09:41:10,1,Very Poor quality app. don't buy anything from blinkit I ordered power bank it's not working properly I tried for replacement at that time it's asking for some photo or video of product when I tried to take that getting black screen not able to return that product also there no any customer support like flipkart amazon.,https://play.google.com/store/apps/details?id=com.grofers.customerapp&reviewId=dabb413a-1311-4af3-96d3-9fa910a1f8dd
play_store,2026-05-30T17:15:41,1,"they sell near expiry spoilt items, when I called cs they asked me to contact the next day stating that the store was closed. and on the next day they said partner is not available, this went on for a couple of days untill the return window clos d now they are saying they are not able to do anything. Blinkit is the worst quickcommerce platform. now iam at a loss.",https://play.google.com/store/apps/details?id=com.grofers.customerapp&reviewId=c9fbe176-e566-4d68-a7bf-62e704124b8a
play_store,2026-06-05T14:50:29,1,I ordered Imported Lays Stax Sour cream and Onion chips because in the image the ingredients included sunflower oil and other good ingredients but I got the chips with palmolein. False information on images and ingredients are different too. Very poor experience and very disappointing. This was not expected to get the same product with different ingredients.,https://play.google.com/store/apps/details?id=com.grofers.customerapp&reviewId=8217e7be-932e-4ca5-8553-c44e78f40ac6
play_store,2026-06-07T19:24:03,5,"""Great service! My order was delivered very quickly, and all the items were fresh and well-packed. The app is easy to use, and the delivery partners are polite and professional. Very convenient for last-minute grocery needs. Highly recommended!""",https://play.google.com/store/apps/details?id=com.grofers.customerapp&reviewId=09f6fd90-91e1-40d7-982c-5f9784c74128
play_store,2026-06-07T22:00:14,1,"payment issue, shows payment transaction fail, when doing repayment, they again booked previous order for delivery, when canceling my order they deduct ₹20/- and issue a coupon for my balance amount,.. This is a very wrong treatment... due to blinkit payment failed, why all the charges have to bear by the customer.",https://play.google.com/store/apps/details?id=com.grofers.customerapp&reviewId=bc4c125d-854a-4370-8898-4208355e65c8
play_store,2026-06-13T13:43:03,1,Products sent are costly and often found defective. i would not recommend this app if u can buy products on nearby stores. Perishable goods like fruits and vegetables are not upto mark and are defective. blinkit stores should check the quality of goods they supply. I am very much disappointed and will not buy such goods again on such apps.,https://play.google.com/store/apps/details?id=com.grofers.customerapp&reviewId=beb251ae-882e-490d-abcf-725bc10a6907
play_store,2026-05-17T14:26:02,1,"Very Bad experience on 1st order While placing the order, I had already paid the full amount through PhonePe. However, your delivery boy, Sahil Bodade, took the payment again while delivering the order — ₹340 through Google Pay. Payment for the same order has been taken twice. Please look into this matter and refund my money. We have screenshots as proof of the payment made to Sahil Bodade.",https://play.google.com/store/apps/details?id=com.grofers.customerapp&reviewId=be17bd8f-d71c-453c-81a0-a17b5e37869f
play_store,2026-06-07T19:08:24,2,"I recently started using Blinkit and find it convenient for small orders. However, larger orders often face packing issues. Items sometimes arrive in torn bags, groceries are poorly segregated, vegetables are mixed with dairy, and cold items packed with dry goods, affecting quality. Fragile items like bread and eggs are also at risk. Better packing—separating items properly, using stronger bags, and handling fragile products carefully—would greatly improve the experience.",https://play.google.com/store/apps/details?id=com.grofers.customerapp&reviewId=265c9187-f5c7-4259-b1ed-f2cbe209c447
play_store,2026-05-26T13:02:44,1,"bab experience from blinkit .After placing the order and making the payment, your app/website showed that the payment had failed and informed me that the refund would be processed within 3–4 days. Because of this, I made the payment again and placed the order once more.",https://play.google.com/store/apps/details?id=com.grofers.customerapp&reviewId=780addbb-75d1-485c-b0cd-eaecd9896554
play_store,2026-06-07T13:03:16,3,certain products have limited numbers that can be purchased & that's inconvenient. If there's a free gift with the order then the option should be there whether the customer wants it . Chances are vegan customer won't go for meat products.,https://play.google.com/store/apps/details?id=com.grofers.customerapp&reviewId=ac6a9dc2-6e13-4383-a2e7-fc3c72be4142
play_store,2026-06-20T10:42:28,1,"Third class app whenever the order fails their refund process takes a hell lot of time I have also used Instamart and over there if there is a failed order within minutes we get our money back .. All apps of zomato are like this they just don't want to refund the money, you need to raise multiple complaints , raise multiple chats and then only if you are lucky so you will get your money back after a week maybe. Use zepto Instamart or any other app but not this who thinks ours money is there.",https://play.google.com/store/apps/details?id=com.grofers.customerapp&reviewId=de4b1368-4931-473e-850d-b062897f2631
play_store,2026-06-16T22:21:21,1,worst experience... i used the blinkit for the first time a day before yesterday and I was so happy and wanted to suggest it to everyone but today I'm trying to order thing from evening and it's showing that they can not accept my order due to high demand... seriously... it's been more than 6 hours.. now I feel I should never rely on blinkit... very disappointed... don't download it guys just shop thing from nearby grocery stores when you paas by.. at least you'll don't have to wait for hours...,https://play.google.com/store/apps/details?id=com.grofers.customerapp&reviewId=8af859ba-055b-45eb-ab28-3ec050cfc8dc
play_store,2026-05-29T22:10:02,5,Blinkit is a nice delivery app. And their service is super and I get my item under 10 minutes as well . Well done. But you guys need to reduce price a bit but it's acceptable. overall it's good and thanks a lot for this service in this summer and thanks all the riders from blinkit. Specially I use this app for emergency whenever I need something quick👍👍♥️♥️,https://play.google.com/store/apps/details?id=com.grofers.customerapp&reviewId=90494ff6-2871-4984-884b-5f4af145da14
play_store,2026-06-05T21:08:37,2,"There are problems with quality and quality check before delivering it to customers. I frequently noticed that the weight of vegetables and fruits are not correct, they are almost missed by 30~40 percent of weight, and many times the quality is also not good. There is no point in delivering if quality and quantity is not reviewed before dispatching it to the customer when handling charges are charged separately.",https://play.google.com/store/apps/details?id=com.grofers.customerapp&reviewId=fa435f5d-7064-4e6e-90db-3ffda4859cff
play_store,2026-05-15T13:41:56,1,before order it shows Rs.100/- voucher automatically receive after completing the delivery in this order and in addition you will get one surprise offer by playing some worse game like hitting 3 balls in juggling method. but after completing the delivery there's no Rs.100/- voucher and given one worst offer that no one can use it in life time with that worst deal. worst type of marketing to develop your app.,https://play.google.com/store/apps/details?id=com.grofers.customerapp&reviewId=9d0dab39-7a76-41f6-a6ad-04a21cc746f0
play_store,2026-06-11T17:14:22,1,"I've ordered the cam Pure original car refresher. I want the exact same thinh that's shown in the app. they sent something else and when I raised a request, the chat says it's the same and closed the issue. absolutely ridiculous. I cant even talk to customer executive. If you cant give us the exact order why provide the service.",https://play.google.com/store/apps/details?id=com.grofers.customerapp&reviewId=c7aac51b-2bae-4791-9978-9fbf1e97d5cc
play_store,2026-05-08T10:55:23,4,"I am writing to express dissatisfaction with my recent order. I ordered food for breakfast, and the app stated it would be delivered within 22 minutes. However, after waiting for an hour, the delivery did not arrive. Ultimately, the service was declared unavailable, and a refund was initiated. The refund was supposed to be completed by May 3rd, but I have not received it. The money is now gone, and I did not receive the ordered food😠.",https://play.google.com/store/apps/details?id=com.grofers.customerapp&reviewId=c75d3781-75f4-4868-9c9f-ca509d34031c
play_store,2026-05-14T17:25:33,1,"I have ordered kurta pajama twice and was told your order is arriving in 2 minutes. its now 30 minutes of waiting and the order can no longer be tracked, it has disappeared. very terrible for a tourist staying at a hotel. I ordered another one 3 hours ago and it has been saying 22 minutes for the last 3 hours, can no longer be tracked and I have re order. horrible service",https://play.google.com/store/apps/details?id=com.grofers.customerapp&reviewId=b0a03538-196a-4ad4-8248-348a3e792b39
play_store,2026-05-07T05:20:54,5,"Very user friendly app. Also services of customer support are very prompt and efficient. In one of my orders, there was some short supply issue in the delivery packet. when I raised this issue, they refunded the difference amount to me very promptly.",https://play.google.com/store/apps/details?id=com.grofers.customerapp&reviewId=0d96ecef-a2a3-4164-8206-86789798fe6f
play_store,2026-05-10T09:07:47,5,"Blinkit has completely changed my shopping experience! Super fast delivery, fresh products, great discounts, and excellent packaging every time. The app is smooth and easy to use. Customer service is also quick and helpful. Truly one of the most reliable and convenient delivery apps ever!",https://play.google.com/store/apps/details?id=com.grofers.customerapp&reviewId=9cdaea37-90e3-44f0-9bbb-9be2411e725b
play_store,2026-06-12T13:36:03,5,"Blinkit is a very convenient app for quick deliveries. The products arrive fast, often within minutes, and the packaging is neat. It offers a wide variety of groceries, snacks, household items, and daily essentials. The app is easy to use, and customer support is helpful. It saves time and makes shopping much more convenient. Overall, Blinkit is a reliable and efficient delivery service.✨✨",https://play.google.com/store/apps/details?id=com.grofers.customerapp&reviewId=c78562ce-db89-45d3-b156-841e1a0f6a24
play_store,2026-05-19T07:34:22,1,The biggest fraud app I have ever faced. Sometimes they intentionally deliver the wrong product and sometimes they send delivered massages without sending any single product. For support functions they have only AI and most Interesting things that they refund the amount as coupon so that you will have to re-order from their so-called fake app.,https://play.google.com/store/apps/details?id=com.grofers.customerapp&reviewId=90a48d34-fe79-419c-bb8f-1aa37fa36d8e
play_store,2026-05-23T14:46:53,5,"Just a friendly suggestion: sometimes we add items to the cart but don’t order them immediately. When we finally want to place the order, the items we need are often out of stock and take a long time to come back. As a result, customers have to switch to other options or let go of the item they wanted. Please try to restock items as early as possible",https://play.google.com/store/apps/details?id=com.grofers.customerapp&reviewId=fba54c55-fb63-48a2-9339-c86e3c75bb5a
play_store,2026-06-04T11:22:14,1,"Extremely disappointed with Blinkit. I ordered the Unigen Google Pixel Type-C Fast Charging Adapter (30W), but the product doesn't perform anywhere close to its claimed specifications. Calling it a 30W fast charger is misleading — it charges so slowly that it feels like a basic 5W charger. What's more frustrating is that Blinkit is listing such poor-quality products on its platform without proper quality checks. Customers trust Blinkit for convenience and reliability, but selling prod",https://play.google.com/store/apps/details?id=com.grofers.customerapp&reviewId=2778e58e-fffa-4963-b266-d25595806a2a
play_store,2026-06-08T16:23:16,5,"I had a great experience with Blinkit. The delivery was extremely fast, and my order arrived within minutes. The products were fresh, well-packed, and exactly as listed. The app is easy to use, and the delivery partner was polite and professional. Blinkit is very helpful for urgent grocery and household needs. Highly recommended for its quick and reliable service.",https://play.google.com/store/apps/details?id=com.grofers.customerapp&reviewId=7b045845-384d-40cc-af6f-cc2071e94a34
play_store,2026-06-10T21:42:42,1,"The services provided by Blinkit are pathetic. Most of the time, they deliver wrong or rotten items, and on several occasions, they have completely forgotten to send ordered items. The complaint redressal mechanism is also highly inefficient and fails to resolve issues promptly. Extremely dissatisfied with the overall experience and would not recommend using this service.",https://play.google.com/store/apps/details?id=com.grofers.customerapp&reviewId=10e65aba-43a0-4c12-b179-745c5148a5d8
play_store,2026-06-06T11:55:32,1,"Very dirty packaging and products. Received a used product. Never order expensive items from blinkit, just use it to order fast consumable products. Although those are also in very bad and dirty condition. It is better to go to your nearby departmental stores and buy in person.",https://play.google.com/store/apps/details?id=com.grofers.customerapp&reviewId=892dcba5-bc64-40ac-91dc-cec735d83133
play_store,2026-06-17T07:48:17,1,"i used blinkit from last 5 to 6 months, almost every 2 to 3 days i have to order from it. and i faced a lot of issues with the product. if i order romaine lettuce in the evening, they never deliver it and they deliver green lettuce instead of romaine lettuce. and this not like 1 or 2 times but always! And if i order bell pepper yellow or red both, i always receive the spoiled! i mean if you don't have it then just don't sell it. the word limit is too little I can't write all my problems! 🤬😡🤬",https://play.google.com/store/apps/details?id=com.grofers.customerapp&reviewId=acf12fce-a222-4bb8-98eb-aa9524b59276
play_store,2026-05-19T09:48:46,2,"Yesterday I ordered a air cooler from blinkit, when the delivery person delivered it I requested him to test the product. he said mam if you have any concern with the product you can return it. I tried the product and it's too noisy and not give a proper cooling for small room. so since morning I am trying to reach out to the customer service to get this product return and the customer service is just asking me to wait to go through the issue details it been more than 40 min they have put me on",https://play.google.com/store/apps/details?id=com.grofers.customerapp&reviewId=b318316b-24c2-466e-8fe6-35978d574834
play_store,2026-06-03T12:28:43,1,"there was a major issue with the product, and its quality was very poor as well. Even the Blinkit customer care did not resolve my problem, nor did they process the return. I never expected such poor service from Blinkit, but now I will delete this app even from my family members' phones and will never use it again.",https://play.google.com/store/apps/details?id=com.grofers.customerapp&reviewId=112a6d3a-857b-4beb-951b-46452ae290bb
play_store,2026-06-09T14:09:33,2,"cause , one day I ordered something but they said some products are not available but they were available while at the time I was ordering product so I cancelled my order and I already paid amount through upi and amount was already deducted from account so, I claimed for refund but still till today I haven't received refund but app shows that refund is provided, I want my refund..",https://play.google.com/store/apps/details?id=com.grofers.customerapp&reviewId=63e35a78-0117-4b33-8b67-7438a19daad3
play_store,2026-06-28T21:04:49,1,"The service is at present run by people who loves to turn blind eye towards any issues. The service has become pathetic. If you have any issue then you need to take out time to write mail with image. Once you send image, they will never be able to verify resulting in total waste of your money. It is much better to take out time to buy necessary items from elsewhere. The present management is absolutely Rubbish.",https://play.google.com/store/apps/details?id=com.grofers.customerapp&reviewId=3e1b07ba-1a0a-429b-86da-ecb121652deb
play_store,2026-06-28T12:18:52,5,"They have all kinds of products from electronics,watches to each and every grocery imaginable. Moreover, their delivery partners are super fast. Maximum times, they arrive 5-6 mins earlier. According to my experience,this is a must try online shopping platform.",https://play.google.com/store/apps/details?id=com.grofers.customerapp&reviewId=28493ab9-33fa-41ed-ab14-71c2dd85d694
play_store,2026-06-12T06:23:19,1,"very high delivery charges, very High prices of all products. i can't suggest this app to anyone. i hve ordered some items, they show that payment will be deducted from my Amazon pay balance, when i click on proceed, payment was immediately deducted, no sms, no confirmation,. And when i cancel my order within 1-2 minute, they have deducted 20 rupees as cancellation charges. and said that my account will be refunded in two day itni beimaan company. isko to india me black list kar dena chahiye.",https://play.google.com/store/apps/details?id=com.grofers.customerapp&reviewId=e4cd4c20-4a96-4fc4-909f-d86c0327ed9c
play_store,2026-06-29T19:11:34,1,i had ordered something and returned the order. They took the order but refund is still not processed. It's been more than 1 month.... other apps are far better in this... return and refund.... they instantly refund the amount as the pickup the order.... only 1 star....,https://play.google.com/store/apps/details?id=com.grofers.customerapp&reviewId=ede779c4-e9e6-46e5-b280-3e91ff463a76
play_store,2026-06-03T07:54:31,5,"Blinkit is a very good app to buy groceries. However, of late I have seen a deterioration of the quality of fruits and vegetables from their Bandra West outlet. No doubt a refund is paid instantly but that is not we are looking for as it spoils the day as we are not able to use the product.",https://play.google.com/store/apps/details?id=com.grofers.customerapp&reviewId=2e5c040d-7afd-4643-bfdd-4fef278f14dc
play_store,2026-05-10T22:20:28,4,"best app ever as it makes our work easy but the minus point is that it have limited options only. I want to order a football but did'nt like and when I scrolled down I thought I might get some other options but did'nt get any other. But still, one of the best app ever(for me).",https://play.google.com/store/apps/details?id=com.grofers.customerapp&reviewId=d9af2b01-a9de-459f-9c30-86e990ed89f1
play_store,2026-05-14T22:16:23,1,"Worst experience while it took 2 days to place an order to confirm, I added money in blinkit wallet every time it saying this payment method is not available at the time, then why did they asked add money to wallet, instead tryed paying with other options again all are in red displaying this payment method is not available, with all this they took 2 days to or taken 2 days to place a successful order. This is my first order in blinkit, nice user experience",https://play.google.com/store/apps/details?id=com.grofers.customerapp&reviewId=26d2fafb-0b98-431d-b650-650e320afa68
play_store,2026-06-03T00:04:00,1,"I have been waiting for my order for more than 20 minutes now, but no rider has been assigned yet. The order status is still showing as not picked up. This is very disappointing and defeats the purpose of quick delivery from Blinkit. Extremely poor service. Please improve this.",https://play.google.com/store/apps/details?id=com.grofers.customerapp&reviewId=7ab9811d-e6d1-4613-9f9e-fad660f7e4c2
play_store,2026-06-25T14:00:36,4,"On June 24, 2026. I placed the order in the blinkit app worth 650 INR. The first delivery driver delivered the 2 products out of the 3 items. Another one took nearly 25 minutes to deliver and no notification or any message displayed on the app that it will be delivered by another delivery man. what if I had mistakenly re-ordered that item? would it not be a hassle. I think the delivery drivers need to be provided a message to deliver timely or else do not provide the false reach time of 9 min.",https://play.google.com/store/apps/details?id=com.grofers.customerapp&reviewId=265250bb-9892-452a-870e-bdafe1827f0e
play_store,2026-06-29T13:01:35,1,"very disappointed... I have some issues with refund regarding defective product from blinkit .they are not even responding.. I try to find customer care number from Google, they are asking for personal WhatsApp screen share... also tried to raise complaint from blinkit app but they are not responding and blocked the text... can't call. can't text then how can we communicate regarding issue ?",https://play.google.com/store/apps/details?id=com.grofers.customerapp&reviewId=9d8a7510-1107-451d-a36a-bddb45148000
play_store,2026-06-18T16:20:26,5,"First of all, I would like to point out that many products available on your app are significantly overpriced. Items that are available in the local market for around ₹20 are often listed on your platform for nearly ₹100. This pricing difference does not provide a good experience for customers and raises concerns about value for money. Secondly, the delivery time estimates shown on the app are often inaccurate",https://play.google.com/store/apps/details?id=com.grofers.customerapp&reviewId=8bceba87-368f-4085-8814-e7d4b76b55a2
play_store,2026-07-01T18:55:46,2,"Accidentally placed an order and was shocked to see the cancellation window is only 10 seconds. That’s far too short and unfair for customers. Mistakes happen, and there should be a reasonable cancellation period or better support for accidental orders. Very frustrating experience.",https://play.google.com/store/apps/details?id=com.grofers.customerapp&reviewId=8a7bd78f-34ea-44f3-be23-8591a578c5ea
play_store,2026-05-13T17:03:08,1,"My experience with Blinkit has been very disappointing. In one order, my Munch chocolate was missing, and although customer support promised a refund, I never received it. Later, I got the wrong cup noodles and was told a delivery boy come , return them for a refund, but again no money was refunded. In my next order, a Kurkure packet was also missing. Their customer service is very poor and unreliable, and these repeated issues have been frustrating..",https://play.google.com/store/apps/details?id=com.grofers.customerapp&reviewId=59a270b6-b842-4285-a75a-c57e2a5adcb6
play_store,2026-07-06T09:55:27,2,"Very bad service! There is no way to cancel an order! Once I had ordered an item which was not required by mistake, and when I wanted to cancel it, I couldn't! And most of the time, certain items are not available! This is ridiculous!",https://play.google.com/store/apps/details?id=com.grofers.customerapp&reviewId=c8af3098-ca97-4774-93b5-c233b735e351
play_store,2026-06-30T18:12:16,1,"The worst customer service you can receive was provided by Blinkit. I had ordered a BBlunt hair colour, however the packaging came completely torn and damaged in the back side. 2 of the major products were missing inside the packet, only 2 were there. THEN, BBlunt packet had a GARNIER user guideline slip. How in the world can these two brands mix up? This suggests that the packet was opened and the service team completely ignored it. Did not care to return the money or address the issue. WORST.",https://play.google.com/store/apps/details?id=com.grofers.customerapp&reviewId=03a16ae0-0ca1-4bcd-b357-fc89ddd79520
play_store,2026-06-19T12:56:12,2,"I have used blinkit 2-3 times it worked good but as soon as I continued this app and ordered groceries and fish, they placed order for groceries but automatically removed fish while billing and by mistake I have done the payment, it charged 52 rupees extra which was not fair at all. this kind of app just makes fool to the people.",https://play.google.com/store/apps/details?id=com.grofers.customerapp&reviewId=b0a807e5-1b59-482f-a135-96d1ae2386bc
play_store,2026-05-07T17:50:29,4,"Decent platform, however return process has to be smooth if any item is near expiry or you don't like the quality because most of the items are food items. Alternatively you always have a nearby grocery shop where you can actually check quality and buy so in long run only quality and fresh food stuff will help",https://play.google.com/store/apps/details?id=com.grofers.customerapp&reviewId=561d4fd5-60d9-4d39-b648-e0e20e083034
play_store,2026-07-15T08:14:03,1,"Every time I order bread, I regret it. They always crush the bread by packaging it under the items. Otherwise they are fine. Adding to this review after many months : bread delivery is still the worst.",https://play.google.com/store/apps/details?id=com.grofers.customerapp&reviewId=945269cc-5d4f-439e-9438-8f95ba0599e8
play_store,2026-06-06T20:32:15,1,No quality control check before the product leaves from outlet as the milk packets were torn and spilled all over and took the photos at the time of delivery Which was cleaned. And later when i try to raise a complaint through help desk its asking to take fresh pics.. Wow what a shame. No option of uploading the pics from gallery.,https://play.google.com/store/apps/details?id=com.grofers.customerapp&reviewId=2004fe8e-a23c-4ba6-990b-5fcbb5bf8d1c
play_store,2026-07-13T12:11:12,1,"Don't order from Blinkit at all. Last time I placed an order and there was no information. They just picked up and took all the stuff and I still haven't received my payment refund. Please don't order from anyone. It's not good, Blinkit",https://play.google.com/store/apps/details?id=com.grofers.customerapp&reviewId=1f307f19-64ed-43ed-9f84-3e4da98b9440
play_store,2026-06-30T09:19:49,1,"Disappointing experience with wallet balance and customer support Please be cautious when adding money to the Blinkit wallet. I recently topped up my account, but the balance fails to appear during checkout when I try to place an order. Furthermore, the customer support is highly inadequate. I tried using the in-app help feature but did not get a proper resolution. I then reached out via email, and it has been three days without any response. I strongly advise against keeping funds in the buil",https://play.google.com/store/apps/details?id=com.grofers.customerapp&reviewId=034d23c6-a0bb-4483-a72a-6c05494fcdf4
play_store,2026-07-07T23:25:35,1,"Service has let down. I reported missing items reported on 2nd July and still struggling to get the resolution. I was told to mail you. when I emailed you, along with video and details I was told I will get resolution in 24 to 48 hours. for a 10 min delivery item, I had to wait this long. than i get msg after i followed up again that since you could not validate my missing items, you will not refund and resend my Missing item. is that my problem? what about my money? why should I suffer?",https://play.google.com/store/apps/details?id=com.grofers.customerapp&reviewId=ae884e27-a1d2-44e9-87ff-530e99cadcc4
play_store,2026-07-11T14:41:25,3,"So far so good. (revised after experiencing for a few more orders). To my surprise, Blinkit delivering to my Home town as well, loved the way the store and the delivery partners handling this model, makes life easier, also they maintain a wide variety of products. Only problem is that customer reviews of the product is not available, it only shows ratings.",https://play.google.com/store/apps/details?id=com.grofers.customerapp&reviewId=4f8c310f-7943-4998-9ede-edee1d50932e
play_store,2026-07-01T23:32:01,1,"Very disappointing experience with Blinkit. I ordered blueberries worth around ₹260–₹270, and the amount was deducted from my account, but the item was never delivered. Customer support informed me that the money would be refunded, but I still have not received the refund. This kind of service is unacceptable. Taking payment without delivering the product and then delaying the refund causes inconvenience and loss of trust. I expected better service from Blinkit. I hope this issue gets",https://play.google.com/store/apps/details?id=com.grofers.customerapp&reviewId=730ba5ca-5327-4cc3-9d2a-0c3372fa7c2f
play_store,2026-06-21T02:37:25,1,"What a terrible app—they rip people off. They cancel orders for no reason and then fail to issue refunds. They’ve cancelled three of my orders in the last month, and I still haven't received my ₹2,400 back. That is not a small amount of money. If I don't get a refund, I will take legal action.",https://play.google.com/store/apps/details?id=com.grofers.customerapp&reviewId=90fbffd4-475e-4a8a-8c34-057c3f41334e
play_store,2026-07-15T23:53:57,1,"while ordering my product the after selecting the product in my cart and after ordering from cart the given all payment methods has been shown this payment methods are not available, even after adding money i. blinkit wallet the payment method is not available at the moment, now my money is stuck in wallet and there is no support from service centre pls resolve the problem",https://play.google.com/store/apps/details?id=com.grofers.customerapp&reviewId=6d8e9802-4b16-4c9c-8f9e-fbb17b0210a2
play_store,2026-06-03T08:42:51,1,Half of the time the store is closed. The delivery time always increase after placing the order also with every delivery some of the items are either rotten or expired. After which you have to raise a complain and they will just say take a refund. How this is justified you have delivered expired product or fruits that had fungus on the surface and now you are saying customer take back the money. if this would have happen 1-2 time I can understand but with every delivery it's the same case.,https://play.google.com/store/apps/details?id=com.grofers.customerapp&reviewId=b7f0d6af-4773-4299-9a51-a76e8917be71
play_store,2026-07-13T02:33:09,1,"Blinkit's service is becoming unacceptable. I ordered three cans of Hell energy drink and a packet of chips. The delivery partner reached near my location but refused to come to my doorstep. He told me that if I wanted the order, I had to come and collect it myself; otherwise, he would cancel it. I asked him to deliver it to my location as shown in the app, but he never came. He marked the order as delivered, took the payment, and left without giving me my order. This is completely unacceptable.",https://play.google.com/store/apps/details?id=com.grofers.customerapp&reviewId=1fe04d3e-c410-4b3b-bdde-697d4221edbe
play_store,2026-06-05T12:09:42,3,It is available in more areas compared to its competitors but in locations where other delivery apps like zepto and Instamart are available I will never use Blinkit because of Very High Prices and ₹8 fee on all orders and also surge fee. Blinkit is stuck in 2022. However it is available in more areas which is good.,https://play.google.com/store/apps/details?id=com.grofers.customerapp&reviewId=2e1b73b1-06f2-4bbd-b379-13e954dfe233
play_store,2026-05-10T10:26:22,3,"The Best App !! Best Service and alot of varieties -edit : previously it used to show 11-12 mins and it took almost 9 mins to deliver to my location but now it shows 19 mins irrespective of the time of the day and it takes almost 24-26 mins, really disappointed.Also 100% of the animal products like milk or egg are always rotten",https://play.google.com/store/apps/details?id=com.grofers.customerapp&reviewId=c69073b3-f091-4759-9df5-6a245e15e435
play_store,2026-06-27T13:24:26,1,"too many times after completing the payment they are cheating me without sending my ordered products and also for that if I go through customer support team there is no option to talk or about our issue,the only thing that they mentioned is go back to main menu and issue with placing an order.They are cheating all of us by doing online marketing.we are all encouraging them to do like this by repeating orders ignoring their mistakes",https://play.google.com/store/apps/details?id=com.grofers.customerapp&reviewId=8e315abf-c2ab-4cf5-a372-ea5754f9a3a5
play_store,2026-07-02T08:35:33,5,"I've had a generally good experience with Blinkit. The app is easy to use, deliveries are usually fast, and the product selection is good. Most orders arrive on time, and the convenience of getting groceries and essentials & prints delivered within minutes is a big advantage. Thank you so much Blinkit. 😊",https://play.google.com/store/apps/details?id=com.grofers.customerapp&reviewId=9bb40db9-a94f-436a-a829-2caad56208a7
play_store,2026-07-04T18:51:11,2,"alot of unnecessary charges plus very slow delivery and most of the time unavailable, no every time. One day I order something and it's being 1 hour but I still not received my order plus the payment had already done, it again and again saying 13 minutes more. It's soo frustrating.",https://play.google.com/store/apps/details?id=com.grofers.customerapp&reviewId=1a6a7d2f-f564-4b62-b37e-1a9bd6bba8e2
play_store,2026-07-01T14:29:06,1,"I would like to rate minus 0, minus 100 etc, as I was waiting for long time whatever I order, and they cancelled the order from their side. if this app made for ease whatever their advertise say, then should not cancel like such",https://play.google.com/store/apps/details?id=com.grofers.customerapp&reviewId=5da7682d-b989-41a0-a756-3e043cb278e3
play_store,2026-05-24T15:49:50,1,I ordered 2items from the app. One item was completely fine & delivered in proper condition but the second item arrived with a broken seal and visible teeth marks on the cover/cap. Because of hygiene and safety concerns I had to throw it away. This kind of packaging issue should be checked properly before delivery. Very disappointing experience. After this experience I am uninstalling the app and I don’t think I will order from it again. I would also not recommend others to order from this app.,https://play.google.com/store/apps/details?id=com.grofers.customerapp&reviewId=34effa3b-9aa0-48d9-a6c4-618a6b64dff9
play_store,2026-06-03T17:24:55,4,easy to use and app is good but only the thing is if you need something urgently you have to unnecessarily add items upto 159 or more to get free delivery whether store is quite near to my location so they should work on it if it is not very far order upto 100 should be at free delivery.,https://play.google.com/store/apps/details?id=com.grofers.customerapp&reviewId=b2dc19df-dd09-4bab-aca9-da1c97e81620
play_store,2026-07-02T14:19:31,5,"Blinkit is a very useful online grocery delivery app. It delivers groceries, snacks, fruits, vegetables, medicines, and other daily essentials quickly. The app is easy to use, and the products are usually fresh and well-packed. The delivery is fast, and the customer service is helpful. Blinkit saves time and makes shopping convenient, especially when you need something urgently. Overall, it is a reliable and convenient delivery service.",https://play.google.com/store/apps/details?id=com.grofers.customerapp&reviewId=2283a2fc-c5b2-4d43-8cd5-97aef9968a2a
play_store,2026-07-06T17:15:20,5,Blinkit is so easy to use but sometimes if u cancel u can't put on cash delivery only if u pay with card for 10to20 times then u can put cash on again and it has almost everything in it i really love the app but if u buy vegetables in the evening or night it bad only in the morning the vegetables is good I recommend this app for you 😊,https://play.google.com/store/apps/details?id=com.grofers.customerapp&reviewId=708bf2ae-98ad-46c9-84c4-fde7dc0f8704
play_store,2026-06-19T23:53:58,1,"I accidentally added an extra item after placing my order. There was no option to modify or remove the item, even though the order had not yet been packed or dispatched. This was very disappointing and made for a poor customer experience.",https://play.google.com/store/apps/details?id=com.grofers.customerapp&reviewId=eb33f4fc-8b8e-4cac-93d0-cef3351c4d97
play_store,2026-06-26T16:47:05,1,"I ordered one item knee warmer. The size is not feet I want to replace but, they do not allow me to replace very bad experience on Amazon they can contact the seller and we can talk and replace items. It's not about return it just replacement it should have this Open available if size it not feet. Size is something you can not predict on online platform. So, thay should open for replacement if size issue. My money wasted and The item is also useless for me. I want XXL and this item size is L.",https://play.google.com/store/apps/details?id=com.grofers.customerapp&reviewId=015e3f35-2d22-447a-a31c-89c4a2afc120
play_store,2026-07-02T16:17:12,1,prices are high as compared to other apps. refund is given in form of vouchers which are not automatically added during payment process and you tend to forget those vouchers. was using this for several years but not using it anymore.,https://play.google.com/store/apps/details?id=com.grofers.customerapp&reviewId=7a59fee6-6a4d-4909-a748-c575362932e4
play_store,2026-06-23T21:32:46,1,"It was good when I started using the app but now it's kind of like scamming people. I ordered some things and it was showing to be delivered in about 8 minutes, after 16 minutes it's still showing arriving in 8 minutes.",https://play.google.com/store/apps/details?id=com.grofers.customerapp&reviewId=ad1c9b68-267f-4fc5-a153-648bd2394bbb
play_store,2026-07-13T20:52:02,1,Your service is veryyy cheapp the delivery guy didn't wait for the assurance from us it was a parcel to someone else there was a clear misunderstanding but we told to wait we were reaching to the blinkit guy but he left without telling us ruining the suprise of mine and also the refund didn't come and app is showing that it is arrived properly veryy baddd recommendationn poorrr jobbb,https://play.google.com/store/apps/details?id=com.grofers.customerapp&reviewId=f2fdf512-f28a-4c7e-88cc-b3f61c6c75ec
play_store,2026-06-30T13:49:08,1,"I would not recommend Blinkit's document printing service for confidential documents. I uploaded sensitive files like my Aadhaar card, scorecard, and certificates, but the printout packet arrived already open and looked torn. This raised serious concerns about the security of my personal information and the possibility of a data leak. If you're printing confidential documents, use this service at your own risk until they improve their document handling and packaging security.",https://play.google.com/store/apps/details?id=com.grofers.customerapp&reviewId=8a90f323-7a61-43a7-806a-d694e415d235
play_store,2026-06-17T12:32:34,1,"my first order, took me almost an hour to order one single order, app was glitching, restarting again and again and again and again and again and again and again and again and again. worst ordering experience of my life across all e-commerce platforms. Do better, even 1 star ⭐ feels like a big giveaway from me to you... pathetic service quality of your app..",https://play.google.com/store/apps/details?id=com.grofers.customerapp&reviewId=6443e838-dad8-4e61-9351-ea31b21ae29b
play_store,2026-05-08T18:52:01,3,this apps is very useful and convenient but there is one major problem its electronics are not very good it doesn't even have school project things like sort of bulb holders or mini motors and the electronics are not of very good quality 😕 hear me out you have to do some quite working on your electronic system trust me then it will be much better,https://play.google.com/store/apps/details?id=com.grofers.customerapp&reviewId=93761295-e95f-43eb-a6a4-de3033ab46aa
play_store,2026-06-10T23:06:30,1,I used to order a lot from this app but suddenly I started receiving rotten and spoiled items and hence stopped using this app and switched back to my local kirana shop and vegetable vendor.....the experience was pathetic and it couldn't be more worst also the query section doesn't work they ask us to email our query which is again very hectic.,https://play.google.com/store/apps/details?id=com.grofers.customerapp&reviewId=723ff25c-ff65-48fe-9f83-af1fef996dce
play_store,2026-05-10T21:07:25,1,"Blinkit is completely useless in Borda Margao. For over a week it shows “currently unavailable” all day and night. What’s the point of listing great prices if you can’t order anything? It’s misleading and a waste of time. Every time I open the app it’s the same nonsense. No proper way to complain either, just limited options and even a character limit. At this point the app is as good as uninstalling. Fix your service or stop pretending to operate here. edit: again it's unavailable!!",https://play.google.com/store/apps/details?id=com.grofers.customerapp&reviewId=2be4f380-eddc-490d-8703-190ca32c0a78
play_store,2026-07-03T22:39:28,1,Totally bad experience actually i did order by mistake in wrong address and i was already paid before delivery and after i saw then i want to change or cancel order but this was not available and i try to contact blinkit support but don't come responsible msg in there side and this is totally baad experience and now i did delete and never use this app and also i will say many people and friends about this experience and i will also say that this blinkit support is totally worst.,https://play.google.com/store/apps/details?id=com.grofers.customerapp&reviewId=fddd76c0-f37c-43a0-a3dc-ebefeeac74e8
play_store,2026-06-25T21:39:01,1,"I am from Salem, Tamil Nadu. For the last one week, almost all payment methods in Blinkit have been unavailable. UPI (Google Pay, PhonePe, Paytm, Amazon Pay UPI), credit/debit cards, and other payment options show technical errors. Even though I have sufficient balance in Amazon Pay, the payment still fails. Because of this issue, I am unable to place any orders. Please check if this is a location-specific issue and resolve it as soon as possible. Very disappointing experience.",https://play.google.com/store/apps/details?id=com.grofers.customerapp&reviewId=bae91c53-6185-4836-9153-ead4f5b870ed
play_store,2026-07-05T19:55:02,2,"Received a pack of 10 Classmate Octane pens, but the red pen doesn't work at all. Tried getting help through the app, but it says ""not validated."" It’s unfair that customers have to pay for defective items because the chat support doesn't work properly.",https://play.google.com/store/apps/details?id=com.grofers.customerapp&reviewId=18dff7c9-3115-472f-8942-bce485fe505a
play_store,2026-05-21T13:27:42,5,"Blink It is a really great app. I have been using Blink It for almost a year now. I have tried many other apps but Blink It's service is really great. It is a time to time service. And I have a lot of confidence in it. The only problem I have with it is that the minimum order should not be up to ₹200. I wish it should be at least up to 100 rupees. Otherwise, this app is really helpful.",https://play.google.com/store/apps/details?id=com.grofers.customerapp&reviewId=084a31c4-aae7-49c1-b36f-8fe8fbc9d1f1
play_store,2026-07-05T19:23:02,1,worst app ever . not any support I had buying many products from blinkit every alternate date I had order many products . today I had order a charging cable .. the cable was not working properly . I had raised a request for return. but no one is support for refund this product.. zepto and Instamart is better for shopping,https://play.google.com/store/apps/details?id=com.grofers.customerapp&reviewId=d3a54392-a65a-4dfa-998b-99258e1b5f5d
play_store,2026-05-12T20:25:37,3,"""Blinkit"" is the worst app ever. I ordered a talc powder and chose online payment, but the delivery person refused, saying the scanner was not working and asked for cash instead. I did not have cash. This keeps happening — delivery agents do not carry change and expect customers to adjust. He told me to cancel the order, and after cancelling, Blinkit charged me a cancellation fee even though the mistake was from your side. Very poor service.",https://play.google.com/store/apps/details?id=com.grofers.customerapp&reviewId=6f5530fd-0a59-4474-a39b-930b3e96f30b
play_store,2026-07-04T21:05:24,1,be careful when you order any electronic item from this app coz I just ordered a laptop stand which cannot even hold my laptop properly and continuously loosing balance so I reached out to the customer support and told them my issue but the executive officer named vikas didn't even bother to reply just shared a message that they can't help. So whenever you are ordering any electronic item please order from Flipkart or amazon you'll get same product at cheaper price.,https://play.google.com/store/apps/details?id=com.grofers.customerapp&reviewId=6c3d5b63-7e9e-4f50-836a-09bd9c012e8d
play_store,2026-05-22T21:07:34,1,I am deleting this freaking app for my own good i accidentally made order twice one where I had paid on door step and one where I have already paid through online. here cancelling of order is very annoying like it's not even convenient to cancel the order like what the heck . I mean I had to call the delivery partner and cancel it. i selected promo code by mistake and it don't even have reconfirmation and now I can't change it cash,https://play.google.com/store/apps/details?id=com.grofers.customerapp&reviewId=7593e26f-35ce-4cf7-bc98-12cef5da73ab
play_store,2026-05-31T22:48:30,1,the customer support is only option oriented. if someone has to report another problem which is not listed anywhere about any glitch in the app or account. they have no where to report. very bad customer support. atleast they should have given option to customers to report their problem somewhere.,https://play.google.com/store/apps/details?id=com.grofers.customerapp&reviewId=9578e183-9325-4e0a-b10f-7c7828331da7
play_store,2026-07-09T19:57:26,1,"I purchase something, in the morning it came to me, in a broken condition. it was too broken that I wonder why the delivery guy even picked it up from the store in the first place. Moreover when I tried to get it replaced, I have been waiting till evening but I have not received any replacement. I am assured that I will get my money back but now I will uninstall the app and never use it again",https://play.google.com/store/apps/details?id=com.grofers.customerapp&reviewId=2991974c-eb53-4da1-a28e-68b4d730127f
play_store,2026-05-18T22:10:28,1,"I am giving 1 star if there is an option to give 0 stars I will give that I ordered symphony air cooler, in that package wheels was missing I requested the delivery agent for replacement he suggested to submit replacement request in the app that option was not showing, before ordering it was showing 7 days replacement. we have sent an email but in return we got a response that they are not responsible for that they sent a sealed package but I have already submitted an open box video and photos.",https://play.google.com/store/apps/details?id=com.grofers.customerapp&reviewId=6c7c0191-6692-4096-80df-4a49191289b9
play_store,2026-05-26T16:46:51,2,"My ice cream had already melted because the delivery was extremely late. The most disappointing part is that the delivery boy marked the order as “arrived” 17 minutes earlier, but actually delivered it after 26 minutes. This is not a good habit or service at all. This has happened to me twice now. Last time, it got delayed by 40 minutes and the order was eventually cancelled. Really disappointed with this experience.",https://play.google.com/store/apps/details?id=com.grofers.customerapp&reviewId=c9f4cd35-a6c1-4d1c-966e-c17e0354e42d
play_store,2026-07-13T00:25:31,1,"They delivered a faulty product. The earphone was simply not working. When I tried to replace it, there was no Return/Replace option in my account. After struggling through the chatbot, I finally reached support, who kept demanding impossible proof. They asked for a slow-motion 360° video of the entire 1-meter cable in crystal-clear 4K quality, as if I were a professional videographer. I paid ₹210 (₹185 + ₹5 handling + ₹20 tip) and received neither a replacement nor a refund.",https://play.google.com/store/apps/details?id=com.grofers.customerapp&reviewId=46cbd1ab-2907-480d-8ecf-35a4fcb8c3cb
play_store,2026-06-10T11:06:44,1,"Worst delivery app. First they accept the order, their delivery partner pick the order, then they cancel the order and also they show something else on their app and delivers something else. I ordered Happilo premium seedless green raisins packs of 250gm each but they send packs of 200gm each. Now, they are not resolving my problem",https://play.google.com/store/apps/details?id=com.grofers.customerapp&reviewId=61f27f6d-a140-4aa5-b1c3-3e485784cdc4
play_store,2026-07-01T10:38:45,5,"I Great app for quick grocery delivery! The products are usually fresh, delivery is fast, and the app is easy to use. It saves a lot of time, especially for last-minute needs. Overall, a convenient and reliable service.",https://play.google.com/store/apps/details?id=com.grofers.customerapp&reviewId=0ccfb5f0-d441-4f69-ae77-71f7860ee0ce
play_store,2026-05-20T14:24:03,1,this app is not good at all... handling fees are high and not exact everytime you order something(5-50rs) aside from that extra charges (around 40rs for no reason)if you order something even above 100rs you'll realise you are paying 50-70rs extra for no reason....this app needs to stop charging extra....this app rarely allows cash on delivery too and glitches dont allow you to place order sometimes....,https://play.google.com/store/apps/details?id=com.grofers.customerapp&reviewId=e1960cc9-22aa-4d95-99a0-c07439300023
play_store,2026-05-09T19:19:57,1,"Don't download tthe app , service is worthless, a reply takes 2 to 3 hrs The product i ordered is going to expire in 10 days and due to that i asked replacement this was their reply Upon careful review of our records and a detailed examination during the delivery process, we can confirm that the concern item in your recent order is well within its shelf life, ensuring it can be safely used without any worries. Hence, we are unable to create a replacement, redelivery or initiate a refund.",https://play.google.com/store/apps/details?id=com.grofers.customerapp&reviewId=9e26a091-919b-4d23-b743-ad0ae717b3b0
play_store,2026-06-27T23:06:07,1,"Very disappointing experience with Blinkit. I received a ₹1,500 product that was already opened and damaged. Even though the product has a 7-day replacement policy, Blinkit refused to help and simply said, ""We can't help you with this."" What's the point of a replacement policy if it's not honored? Unacceptable customer service.",https://play.google.com/store/apps/details?id=com.grofers.customerapp&reviewId=dc783475-3eef-4a82-a57c-e300ebf6678c
play_store,2026-06-17T20:11:27,4,"not 5 stars because if you are in time crunch this will come in heady, it should add more options for example:- it offers chips at 40₹ for a big packet instead it could try making a bundle of 4 10₹ packets of different varieties or let you choose that variety and buy that way",https://play.google.com/store/apps/details?id=com.grofers.customerapp&reviewId=185149b5-aca7-478a-836c-6c175b789b1b
play_store,2026-07-13T18:31:58,1,worst app can't you even show products even the location is unavailable like Amazon or meesho I really got frustrated just after downloading it I tried more than 5 location over 3 district but it didn't work don't download the app and waste your time just install Amazon or meesho,https://play.google.com/store/apps/details?id=com.grofers.customerapp&reviewId=03c1580b-a1b0-45d0-9884-2643f298b0ee
play_store,2026-06-24T11:27:40,1,"Worst customer support ever, I had ordered a bottle and got a scratched one, I had complained on the app, only computerised messages and when I mailed them, after all proof they called that they will schedule my replacement the next day but no contact later and I wasn't contacted for exchanging the damaged product and no replacement scheduled",https://play.google.com/store/apps/details?id=com.grofers.customerapp&reviewId=5af77979-21c2-4b4e-9854-0ce51341fd13
play_store,2026-06-28T00:32:31,1,"I had a very bad experience with Blinkit. I ordered an amount of 2300 Rs. The first time, they assigned two drivers. I selected the correct location from home, but while delivering, the driver did not find my location. I sent the location again, then one driver delivered, but the second driver asked for extra money. Both drivers were delivering the same order. This is not my fault if they are unable to find the location; this is an app glitch. I had to give extra money to this driver because I n",https://play.google.com/store/apps/details?id=com.grofers.customerapp&reviewId=2c53d267-375c-4159-95f5-c3a4fb8b538e
play_store,2026-06-17T21:21:17,3,"My recent order arrived with the product seal broken and part of the item missing. Your app offers no option to upload photos, start a return, or reach an agent. This issue has happened multiple times. If this is not resolved immediately with a refund or replacement, I will stop using your app",https://play.google.com/store/apps/details?id=com.grofers.customerapp&reviewId=ccab77e3-3b51-437b-b3fb-bafbef3e15ca
play_store,2026-07-04T14:09:22,5,"Excellent service! The delivery was super fast, the products were fresh, and everything arrived in perfect condition. The app is easy to use, prices are reasonable, and the delivery partner was polite and professional. A very convenient way to shop for daily essentials. Highly recommended!",https://play.google.com/store/apps/details?id=com.grofers.customerapp&reviewId=08971005-83fd-4ede-b172-f9138e0d334c
play_store,2026-05-27T11:02:32,4,"btw it's a good app for quick online shopping...but there's something which I don't like... whenever I choose cash on delivery, the parcel delivery is on time...and when I pay first then it takes so much time to deliver like more than hour...as if they don't care",https://play.google.com/store/apps/details?id=com.grofers.customerapp&reviewId=45ac415a-b113-4da8-9310-a88d6cfb18f7
play_store,2026-07-04T13:28:26,5,"The app is good, but there's one major issue. There is no option to write a custom complaint or feedback. Users are forced to choose only from predefined options, which makes it impossible to explain a different issue or share a useful suggestion. Please add a free-text feedback/complaint option so customers can properly communicate their concerns and suggestions.",https://play.google.com/store/apps/details?id=com.grofers.customerapp&reviewId=336dfe61-06e5-446a-a30c-f2330266696c
play_store,2026-05-20T23:05:10,1,"I'm frustrated with the location pop up each and every single damn time I open the app, I don't want to turn on my location all the time if I've already given you my delivery address. If you don't fix this issue then I'm gonna use other apps.",https://play.google.com/store/apps/details?id=com.grofers.customerapp&reviewId=61b9b9dc-871c-4314-9b73-a1dc80398035
play_store,2026-07-05T15:57:50,1,"Very disappointing experience. The oranges I received were rotten and completely unfit to eat. Despite reporting the issue, I received no proper resolution, and there was no way to speak to customer support. This is unacceptable for a service that claims to deliver fresh groceries. Blinkit needs to improve its quality checks and customer support. I hope this issue is taken seriously to prevent other customers from facing the same experience.",https://play.google.com/store/apps/details?id=com.grofers.customerapp&reviewId=ef5eb873-a021-4040-8383-2b4a18f3952a
play_store,2026-07-03T23:00:08,3,"I was really happy with Blinkit's service a few days ago, but lately I'm a bit disappointed. The minimum order value for free delivery has increased to ₹500, whereas earlier it was available on orders of around ₹200, which was much more convenient. Also, many products are now frequently out of stock. Previously, almost everything I needed was available, making the service much more reliable. I hope you improve these areas and bring back the same level of convenience and efficiency.",https://play.google.com/store/apps/details?id=com.grofers.customerapp&reviewId=41199456-b10c-4b93-931f-aca90874988e
play_store,2026-06-22T20:28:45,1,"Extremely unprofessional service. The delivery was severely delayed, wasting my valuable time. To top it off, the delivery rider cancelled the order from their end without delivering. This is completely unacceptable. While I have received the update that my refund will be credited by the 3-4 day",https://play.google.com/store/apps/details?id=com.grofers.customerapp&reviewId=0e92ee66-b13c-4aad-bf21-345f3825c683
play_store,2026-06-16T08:46:36,4,"Love to shop on blinkit. lots of variety, offers and fast delivery. My preferred app. Packing needs improvement,chips packs are flat, snacks are crushed inside packs sometimes. Carrots are still horrible. Meat was stinking as it was not stored at right temperatures. Pls improve. Still only Blinkit for me. Delivery persons are very polite and smooth. Tq",https://play.google.com/store/apps/details?id=com.grofers.customerapp&reviewId=aabdcb20-2669-4c72-bf38-269f75f9cf65
play_store,2026-06-19T00:26:38,1,"This app is making fake promises of delivery time, it's taking too much time for delivery items. First thing delivery time is very late , if you want to cancel order then taking also some amount, means it taking money on both side if you getting items or not.🤮",https://play.google.com/store/apps/details?id=com.grofers.customerapp&reviewId=3fc23f20-c35c-416c-8afe-017adf3c32c9
play_store,2026-06-24T21:38:11,1,"Don't use this app. This app is totally fraud they send defective/ tampered products and then denies for refund or exchange even after giving the evidence. Their 'need help' centre at their app is also very annoying, first and ai will talk to you and then it will assign you a support executive and that executive after wasting your time would impose decision on you and without asking that whether you are satisfied with the decision or not....I want to tell more but word limit is not allowing me",https://play.google.com/store/apps/details?id=com.grofers.customerapp&reviewId=767bcc29-96cc-4c6b-90b0-998639bbedaa
play_store,2026-05-18T18:17:41,4,"The rate and price of the productd are on the mrp, means there is no discount at all but if you need it in 10 to 15 minutes so it is great. Just i want blinkit to work on the discount and prices to be low. But the products and the policy of 10 to 15 minutes is great. i really appreciate. thankyou! 😊",https://play.google.com/store/apps/details?id=com.grofers.customerapp&reviewId=62dafbec-60dc-43bb-a631-da314301f5cd
play_store,2026-05-24T18:56:19,1,"very disappointing experience with blinkit my order was cancelled from there side yet my refund is being delayed again n again. I had placed an order on 20th of may , firstly I was told that the refund would be processed by 25th may and now the day has been shifted to 28th may. payments are deducted instantly, but refund take several days even when the mistake is from company's side. poor customer support and an unfair refund process. pls resolve this issue Emidiatly",https://play.google.com/store/apps/details?id=com.grofers.customerapp&reviewId=604a974c-05f5-4ed9-8448-cee72d1ac796
play_store,2026-05-24T15:12:53,1,"Very disappointing service from Blinkit. The quality of products is getting worse day by day. Many items arrive damaged or not fresh, and when we ask for a replacement, they don’t replace the product properly — instead they just add money to the Blinkit wallet/app balance. There is no proper replacement option offered for customers. This feels unfair and inconvenient. Expected much better service and customer support.",https://play.google.com/store/apps/details?id=com.grofers.customerapp&reviewId=7b762c44-0a18-4365-adbc-de21b502e6a4
play_store,2026-07-04T23:09:43,5,Should add more discounts and coupons . But I got a creative idea play a mini game and the amount of score will decide the amount of off u get. But the delivery is rapid fast like I thought guests have arrived becuz I ordered it like 5 minutes ago.,https://play.google.com/store/apps/details?id=com.grofers.customerapp&reviewId=d7f4b349-cda9-4a6a-a5ba-59dd25492f87
play_store,2026-06-01T23:42:23,1,"It's now the worst app.Especially if you want to deliver to another location or send someone anything.Incompetent delivery partners who ask you to get your order from the street! And not a single delivery person reads the address, they only follow the map, which never shows real location. It's now the most frustrating app.",https://play.google.com/store/apps/details?id=com.grofers.customerapp&reviewId=8479383d-de62-492a-bef5-f75cc37a300c
play_store,2026-05-07T13:31:58,1,"Blinkit deducted money from my account still no ordered placed. My money is still not returned (even after 7 days), and that was a BIG AMOUNT. They have no customer care helpline no. as well. I'm stopping use this app as they have no responsibility and accountability for their customers and I will be suggesting this to others as well. DISAPPOINTING.",https://play.google.com/store/apps/details?id=com.grofers.customerapp&reviewId=86149f8b-aaee-49a0-a6b0-594bae06b59e
play_store,2026-05-07T12:10:32,5,"“Blinkit is one of the fastest and most convenient delivery apps I’ve ever used. The delivery is super quick, products are fresh, and the app is very easy to use. Whether it’s groceries, snacks, drinks, or daily essentials, everything arrives in minutes. The customer support is also helpful and responsive. Perfect for busy days and last-minute needs. Highly recommended for anyone who wants fast and reliable shopping at home!”",https://play.google.com/store/apps/details?id=com.grofers.customerapp&reviewId=54f89854-29f5-403f-a2ee-71912af19757
play_store,2026-06-17T13:34:59,4,it's good and delivers really quick but the delivery charges are way to high you can't buy any thing in emergency if you don't have enough money like a note of 200 and there is a limitto do cash on delivery i mean that you have to order something of atleast 100₹ .so it's good but I just want the charges to low down and that limit to go away .,https://play.google.com/store/apps/details?id=com.grofers.customerapp&reviewId=f77055bf-8efd-4049-9248-14048dfde24a
play_store,2026-06-09T10:28:25,2,"first of all. ordr delivered in 29 mins, not 10 mins. second - if an item in the order is not available, customer needs to be informed before pmt. so that we can atleast order a substitute. even the delivery person did not inform. realised only after opening the packet. kindly keep updating/ stock availability on your app. the missing item was a very commonly used food item, required for immdt use. disappointing to see this messed up.",https://play.google.com/store/apps/details?id=com.grofers.customerapp&reviewId=9050811f-986c-4c3e-b5de-f4995e917650
play_store,2026-07-16T07:24:55,1,"You delivered rotten sweet potatoes. It was obvious that they were spoiled, yet they were packed and sent to me. The moment I opened the package, a rotten, mushy piece fell out with a horrible smell. Do you not check the quality of the products before packing and dispatching them? This is completely unacceptable.",https://play.google.com/store/apps/details?id=com.grofers.customerapp&reviewId=4357f07e-e053-467c-8479-4bea9bf006f8
play_store,2026-06-22T15:04:12,1,Downgraded the rating from 5 to 1. Standard have slipped. these guys are good for groceries not any other product. they don't have return policy like Amazon does. Sorry you just lost business from me. I'll rely more on Amazon now a 10 mins delivery than yours. they take action on bad quality products not like you you guys sold me a laptop stand which is a thin take item and refused to take it when I raised the quality issue immediately citin no return policy. ill be seeing you in consumer court,https://play.google.com/store/apps/details?id=com.grofers.customerapp&reviewId=3918132a-becd-4020-bdd7-4bb230d8dd9e
play_store,2026-07-04T00:19:37,1,"It shows as available in stock—which implies the product exists—and the delivery person even set out with it. I placed the order and waited a long time for the delivery person, only for the status to update saying he had arrived, and now I am being told the product is out of stock. What exactly do you take the customer for? and delivery men tell me sir you can cancel your order And Blinkit shows that your order has been delivered",https://play.google.com/store/apps/details?id=com.grofers.customerapp&reviewId=104b6e0a-9f9f-4414-acb3-124df85a484d
play_store,2026-06-18T11:47:59,1,"This app is a total fraud. It doesn't deliver the items we order and feels like it's only taking people's money. Even when we try to report issues through the help section, there is no proper support it's only showing the reorder option. In my experience, Instamart and other online shopping apps are much better. Kr puram ayyappanagar store is totally a fraud, when I called the delivery person no proper response was totally froud, Kr puram ayyappanagar store.",https://play.google.com/store/apps/details?id=com.grofers.customerapp&reviewId=3a8c5dc7-3356-45ec-8af4-e199899a9155
play_store,2026-07-04T14:38:18,3,"i like the overall experience however me and my family have faced one issue on almost every order. we mostly place order as COD. sometimes we don't have change, and neither do the delivery boy. not everyone uses online transactions much. i highly want blinkit to look into this matter and solve the inconvenience. and it honestly is a HUGE INCONVENIENCE.",https://play.google.com/store/apps/details?id=com.grofers.customerapp&reviewId=0c98f490-a862-4269-8876-9ee7fb376391
play_store,2026-06-19T11:05:56,1,"worst customer care ever seen, whatever your issue is they only ask you to mail your issue, then what's the use of help chat in app. Even the returnable items can't be returned as they don't even reply to mails. On top of it no helpline number...",https://play.google.com/store/apps/details?id=com.grofers.customerapp&reviewId=007b6f8b-afdd-4e61-bc33-51ee21f51ca7
play_store,2026-06-23T06:41:40,1,"Such a worst app. I have ordered some fruits and they were delivered rotten. after one of persistent efforts, they refunded in the form of Promo code as it is their marketing strategy as the customer should purchase only from their app. I want the refund to bank account.",https://play.google.com/store/apps/details?id=com.grofers.customerapp&reviewId=ea00d8c3-6316-45d7-a5ae-57ad7554101d
play_store,2026-07-08T16:23:18,1,"Here is a single statement that captures all of your points: ""It is a frequent issue on Blinkit that customers provide incorrect locations, often leading to a detour of 5-6 km, which is a significant challenge for a bicycle delivery partner. I did not receive any support from the store manager during cancellation, and Blinkit support executives abruptly disconnected my call without listening to the full situation, which led to an unfair deduction of my incentive. Furthermore, the platform does",https://play.google.com/store/apps/details?id=com.grofers.customerapp&reviewId=cba1c1e4-b926-4ba4-a340-d4dac339ff48
play_store,2026-07-10T14:14:02,2,"App crashing issue needs urgent fix The Blinkit app is crashing on launch. It only shows the logo and then doesn’t open at all. Because of this, the delivery partner also faced issues trying to access my order details and contact information. I really appreciate the delivery boy’s effort — he still managed to deliver despite the app problem. pleas fix the app stability. also app is stull crashing.",https://play.google.com/store/apps/details?id=com.grofers.customerapp&reviewId=a76b8c1f-109f-4353-b12a-dee3a18f32b6
play_store,2026-06-11T16:02:04,1,"They advertise it as the very best but deliver a very poor road side product instead. Do not order from this site. The customer care team is also arrogant and unhelpful. I do not recommend buying anything from this website. Even if the prices seem cheap, you may end up wasting your money on poor-quality products that are not as advertised. Please be careful before placing an order.""",https://play.google.com/store/apps/details?id=com.grofers.customerapp&reviewId=83c85c4e-85f1-40fe-a060-5a4ed519bb45
play_store,2026-06-23T22:24:50,1,Very Bad experience as they have not delivered one of my product I have contacted support team they have asked delivery partner and store for that they said it is delivered but I have proof of it also of call with delivery partner where he have accepted it I even send these recordings to them but they have not taken any action and this missing of items happened 2-3 times with me very bad service and support team .All things are corrupted here.,https://play.google.com/store/apps/details?id=com.grofers.customerapp&reviewId=80f4f8be-ebf7-4c1f-8909-eb74c0ad85c9
play_store,2026-06-30T13:44:42,1,"I ordered groceries from Blinkit, and they cheated me twice. They delivered expired products and even sent opened/torn packages. When I requested a refund, they marked it as ""Refund Successful"" in the app, but the money never actually reached my bank account. I would not recommend using Blinkit. Please uninstall the app and avoid using their service.",https://play.google.com/store/apps/details?id=com.grofers.customerapp&reviewId=d5628691-da5f-402e-baeb-27dd8096a131
play_store,2026-05-12T20:43:14,1,"Blinkit. You don't have 80% of the times people available to deliver your order. And when you do, you randomly remove some items because they are magically unavailable. Now how do I order one bread without paying a surge and delivery on it? I do not want refund, I want the food item. You keep me hungry for half an hour extra. I sincerely hope, with all my heart, that your company gets shut down. And I will never ever ever use your app again, and tell everyone to not to. This is beyond pathetic.",https://play.google.com/store/apps/details?id=com.grofers.customerapp&reviewId=5e204f78-ee1b-42e9-8b4d-985b611b591c
play_store,2026-07-03T14:52:33,1,the people never come to proper location even if the proper location is properly given . they messed up like 3 to 4 times and the calls never went through it's supposed to be coming in a instant but the calls are never working and the people messed up the location and it was all a frustrating experience,https://play.google.com/store/apps/details?id=com.grofers.customerapp&reviewId=209e8cf5-fd7a-475d-b477-5f9f7cc54790
play_store,2026-07-14T08:28:18,5,it's the best platform when u need in minutes like groceries etc it's very useful to me and pls make sure that if I order only 1 item or more the total amount is very more and if I order one items it shows more to me overall I loved using the app so far,https://play.google.com/store/apps/details?id=com.grofers.customerapp&reviewId=8d70c692-c52b-427d-88a2-382a48fbe925
play_store,2026-05-31T12:23:47,1,"always late in delivering the products and they can't even read the address and reach the destination. they follow the map which always takes them to the wrong direction, and the order is further delayed because they only follow the map and can't read the address clearly. today again the order is delayed, was supposed to reach at 12.14 already 12 20pm and shows further delay of 5 min. very poor service. kindly employ staff who know the area very well.",https://play.google.com/store/apps/details?id=com.grofers.customerapp&reviewId=3cd25721-277f-425c-b8b5-2757caa97c27
play_store,2026-06-24T22:31:42,1,"pathetic Service and customer care team, I order one product which is remote but the problem is it is not getting sync with the TV. once I proceed with the return customer care team refuses to get the refund. I did not understand I ordered everything from blinkit and a product where there is genuinely issue withthe compatibility your team refuses to refund the amount of rs 599 ?",https://play.google.com/store/apps/details?id=com.grofers.customerapp&reviewId=d986695a-23a8-4fa1-ab0a-3685c6d39a53
play_store,2026-07-02T09:03:47,5,"Super fast delivery and all products were fresh and well packed. The app is easy to use, delivery partner was polite, and the overall experience was excellent. Highly recommended for quick grocery shopping. Keep up the great work! Hello Blinkit Team, My name is Nishu Nix. I really like your service. Deliveries are always fast, products are fresh, and the overall experience is excellent. As a loyal customer, I would be grateful if you could provide me with a special discount coupon or offer",https://play.google.com/store/apps/details?id=com.grofers.customerapp&reviewId=30429ccb-0a28-4c5e-b041-cf90f5bfecce
play_store,2026-06-20T16:40:45,1,"Wrong product delivered. Blinkit arranged a return pickup and the item was collected. Later, support denied my refund saying they couldn't identify the issue. No explanation, no accountability, and no proper investigation. Extremely disappointing experience.",https://play.google.com/store/apps/details?id=com.grofers.customerapp&reviewId=de657cde-01d0-4db9-958b-74029dbef8a4
play_store,2026-06-13T21:45:29,5,this is the best source and delivery person are even prefer excellent I think they should not work overnight 😕. otherwise this is the best source we can just go and order on it and it is exact of it the correct timing at 10 minutes delivery and it never ask your location on the phone calls like other apps.,https://play.google.com/store/apps/details?id=com.grofers.customerapp&reviewId=a9d88dfd-0ef5-4002-ab4c-7cbbd6b0645e
play_store,2026-07-11T10:17:09,1,"On last Sunday at around 9:30 AM, I placed an order for confidential document printing. The order was marked as cancelled, and I was informed that a refund had been processed. Based on this information, I assumed that the documents had not been printed or delivered. However, today I was informed that the documents were, in fact, delivered to the wrong address. This is a serious breach, as the documents contained confidential information.",https://play.google.com/store/apps/details?id=com.grofers.customerapp&reviewId=ad4c7bb5-fbd9-4b16-9e28-23ca7329083a
play_store,2026-07-05T10:02:56,1,"Worst experience I've ever had. Blinkit customer care is terrible. Before buying, they say ""returnable, easy to return."" But once you place the order, you can't cancel and you can't return the product. Worst app. I won't use it again.",https://play.google.com/store/apps/details?id=com.grofers.customerapp&reviewId=64d5fdbc-3c30-469c-a306-5edf962f963e
play_store,2026-06-26T16:36:12,1,worst app ever...i have placed an order with a proper location but the delivery agent seems to be confused about the location...I don't know why every time I place an order the app is showing different location to the delivery agent...it is not the issue of delivery agent it's the biggest issue of the app and app management...after placing an order with a proper location also I'm facing this issue every single time,https://play.google.com/store/apps/details?id=com.grofers.customerapp&reviewId=dba51b73-2920-4693-bfd1-5bbb6605fef5
play_store,2026-06-06T23:08:20,5,"Blinkit fulfill my every need without much hustle,they deliver products even when you are resting at your home just place order and then no worries,the app is very simple to use,and their wide range of products help us to purchase the most appropriate Thanks to Blinkit.",https://play.google.com/store/apps/details?id=com.grofers.customerapp&reviewId=4b19c81e-f161-4b29-86e6-95fd5771037b
play_store,2026-06-17T20:14:22,3,"Most of the delivery partners don't know the correct address. Like I ordered from two numbers so both numbers have the same address but from one number whenever I order something the delivery partner reaches the location correctly but from the other number, the delivery partner always says it's the wrong address. And I lost my COD bcz one delivery partner didn't know the correct address and then told me to cancel it. I was unaware of the cancellation policy that time...",https://play.google.com/store/apps/details?id=com.grofers.customerapp&reviewId=0cfceaa4-0235-44c2-aa6d-e1496eba407b
play_store,2026-05-20T08:46:10,1,"worst customer service ever. for a visible broken laptop table, they are not providing me refund for more than 12 hours. I'm keeping on trying to contact the customer service. Every time they want me to connect to customer care again and again and those every time I need to record my item's damage again and again.",https://play.google.com/store/apps/details?id=com.grofers.customerapp&reviewId=f87e2414-cd48-4b77-9ab5-e4cacbcbb673
play_store,2026-05-30T00:48:15,1,"Worst experience with Blinkit. The store is just 300 meters away, yet orders keep getting cancelled after making customers wait for almost an hour. Not even a delivery agent gets assigned, and then the store cancels the order without any proper reason. This is not just a payment issue — almost 2K of my money has been stuck for 3 days because of repeated order failures and delayed refunds. Customer support is useless and gives no proper resolution. Completely unreliable and frustrating service.",https://play.google.com/store/apps/details?id=com.grofers.customerapp&reviewId=21e8a295-20b7-4348-b61c-11ded738c73c
play_store,2026-06-10T13:17:31,1,"Worst customer service. never take back or return items, send wrong items and when we claim it for return they intentionally avoid it making customers to write an email and followup for multiple times (generally people leave it bcoz it is a lengthy process, that's their agenda. even zepto is of same category)",https://play.google.com/store/apps/details?id=com.grofers.customerapp&reviewId=53a7e589-3f83-46ab-a801-6d1e224cc570
play_store,2026-07-02T21:44:03,5,"I accidentally ordered 4 quantities instead of 3. I requested a return for 1 item, and the support team handled it very efficiently. The return was processed smoothly, and the refund amount has also been credited successfully. Thank you for the excellent support.",https://play.google.com/store/apps/details?id=com.grofers.customerapp&reviewId=b89e8540-5f9a-4f3a-bbbb-dcaac9f3e59d
play_store,2026-05-29T16:31:16,4,well this app is very good and useful but today I order something and one product was missing i don't check it because this never happens to me and i have full trust on blinkit but after that order. i regret why i order and receive it without checking all products and the worst thing is even delivery man was not receiving call! then why there is call option? but the good thing is blinkit give me my refund!,https://play.google.com/store/apps/details?id=com.grofers.customerapp&reviewId=1ab19eb5-20c6-4771-a476-e8aaaa118d8a
play_store,2026-07-10T17:18:16,1,"It's return policy is worst, as they like have guided by the manager or supervisor that don't take return only exchange; I have to suffer with my products after exchanging and when I told to return they are telling me that's against policy! if you want to do something claim the warranty of the product! are they crazy or what? product I will buy from blinkit and after all they don't provide a good service so what are they doing for? are they only selling purpose only...",https://play.google.com/store/apps/details?id=com.grofers.customerapp&reviewId=8cac582f-ecc5-4cf1-9128-48f6ec72850e
play_store,2026-05-25T23:30:28,1,"every time I am paying a surge fee for no reason, the same order I do it through other apps I am paying less and delivery time is also quicker. I have decided to uninstall this app and move on with other apps, i would suggest others also who are facing issues like me to uninstall this app and move on. The more customers they get the more cheap stunts are done.",https://play.google.com/store/apps/details?id=com.grofers.customerapp&reviewId=78f0adcc-a8b5-42fd-8f05-2eca85bd667d
play_store,2026-06-04T08:51:55,1,"blinkit is supposed to be last minute delivery app. but today, the order showed as 10 mins delivery but the delivery guy called after 25 mins. that too he didn't reach the correct address. because of the delay kids were late to school and had to go without food. the delivery came after we left for school. usually they are on time but today the app didn't serve the purpose.",https://play.google.com/store/apps/details?id=com.grofers.customerapp&reviewId=e9356c45-2fb3-4d71-805b-008c8a057744
play_store,2026-06-06T00:19:07,1,"""This is a really bad app. I placed two orders but the payment was deducted and I never received the items. It’s been a month now. Every time I complain, they say it takes 5-7 working days, but I still haven’t received my payment/refund.""",https://play.google.com/store/apps/details?id=com.grofers.customerapp&reviewId=afe749b1-6258-4496-b739-793210d537d5
play_store,2026-07-08T11:43:43,4,"Why this handling Fee, cut this off because Amazon Now is providing fresh items without any handling fee and Zepto also didn't have this handling fee and people want to save, even 5 rupees also so this 5 rupees, looks a lot; like a burden, in the bill.....!!!!!",https://play.google.com/store/apps/details?id=com.grofers.customerapp&reviewId=2b2219ca-a5f5-4baa-a371-29622519d3b2
play_store,2026-07-15T21:42:50,1,they cancel delivery themselves lots of time like they are the customer and we are delivery person....it shows 15 minutes late then cancelled a order. I am not going to use this aap ever it has very bad service.,https://play.google.com/store/apps/details?id=com.grofers.customerapp&reviewId=d2c598ac-1f7a-47a3-88e4-02383765016b
play_store,2026-05-14T16:41:16,2,yep i know most don't agree with me but this app will only help with grocery and snacks stuff that`s all it limited to that much but when it comes to speakers or earphones (electronic devices) even if it is faulty theres no guarantee at all that they will accept that product and my best peice of advice about this app is that don't always believe what you see because when I ask them the about the 7 dayz replacement policy they rejected that they can't accept at all just for eating it is good,https://play.google.com/store/apps/details?id=com.grofers.customerapp&reviewId=5e73b817-8480-4713-90af-7a25226a12a0
play_store,2026-06-04T12:41:04,1,"No customer support, i ordered a ubon 30 watt speaker I came defective and with missing remote I asked them for a replacement and for last two days they are just sending mails and trying to get rid of their responsibilities. rate this app one star and uninstall it.",https://play.google.com/store/apps/details?id=com.grofers.customerapp&reviewId=2b763aa7-a308-4ea7-a5b7-5387e47d8a85
play_store,2026-07-10T14:56:51,1,I ordered Eye drops and it came in bad condition. It had rava sticking to it and the entire eye drop was sticky. In the replacement also they bought the same condition another piece! There is no option to cancel the item or even customer care service is very bad!,https://play.google.com/store/apps/details?id=com.grofers.customerapp&reviewId=bb3c6c63-3140-49b4-8a7b-51e4b0d6d37f
play_store,2026-05-13T17:12:45,4,"At Blinkit , it is always fast delivery ( but also sometimes taking longer time to deliver )the cost of the items is kinda high and the delivery charge and handling fee is making it even more higher. I kindly request blinkit to reduce the cost of the shopping items and also please don't include unnecessary taxes or fee or charge at the billing , so that we could save more in online shopping .",https://play.google.com/store/apps/details?id=com.grofers.customerapp&reviewId=ba068fdb-fd33-4fa8-beee-0a23c85e545f
play_store,2026-07-06T21:39:34,1,"Extremely disappointed with my experience. The delivery agent behaved very rudely during the customer call and was completely unprofessional. On top of that, my order had missing items, which caused unnecessary inconvenience. This level of service is unacceptable. I expected better quality and customer support from Blinkit. I hope the company takes strict action to improve both delivery service and customer handling.",https://play.google.com/store/apps/details?id=com.grofers.customerapp&reviewId=f67f2ece-c710-4c12-aad1-029c610938b2
play_store,2026-07-09T17:48:46,1,"It started to feel like dynamic pricing. The price of certain items goes up if it thinks you're desperate enough to buy them, and it drops if it thinks you won't make the purchase otherwise.",https://play.google.com/store/apps/details?id=com.grofers.customerapp&reviewId=e5d1ee6a-7781-4583-83bd-605390341f4f
play_store,2026-05-22T10:07:24,1,Several orders in the past with expiry products were delivered. We customers don't pay extra delivery charges for expired products. Refund is a hassle. It's better to switch to other delivery apps. Horrible experience.,https://play.google.com/store/apps/details?id=com.grofers.customerapp&reviewId=bd56bc40-3bec-47da-9361-3c4e594029c7
play_store,2026-05-16T11:03:56,5,Amazing service really helpful for working people who don't have time to go grocery shopping. But the only problem is that sometimes veggies are not that fresh so please work on this problem otherwise the service is pretty nice,https://play.google.com/store/apps/details?id=com.grofers.customerapp&reviewId=e3886c44-c201-4cff-a107-bb29e2450a8c
play_store,2026-06-06T20:31:34,1,"Uninstalling this application today, customer care needs some training or process change. Before connecting to the customer care department, they had the process of sending a prior-issue message and video proof, but again, their agent was asking multiple questions and wanted to have a call to understand the issue. This kind of app has become successful because of lazy people like me, but I decided to change myself. I will go to the shop and purchase whatever I want.",https://play.google.com/store/apps/details?id=com.grofers.customerapp&reviewId=0616f00b-41f7-499b-bc7b-bcbedef7f6da
play_store,2026-07-10T12:12:35,5,"I have been a regular Blinkit customer, and my overall experience has always been excellent. The service is fast, reliable, and very convenient. Whenever I have needed assistance, the customer support team has been polite, responsive, and quick to resolve my concerns. Their commitment to customer satisfaction is truly appreciated. Thank you, Blinkit, for consistently providing such a great shopping experience. Highly recommended!😃😃",https://play.google.com/store/apps/details?id=com.grofers.customerapp&reviewId=a3d81cd6-b30d-4bc9-ace7-94b3585e4857
play_store,2026-07-06T19:34:24,1,"edit: yeah great the app is always on high demand. so I have to buy 499 plus, u guys are only 2nd worst to casinos the free delivery for 149 should be reduce to 110. also they add unnecessary discount when you reach 149 to make you pay for delivery charge. it's pretty cunning",https://play.google.com/store/apps/details?id=com.grofers.customerapp&reviewId=a2db5a37-dde0-4a88-ad24-a031d1ac8df9
play_store,2026-06-07T10:33:29,1,if blinkit really concern about customer experience. Try to improve your app interface bcz when we all required are ready in cart and before the checkout for payment it is mandatory for price description for checkout value. every time when I go for payment process it takes extra 8rs/- other than the products price without any proper product description,https://play.google.com/store/apps/details?id=com.grofers.customerapp&reviewId=357912a2-2ff9-4781-a34e-18d2b8274fe0
play_store,2026-07-05T13:35:20,1,this informed you all to. some time. these type of company doing scam with customers. they auto add the tip option in all the orders ??? who permit to them to this? and. I am unable to remove this. in single order we are unable to check deeply that tip was added in all the orders..this is worst experience.. i such.. thinking about that . not to do order this is my last order..,https://play.google.com/store/apps/details?id=com.grofers.customerapp&reviewId=512ef8f2-7e0c-40d3-8a24-340b17ae4aa2
play_store,2026-06-02T02:56:56,1,"Worst experience with Blinkit. They instantly accepted my order and charged my credit card, but later canceled it saying the item was out of stock. If the product wasn't available, why was the order accepted in the first place? Payment gets deducted immediately, but refund takes 4-7 days for a mistake from Blinkit's side. Customers should not have to wait for their own money because of poor inventory management. Very disappointing service",https://play.google.com/store/apps/details?id=com.grofers.customerapp&reviewId=04f242ad-e939-41e4-83f6-029ee372aa28
play_store,2026-05-17T09:14:47,1,Worst app I've used ever I ordered a blender but got a defective one and they are not even exchanging it return is not allowed and the support team is worst not at all helpful they are least interested they didn't addressed my issue and were all time saying sorry and denied to take the product back now I have to bear with this defective piece.. the app is total fraud be aware guyss don't buy anything,https://play.google.com/store/apps/details?id=com.grofers.customerapp&reviewId=d6e84cbe-fedc-4e92-9655-b6a578b65a15
play_store,2026-05-31T17:26:13,1,It was my 1st order on blinkit and I hated it. After the payment it said payment failed after which I placed the same order again. Now it started showing that both orders are being delivered. I don't understand what kind of a scam they're trying to do and if I'll even get a refund. In that order a received a torn packet of the bun too. So awful experience. Will not use blinkit service ever again.,https://play.google.com/store/apps/details?id=com.grofers.customerapp&reviewId=bb49579a-51d7-4990-962e-0681e991e2e7
play_store,2026-05-19T22:45:56,5,the products are good evrything is best of this aap but the price is high I think because like when I opened my account when was new there was only 100 rupee cart then they upgrade to 150 and now it is 200 I think it is little bit expensive that u just want a product for the price 150 or 170 but it is showing 200 or 230 because or the charges and then you have to buy unnecessary things from it. it is the main drawback I experience,https://play.google.com/store/apps/details?id=com.grofers.customerapp&reviewId=58bb9f3d-436c-47dc-a72a-43440f9f7679
play_store,2026-07-04T22:04:35,1,"Recently, I ordered some items from Blinkit by using my SBI credit card the amount get paid, but the order wasn't placed—instead, a message appeared that my order was cancelled. Who will take responsibility for the amount that was deducted? Not expecting this kind of experience.....",https://play.google.com/store/apps/details?id=com.grofers.customerapp&reviewId=c9a27e7e-5f61-4186-ab01-c2e7deb9a933
play_store,2026-06-07T18:30:57,1,"Very poor experience with Blinkit. This was my first order, and I received a defective AUX cable that didn't work on any device. Customer support kept asking for videos, and even after I submitted them, there was no proper resolution. Extremely disappointing service and a frustrating return process. Customers spend their hard-earned money and deserve better support when faulty products are delivered. Overall, a very bad experience. 👎👎👎",https://play.google.com/store/apps/details?id=com.grofers.customerapp&reviewId=c0cb10ea-55f8-4ad2-94c0-65c04c74e4b9
play_store,2026-06-02T19:36:23,5,"Absolutely love the speed and convenience. Getting my daily groceries and household items delivered in just 10 minutes is a lifesaver. The app is incredibly easy to use, and they always have great deals. Highly recommended for quick deliveries",https://play.google.com/store/apps/details?id=com.grofers.customerapp&reviewId=654c7b48-6965-446e-92a0-582d7dfa0eea
play_store,2026-07-10T23:12:18,1,"most of the time items not received, for which amount allready paid,, delivery not good sometime they handed over open items, which missing in n quantity, icecream also melted and it delivered to customer... if we want to solve query then help deat not supported in this.. disquisting platform",https://play.google.com/store/apps/details?id=com.grofers.customerapp&reviewId=d336413a-c302-4842-bda0-e28e57b889cd
play_store,2026-06-03T22:46:01,1,"you guys are playing an amazing game, The customer can only put one review at a time. once again the amazing concept of delivering household items with frozen items (ice creams) let me check in consumer court if e-commerce team is allowed to deliver such items with hygiene and safety and most importantly not letting customers experience their terrifying experience with items",https://play.google.com/store/apps/details?id=com.grofers.customerapp&reviewId=17584ee0-e4a2-4b91-abd2-7ab831b2b8f2
play_store,2026-05-22T14:59:53,1,"I am writing this review because i had a verg bad experience from blinkit. I ordered an Antson body massager from Blinkit. The product that came had no brand name on the massager or the box. It was just a plain unbranded piece with no proper label. Also, Blinkit has removed the return option from the app. so i connected with customer support after a long argument they had initiated a return when i told them return is my ri8 because u delivered unbranded things .",https://play.google.com/store/apps/details?id=com.grofers.customerapp&reviewId=f8f89174-7d24-412f-9e48-51c3752083a1
play_store,2026-06-14T19:45:51,5,"Excellent app for quick grocery delivery! The interface is simple and easy to use, delivery is usually very fast, and the products are fresh and well-packed. It has made daily shopping much more convenient and time-saving. The discounts and offers are also helpful. Highly recommended for anyone looking for a reliable grocery delivery service.",https://play.google.com/store/apps/details?id=com.grofers.customerapp&reviewId=d24fc530-f6ad-47dd-b3a4-eda90a705814
play_store,2026-06-16T10:31:27,1,I've been trying to complain about a product I received but your chat section doesn't allow me to reselect the order to make the complaint (there were 2 orders). Damn frustrating which I guess is what this app aims at; for the customer to just give up,https://play.google.com/store/apps/details?id=com.grofers.customerapp&reviewId=93795bb0-0ac7-4c44-9568-37451c77d664
play_store,2026-07-07T22:38:09,1,Uninstalling app. So many of non-transparent extra charges. Also fraudulently order is placed twice. No human support for any issue related to order. you will have no options left. No customer support calling no.,https://play.google.com/store/apps/details?id=com.grofers.customerapp&reviewId=c93bc5ee-7ffb-431b-ac09-495468eec715
play_store,2026-05-17T21:59:05,1,"Hi everyone, I have noticed there careless behavior about delivering frozen items or anything. I am unable to understand that why are they charging us handling and delivery fees. I request the team to keep a check on this issue. and improve it.",https://play.google.com/store/apps/details?id=com.grofers.customerapp&reviewId=c34c78ff-2649-4185-b6f9-a68b3c24ae4d
play_store,2026-06-21T13:10:03,1,"Poor app and poor experience, whenever you look the price of everything is high, even after applying coupon it remains high, delivery charge 30 handling charge 5 small card fee ₹20 why are you charging all this Any item worth ₹10, you take handling charge, platform fee, delivery charge, small card charge and make it worth ₹200-300 and the coupon are also useless, why do you charge so much, useless cheap app.I approach the consumer forum court that all this is not being removed after court order.",https://play.google.com/store/apps/details?id=com.grofers.customerapp&reviewId=6cd0552b-7092-49d9-abe8-335c36504e54
play_store,2026-06-10T17:03:14,1,they charge delivery and handling charges for big orders as well. the handling is still poor and they sent expired items which are listed on offer. they also describe one item and send a different one.,https://play.google.com/store/apps/details?id=com.grofers.customerapp&reviewId=544adeb7-634d-45e1-9ae5-f4653b204aba
play_store,2026-06-09T18:05:43,5,"Blinkit is really fast, and most of their items are cheaper. When I used it for the first time, I paid the delivery guy more than what I was supposed to pay. To my surprise, he came after me to give me back the extra money I paid. You don't see such things often.",https://play.google.com/store/apps/details?id=com.grofers.customerapp&reviewId=0f482e43-079f-4ca7-9a91-c2f461ea0c96
play_store,2026-07-02T09:52:22,1,"except the delivery staff, everything else pathetic, the app, the items on the app half my time is wasted on exchanging because its either rotten or damaged from inside. The response team and time both. i try to use it as less but even when i do its a dissapointment. so who ever reading please try swiggy or amazon now",https://play.google.com/store/apps/details?id=com.grofers.customerapp&reviewId=94d1ac92-65a2-4df3-adca-23be06162a1b
play_store,2026-06-06T10:14:16,5,Best service in here. U can anytime seek for customer support. Quality is extremely well maintain. There is no ads in the app. The phone does not gets warmer. The support by the blinkit for any return delivery is also the best ever seen. Over all I'm happy using this app.,https://play.google.com/store/apps/details?id=com.grofers.customerapp&reviewId=a2fb57c7-41a8-456a-bded-b385c966d521
play_store,2026-07-03T10:24:29,1,"Dear Blanket Team, I am extremely disappointed with the condition in which my order was delivered. As shown in the attached photo, the package was completely open. This is unacceptable, especially for a hygiene-related product. Customers expect such products to be delivered in a properly sealed, secure, and tamper-proof package. This kind of careless packaging raises serious concerns about the product's safety, cleanliness, and quality.",https://play.google.com/store/apps/details?id=com.grofers.customerapp&reviewId=26cecb44-df22-4a5f-a827-f668b020b19a
play_store,2026-07-01T21:24:17,1,"In heavy rains items are given in paper bags which obviously has been soaked in rain water and torn in pieces. The delivery person and the consumer need to figure out how to handle the items delivered. esp when kitchen tissue is ordered and become wet in paper bags. To resolve the issue it takes 40 min. what's the use of blinkit service ...which is done to save time. It's not the first time,prior also item delivered which is not functional and even exchanged one was having the same issue.",https://play.google.com/store/apps/details?id=com.grofers.customerapp&reviewId=83a1ed0b-8212-4155-ada9-e6519262d09e
play_store,2026-06-27T19:12:45,2,"Well, the app is really convenient, but eventually I've been noticing that alot product (especially regarding cosmetics) I received are not seal packed, which takes away my trust. please do make sure all the products are sealed packed.",https://play.google.com/store/apps/details?id=com.grofers.customerapp&reviewId=b0de5c93-52aa-432e-bc74-5a6cd5fce2c1
play_store,2026-07-12T07:28:20,1,Pathetic App They don't refund the amount even after picking up the return I have ordered diapers for my new born and they send me bigger size of diapers then I have asked for a return and they picked up the item but they are not refunding the amount. They don't even have customer support team only computer generated messages and emails you are going to receive.,https://play.google.com/store/apps/details?id=com.grofers.customerapp&reviewId=60c6bf82-dad0-4f32-962c-362a8fe4f86e
play_store,2026-06-30T23:20:52,1,"Some time the store is so busy that I can't order for long time, very disappointed. I hvnt found this issue with the other app..... & after order received I found my ice cream kept bellow all the other heavy items, after asking the delevery guy I got to know it happens from the ware house, very bad pacakinging & unhygienic way of keeping the stuffs, it's better I would got it from down in the other shop very bad & very disappointed",https://play.google.com/store/apps/details?id=com.grofers.customerapp&reviewId=ca7c947f-e8c8-4293-9e58-97554a8c27c5
play_store,2026-05-09T10:28:22,1,"poor software interface, apps and websites aren't synchronous at all, from mobile it is detecting location properly but from Desktop or laptop it is detecting ISP and sending products to the wrong delivery location. for cancellation Blinkit deducted money from the buyers.",https://play.google.com/store/apps/details?id=com.grofers.customerapp&reviewId=8da9dac5-8a7e-4e02-8869-3806bc49d9c9
play_store,2026-06-15T20:54:52,5,"This is truly an amazing app! When it comes to lightning-fast delivery, it has no match. While it's a bit on the costly side, it's completely worth it for the convenience and ease of use it offers. Plus, the app runs incredibly smoothly without any lag but don't expect your refund in any case",https://play.google.com/store/apps/details?id=com.grofers.customerapp&reviewId=904dd7b2-7caa-4a6d-b702-3bc2c611fdee
play_store,2026-05-29T22:20:02,1,worst app whenever we order the items delivery time shows 10 to 17 mins but we always got the orders after 45mins and some times above and now a days they are sending the package boxes like oil boxes rice packages used ones are not at all from blinkit one's like regular still they are charging for the package.. customer care not responding and the help option not at all working..worst experience,https://play.google.com/store/apps/details?id=com.grofers.customerapp&reviewId=b40d710c-1ba4-4a4b-a0e1-b0fb6e02afad
play_store,2026-06-03T15:35:29,1,"I am not happy with Blinkit's service. Yesterday, I placed two orders worth ₹149 each. After adding delivery and handling charges, the total amount became ₹191. However, at the time of delivery, I was charged an additional ₹221 due to high-demand or rush-hour fees. I would like to point out that managing high demand is Blinkit's responsibility and should not result in extra charges for customers. Other delivery applications do not impose such additional fees during rush hours. This experience",https://play.google.com/store/apps/details?id=com.grofers.customerapp&reviewId=f9a5dd10-1d00-4d6b-b975-1a82a3ecc9e3
play_store,2026-05-16T18:10:28,1,"I ordered curd along with other item, since curd or milk pack is generally moist the paper bag got torn and the stuff fell on the road though it was not riders mistake. a plastic bag is much better in handing wet stuff. also blinkit needs to put a OTP system in case of prepaid orders to verify if the stuff is going to right person. also u need to keep your feedback system flexible let the person write feedback in the app so that the person does not have come and write here.",https://play.google.com/store/apps/details?id=com.grofers.customerapp&reviewId=860abb2b-783c-4a08-bc39-2c35b848974c
play_store,2026-05-19T12:29:48,4,"Hi Blinkit team, I was placing an order and after calculating all items, I found around ₹100 difference in the final bill. I was shocked because orders above ₹200 usually should not have shipping charges. My order total was above ₹200, so why is this extra ₹100 difference showing? Please explain the charges clearly.",https://play.google.com/store/apps/details?id=com.grofers.customerapp&reviewId=d2020af9-1793-444c-a0a4-5f9553ae457e
play_store,2026-05-14T13:42:06,1,"to waste the app and too much extra charge for no reason I use his app in kanataka . Gulbarga They are doing extra for each app and delivery handle but it does not even work properly item damage , not delivering items on time but taking delivery charges I refer to everyone to not use his worst app Customer Care is also like I made the mistake of using his app . please think before u order anything and be ready to pay extra on every thing without any reason there don't care there just care .",https://play.google.com/store/apps/details?id=com.grofers.customerapp&reviewId=45bcac0e-29a7-43d3-b1ff-0208cf6a1b8e
play_store,2026-05-19T12:49:04,4,"worst experience, Actually I returned a product that I had issues with its already been used by someone else. Contact some blinkit employee they said me to return and they took that product but I didn't get refund and any update on refund. I want refund immediately it's already been too late. No response from app about my refund. Not at all good response 👎🏻",https://play.google.com/store/apps/details?id=com.grofers.customerapp&reviewId=30626f18-4553-4901-8708-7a464c94ba9c
play_store,2026-06-26T13:45:44,1,"very poor service, support staff not be able to resolve my problem, I oder tripod ,it's size is too big , I approach support, but staff not be able to solve my problem, they said it's not returnable item , but when I see product app there mention 7 days returnable policy, poor service, I uninstall this app now",https://play.google.com/store/apps/details?id=com.grofers.customerapp&reviewId=8958b919-7a7d-4ac7-aa46-5892d0f25bae
play_store,2026-06-23T15:56:22,2,"Packaging quality is really low. I received dirty and leaky packets, and the delivery guys never have change. For example, if the bill is 460 and I give a 500 rupee note, they don't have 40-50 rupees in change and always ask for online transfers. There are no cash-friendly transactions.",https://play.google.com/store/apps/details?id=com.grofers.customerapp&reviewId=84f7c845-0082-44a6-9f95-033fc79025ac
play_store,2026-07-10T21:57:52,1,"don't buy any product from blinkit. used , broken products sell on these app. I purchase an umbrella from blinkit which is totally broken totally waste all my money.there is no any replacement or any exchange of product.there no one number where I can tell my issue. how can I send these umbrella back to blinkit . please tell me .",https://play.google.com/store/apps/details?id=com.grofers.customerapp&reviewId=d4e11e95-d136-47f7-8155-fef7d1f79cde
play_store,2026-05-17T13:53:01,1,"they don't respond to their customer complaint, can't trust on Blinkit because last time I ordered 2 pack of noodles and paid for it online but they only provided me 1 pack only and when I connected to help center they said ok u'll be getting the other pack within 15 mins and please kindly rate us on chat box, I said ok, but after 10 mins it's all closed and written this product is not available so we can,t deliver and chat disconnected. very poor experience ever no refund no exchange nothing",https://play.google.com/store/apps/details?id=com.grofers.customerapp&reviewId=6a203a2f-616b-412c-bfc4-a32a69950f0f
play_store,2026-06-02T12:20:29,5,Blinkit is good but a issue happened. My order was suddenly cancelled ten minutes after the delivery partner picked it up. This happened through no fault of my own. Please investigate this issue immediately. Thank you. Edit: Please kindly give me option of cash on delivery back .,https://play.google.com/store/apps/details?id=com.grofers.customerapp&reviewId=2c9e2490-4a4b-4398-81b9-d459b7ba263e
play_store,2026-06-02T21:19:06,1,This is the worst delivery app. They did not deliver one item after complete payment for the order. They refused to refund for the undelivered product even after sharing all the relevant delivered products. No sense of responsibility. Most fraudulent act.,https://play.google.com/store/apps/details?id=com.grofers.customerapp&reviewId=593149a0-753a-46c0-833e-d54732f1b24d
play_store,2026-07-09T19:30:46,4,"Great experience overall! The delivery was quick, the app is easy to use, and most products were fresh and well-packed. Prices are reasonable, and the service is very convenient. a reliable app for everyday shopping.",https://play.google.com/store/apps/details?id=com.grofers.customerapp&reviewId=ec319ceb-588c-4592-873f-b66e31e3fa6a
play_store,2026-05-20T10:14:21,1,i had ordered some items and according to the app I can modify or add items to them within 5 minutes and I had done that but still they charged me delivery and handling charges and was showing two different orders... unable to understand the process and not want to pay delivery and handling charges as my amount is over 500 rupees,https://play.google.com/store/apps/details?id=com.grofers.customerapp&reviewId=9b654090-56be-4cc5-9646-1185d8c495fe
play_store,2026-05-21T03:17:03,1,"very bad experience it's been more than 10 minutes ,order is still showing that it will take 10 minutes ,if it is not possible to deliver than why did you took my order , unhappy with virtual assistant also , giving limited help option which is not working at all , I'm not going to use blinkit in future ,I have ordered water and they didn't give me any cold water option also , they only showed eagerness in deducting 100% more amount , that too on essential items",https://play.google.com/store/apps/details?id=com.grofers.customerapp&reviewId=807252d0-3c78-45fe-8099-b6c58b511167
play_store,2026-06-19T10:17:02,1,"I have ordered a mouse trap. It was defective and the product quality is also too weak. I request to return the product many times. but either there is no response or no resolution of the problem. Truly, the return policy is too bad.",https://play.google.com/store/apps/details?id=com.grofers.customerapp&reviewId=5fd786ab-2ba7-480d-b25e-bdbd8f48a2c6
play_store,2026-05-28T07:08:08,1,"Hai Team, Recently I ordered some items from the Blinkit app one product not so good I raised the query also, your team raised a refund request. but I didn't receive my refund amount till now In the application there is no customer chat support also not available only bot chat available. I didn't find any chat or call support in the Blinkit application. resolve my issue as soon as possible",https://play.google.com/store/apps/details?id=com.grofers.customerapp&reviewId=374a604e-8241-4651-8b22-c4b0a9041ab6
play_store,2026-05-12T22:34:49,1,"Very disappointing experience with Blinkit. They promise 10-minute delivery, but my order took almost 1 hour, and after reaching my location, the order was suddenly cancelled. Completely wasted my time for nothing. Poor service and very unprofessional handling of orders. I’m extremely angry and disappointed. After today, I’m never going to use Blinkit again.",https://play.google.com/store/apps/details?id=com.grofers.customerapp&reviewId=dc7d16d4-b933-464e-9815-4e6f4695954d
play_store,2026-06-19T00:58:04,1,"I am extremely disappointed with this purchase and Blinkit's customer support. The cable wire delivered appears to be of poor quality and is not properly connecting with the adapter as advertised. The product was clearly covered under a 7-day replacement policy, yet my replacement request was denied without a satisfactory explanation. Despite reporting the issue promptly, neither a replacement nor a return was offered.I request an immediate resolution",https://play.google.com/store/apps/details?id=com.grofers.customerapp&reviewId=cf8ba2dd-cae5-4e2f-acab-791d5e386222
play_store,2026-06-19T20:34:19,5,"Blinkit is a very useful app with fast delivery and good service. It saves a lot of time and is easy to use. However, sometimes the service becomes unavailable for a few hours and shows messages like ""Come back at 8:00 PM,"" which can be inconvenient. Overall, it is still a great app and very helpful for quick deliveries.",https://play.google.com/store/apps/details?id=com.grofers.customerapp&reviewId=4868bef2-e1b6-44a5-8e95-e8589554f0dd
play_store,2026-07-02T22:31:23,5,"Absolutely amazing service from Blinkit! I'm currently at the hospital with my wife and our newborn baby. We urgently needed several essential items, and with just a few clicks on the Blinkit app, everything was delivered right to us in no time. Even the doctors were surprised at how quickly a single person could arrange all the necessary things without leaving the hospital. Blinkit made a stressful situation so much easier. Fast delivery, reliable service, and a true lifesaver when you need it",https://play.google.com/store/apps/details?id=com.grofers.customerapp&reviewId=6d73a870-f45b-42aa-9419-7c4e04c8519f
play_store,2026-06-02T01:45:54,1,very disappointed with the product and service. there is no service after sales. and the support team is helpless. they are bounded with their policy so they can't help their customer. Even if the customer is facing issues with the product and delivery guy.,https://play.google.com/store/apps/details?id=com.grofers.customerapp&reviewId=256f9b63-fade-4cbc-91f6-34d9124fbc44
play_store,2026-05-11T14:00:33,1,"While ordering, I selected the delivery address as my home but the app automatically kept changing the address to my office based on location and this happened multiple times and I accidentally placed 3 orders at my office address which I required at home. while 1 address was delivered at office and I accepted (though it was not required), I cancelled the other 2 orders and I was charged cancellation charges also but still the refund was not given.",https://play.google.com/store/apps/details?id=com.grofers.customerapp&reviewId=8fde156c-92e4-46e2-9a64-f5428e7cfc4e
play_store,2026-06-20T14:18:26,1,"I have been delivered wrong and damaged products for last 2 times and there hase been no answer to that. i am not able to raise a concern on the app, it gets closed even before i put up my complaint. i have shared over the email, you guys dont want to look into its so youbhave just mentioned it is all right from our end. the customer is the thief.",https://play.google.com/store/apps/details?id=com.grofers.customerapp&reviewId=059c017b-3def-4c4f-953b-5fcd994af0bd
play_store,2026-07-12T12:35:35,1,"Worst experience with blinkit, the delivery person never has change. It's not always possible to have change with us. When asked to return the remaining amount online they always say they don't have online service. Damn irritating!!!",https://play.google.com/store/apps/details?id=com.grofers.customerapp&reviewId=6f080ec6-93fb-43db-b9ee-c1b60e9327fd
play_store,2026-07-13T22:23:38,3,it is good but prices are high and they aren't giving coupons sometimes they are giving expired products too but it is an instant mediator to get more products without waiting too much this is a great app anyway and take care of these points....🙂,https://play.google.com/store/apps/details?id=com.grofers.customerapp&reviewId=636d7b7e-6411-4e29-85f5-a42373903a6d
play_store,2026-06-06T19:02:08,1,"I had a great experience with Blinkit. My order was delivered very quickly, and all the items were fresh and well-packed. The app was easy to use, and the delivery partner was polite and professional. Overall, I am very satisfied with the service and would definitely recommend Blinkit to others.😊",https://play.google.com/store/apps/details?id=com.grofers.customerapp&reviewId=a91d75b0-9045-472b-924b-0a0237e278db
play_store,2026-05-19T09:46:19,1,Received expired products multiple times. Dissatisfied with Support all time. Makes us hassle for exchange/return for the expired products they sent. Frustrating. New update: still disappointed by blinkit. there's no way to pass by AI support to talk to human agent and their AI support is not at all helpful.,https://play.google.com/store/apps/details?id=com.grofers.customerapp&reviewId=7e9d6581-94d5-42f8-95ae-581c5a7e2e7f
play_store,2026-07-06T20:05:20,1,"⚠️ Don't trust this app blindly. I placed an order, but I never received my items, and I still haven't gotten my refund. The customer support hasn't resolved my issue either. I'm sharing my experience so others can be careful before ordering.",https://play.google.com/store/apps/details?id=com.grofers.customerapp&reviewId=442b31e9-410e-4262-bd60-01d2a405e5f5
play_store,2026-07-15T19:08:53,3,"it was good at first but then the delivery people stopped carrying change with them i know for people that may not be much of an issue but for students like me, or people like me it is. please tell them to carry change. its very inconvinient. thank you. i hope you solve this issue.",https://play.google.com/store/apps/details?id=com.grofers.customerapp&reviewId=815ba3c6-685c-4cc7-8f7f-91df2f3bb98e
play_store,2026-06-22T19:21:39,1,"They are not delivering in our area as there is no lift. This is a very smart strategy by the company who is focusing on profits rather than service. But by doing this, they are losing customers. Every app when it's new will always try to pull and impress the customers with their service. But as soon as they start making profits, they forget about service. This app is pathetic. They're not delivering. Worst app !!!",https://play.google.com/store/apps/details?id=com.grofers.customerapp&reviewId=8e87b3af-78b1-4a23-8bb3-d481e5557718
play_store,2026-05-22T06:25:42,2,"I have had great experience in the past with Blinkit. However, off late I have been experiencing problems with missing items in the delivery. Customer care chats were hopeless and some of the customer care agents were just plain rude and did not help resolve the issue at all. The very reason why Blinkit succeeded is because of the timely and efficient service. If that is missing, then there is no point.",https://play.google.com/store/apps/details?id=com.grofers.customerapp&reviewId=eb358417-d063-49f3-8f13-264b08d9c53f
play_store,2026-06-12T13:06:53,3,Good purpose. but bad system. ice creams are ALWAYS melted. vegetables are mostly rotten. and packets of mattha (buttermilk) were sometimes received with expiry the very next day. some very old products are received with even the expiry date withering unable to be seen and covered completely in dust. Always check your items. good thing is that they refund or redeliver items if bad but i seriously want them to take their rotten and bad quality products back. I dont want rotten products.....,https://play.google.com/store/apps/details?id=com.grofers.customerapp&reviewId=1e423ccd-026f-4b9e-9890-ba0ec2e52336
play_store,2026-06-09T21:19:13,4,"Do not download it 🫢, yes it is a very good app and it is very helpful but I spend more than I earn just because of convenience if I was going to buy 50 rupees thing I end up buying more than I intend to buy 🫪. and more than shopping I am spending on this so it is kind of embarrassing.🫠 ... overall the app is good.😄",https://play.google.com/store/apps/details?id=com.grofers.customerapp&reviewId=d901dea6-69ca-4a61-a2bf-f99e98e845ef
play_store,2026-05-22T16:28:41,1,"Terrible service! They made me wait for over an hour for my delivery. When I contacted support to check on it, they casually told me they were facing technical issues and asked me to cancel the order myself. If they can't deliver, they shouldn't take orders. Pathetic customer service.",https://play.google.com/store/apps/details?id=com.grofers.customerapp&reviewId=721fce46-4245-433e-87df-2f232bf83402
play_store,2026-07-08T19:49:21,1,Quite disappointing resolution from the customer representative regarding the delivered product which was tampered/had spoilt packaging. They won't accept return even after providing several images the representative named Nayna who assisted me didn't agree and won't help me out. She was stubborn and rude. Better order from Zepto/instamart if you need good/secure packaging of the product and if any doubts a good and satisfying customer service resolution.,https://play.google.com/store/apps/details?id=com.grofers.customerapp&reviewId=50c4d151-53f6-460c-99ce-25ac60db7e4f
play_store,2026-06-21T20:17:56,1,"they are not able cancel even a single order .If I had ordered twice because it is shows in app single item the owner is just idiot they bunch of cork without thinking about customer i have another option like big basket, zepto even zepto is better than this app .🗣🗣🗣 🤬🤬🤬",https://play.google.com/store/apps/details?id=com.grofers.customerapp&reviewId=c2d3be16-0dad-424f-821c-0882c5ddfcfa
play_store,2026-05-08T16:48:55,1,"Their software glitch sold me a different item than what was shown. When i checked what i ordered they've miraculously changed it to whatever they sent me. I don't know if it was an intentional ""glitch"" by the company. I'll simply visit the local store instead of ordering from blinkit. No more business with Blinkit.",https://play.google.com/store/apps/details?id=com.grofers.customerapp&reviewId=0fc67c99-84ad-438c-9823-a3e598d6a520
play_store,2026-07-13T17:50:20,4,Amazing app! Easy to use and has a wide array of products. As a crocheter i wish they had yarn but its fine. Also there are sone handling and delivery charges but all in all its a nice app and you should definitely try it!,https://play.google.com/store/apps/details?id=com.grofers.customerapp&reviewId=50fcbf97-4e08-4d43-8eb8-29eae8ed4e6a
play_store,2026-05-26T13:39:27,4,"It is a good delivery app and I have ordered many times also they give coupans but they do not give free delivery in any of the order like other apps do like zepto, flipkart minutes above of the order ₹100 but they don't do like this it is a humble request to add free delivery above the order of ₹100",https://play.google.com/store/apps/details?id=com.grofers.customerapp&reviewId=bad9a550-2356-4100-b28a-2a04c675317d
play_store,2026-06-02T22:23:17,1,"Pro tip: If your Blinkit electronics product has a technical fault, don't bother reporting it. Apparently, physical damage gets more attention than actual malfunctioning products. Extremely disappointing return policy and customer support experience.",https://play.google.com/store/apps/details?id=com.grofers.customerapp&reviewId=d745437f-ef77-4dd7-bc94-1e4b267ffa34
play_store,2026-06-20T20:04:55,1,Very disappointed regarding the refund. if i have returned the order the balance should be credited in my account but what you did provide a promo code to invest the same amount in this app. very bad. This is not fair.,https://play.google.com/store/apps/details?id=com.grofers.customerapp&reviewId=01ef5101-b455-46ce-83b4-53c5fcfad6ae
play_store,2026-05-27T21:45:50,1,"Bought a WiFi adapter from Blinkit advertised with “150 Mbps” capability, but it only supports 2.4 GHz and cannot even detect modern 5 GHz WiFi networks. Product description never clearly mentioned this limitation. Support simply asked me to contact the manufacturer instead of resolving the issue, even within minutes of delivery. Selling outdated/incompatible tech without proper disclosure and then refusing refund is misleading for consumers. Expected better accountability from brinkit",https://play.google.com/store/apps/details?id=com.grofers.customerapp&reviewId=6dc6f99e-b462-4b8a-a34d-6ed46f2f1628
play_store,2026-06-08T13:22:01,5,No doubt blinkit is providing faster delivery of products conveniently. Fruits and vegetables are fresh and of better quality but costlier . Surge charges are also added even after adding the products that take delivery within 1.5 km distance from the Blinkit store which is completely not justified. This is a kind of complaint which cannot be done on the chat window on the app. These things require improvement @Blinkit,https://play.google.com/store/apps/details?id=com.grofers.customerapp&reviewId=025f6f72-9175-4a6f-854e-31115fcb882f
play_store,2026-06-02T23:04:22,3,Blinkit app has some glitch or bug as per my experience related to payment procedure. When the whole process of checkout and payment is completed then also the app shows retry payment option due to which order gets placed double or triple due to repayment. Also sometimes it shows wrong calculation of the total of the cart items.,https://play.google.com/store/apps/details?id=com.grofers.customerapp&reviewId=4553d17c-3d26-4a95-9064-a1e132a587b0
play_store,2026-06-15T19:03:30,1,If they don't have ordered items they will add the same item of a different brand which is much cheaper and they will give you a previous higher price only. And they don't consult whether or not you want that cheaper version on the same previous higher price.,https://play.google.com/store/apps/details?id=com.grofers.customerapp&reviewId=7dca2496-16f6-4c90-ac99-8cff17de9fd4
play_store,2026-06-21T14:07:12,1,"Customer support is not available on call and issues are not solved, no refund also discussed. I ordered ice cream cake but received it so unhygienically and completely damaged inside and no seal as well. when trying to ask them to take it back and return the amount no response from the support team. very badly managed. Very disappointed.",https://play.google.com/store/apps/details?id=com.grofers.customerapp&reviewId=516ec1e0-d0cd-45d7-944d-db9731ce0ea8
play_store,2026-05-27T23:30:41,5,"Blinkit has made shopping extremely easy and convenient for me. The delivery is always super fast, products arrive fresh and well-packed, and the app is simple to use. I really appreciate the wide variety of items available and the helpful customer support. Overall, Blinkit saves time and provides an excellent shopping experience every day.",https://play.google.com/store/apps/details?id=com.grofers.customerapp&reviewId=4110d243-e4ad-4620-9fa8-89fc6b2f76da
play_store,2026-05-18T18:14:53,1,very very worst experience in blinkit damage products are selling and customer care won't listen our feedback and whenever ordering i didn't receive the product on time always delivery partner not assigned in time overall rating is zero. even they won't refund the amount in our bank account so again we need to order on same blink and again same issues occured. in urapakkam area blinkit is very worst.,https://play.google.com/store/apps/details?id=com.grofers.customerapp&reviewId=7f0c41c0-3090-4506-8a5b-5f86dc42b82d
play_store,2026-05-15T16:28:09,1,"Hi, I received my food items packed together with a mosquito killer spray in the same package, which is already unsafe and unhygienic. On top of that, the spray packaging was slightly torn and the product also looked used/opened. This is very careless handling, especially when chemical products are packed with edible items. Even though I’m not asking for a refund or replacement, I want to seriously report this issue so it does not happen again with other customers. Please look into this.",https://play.google.com/store/apps/details?id=com.grofers.customerapp&reviewId=2c32a35c-df13-4410-97e2-8c5ef28791d7
play_store,2026-07-04T23:42:23,1,i want to tell all customers that if you are buying at night and so many products please check properly before making payment [ don't make payment before checking products] ... You cannot do anything if they tell 'we have checked cctv and we find no missing product' you can't do anything..... I have experienced this myself and I could not do anything about it. [ if guys have any suggestion please tell me]. 2 things happened with me 1) Delivered wrong items 2) Did not Delivery half of the product,https://play.google.com/store/apps/details?id=com.grofers.customerapp&reviewId=dae33165-c79f-47b6-8080-4837fc967ace
play_store,2026-06-19T14:04:28,1,"Blinkit hasn't refunded my money; it’s a scam—they take double the payment but fail to issue refunds. I no longer trust Blinkit. Their customer care number doesn't connect, and they aren't doing anything to resolve the issue.😡",https://play.google.com/store/apps/details?id=com.grofers.customerapp&reviewId=7648eb51-0ac7-4db4-94ab-aaff26d3137c
play_store,2026-05-19T16:17:57,1,I ordered some items on blinkit ...When I received my order many items were missing. I contacted the support executive multiple times...even visited blinkit store personally. Store manager admitted that your package has not been delivered. Still my issue was not resolved.,https://play.google.com/store/apps/details?id=com.grofers.customerapp&reviewId=fa86e4f6-45cc-4420-b304-5ca858eb0d91
play_store,2026-07-06T21:26:33,1,"I have given 1 star for no option for zero start. Worst App which shows the offers for dawaat rice. when I buy it unnecessary coupons are given. which shows me earlier buds, smart watch, air fryer, zomato voucher. After my order it gives me unnecessary coupons. what can I do with it.",https://play.google.com/store/apps/details?id=com.grofers.customerapp&reviewId=c9133daa-f526-48c3-ba52-f77d712b5d71
play_store,2026-07-08T17:40:35,1,"I had a very bad experience with Blinkit. I purchased a product that appears to be used and is not working properly. I would like to return the item. I also want to raise a complaint regarding one of your executives, Rajveer. He does not know how to speak with customers or understand customer concerns. His behavior was very rude and unprofessional. @Blinkit Team, kindly look into this matter and take the necessary action. I expect a prompt resolution.",https://play.google.com/store/apps/details?id=com.grofers.customerapp&reviewId=e55d87fb-d05f-4557-97cf-389e3662149b
play_store,2026-05-08T11:11:52,5,"So far very good experience with Blinkit. I would rate it on top of all the other apps in the market, the only thing required is good discounts offers & coupons in comparison with other service providers in the market.",https://play.google.com/store/apps/details?id=com.grofers.customerapp&reviewId=4a06e7ec-7729-46dc-a3b0-86605e46234b
play_store,2026-06-17T09:15:20,3,"While the service quality is commendable, I have recently opted against utilizing Blinkit due to their pricing structure. The platform levies various surcharges, such as ""handling charges"" and ""high-demand charges,"" which ultimately result in a higher cost per product compared to alternative platforms.",https://play.google.com/store/apps/details?id=com.grofers.customerapp&reviewId=bdd7c3c5-a8f3-4e45-be04-90032e03ad41
play_store,2026-05-08T16:18:54,1,"Zero accountability. My previous orders were delivered to some other places. Today, a part of a packed item is missing. Delivery executive cannot be contacted because he left his phone with his family!!! Blinkit doesn't take any responsibility for late deliveries and missing items. I am done with this app. No more orders.",https://play.google.com/store/apps/details?id=com.grofers.customerapp&reviewId=4291cc9a-5457-4c15-b523-f2239232f978
play_store,2026-07-08T13:54:48,1,"My order showing delivered but I did not receive it, i called to delivery boy but his number found wrong...I tried 6 times to connect with customer support but they taking not seriously my issue... Totally waste of TIME & MONEY of customer... Highly disappointed... Very Bad Experience...",https://play.google.com/store/apps/details?id=com.grofers.customerapp&reviewId=ecde8612-07b2-4faa-8561-e8e45751c795
play_store,2026-06-14T14:36:15,5,"Very fast delivery in many cities, often within minutes. Great for groceries, snacks, stationery, and last-minute needs. Easy-to-use app and frequent discounts. Many users praise quick replacements and smooth issue resolution.",https://play.google.com/store/apps/details?id=com.grofers.customerapp&reviewId=206a33f7-0354-44de-9a2e-972c0b132235
play_store,2026-05-27T19:05:35,1,"They have this useless delivery options on their app. even if we select leave at the door, the delivery person rings the bell and even make numerous calls. their customer care executive said it won't happen again, but still the delivery guys never follow our options asked in the app. A useless app.",https://play.google.com/store/apps/details?id=com.grofers.customerapp&reviewId=d075838b-39ad-460c-b801-1c7bbccf43ee
play_store,2026-05-17T09:34:07,4,Few items are regularly unavailable especially Spring onions. Choice of vegetables can be increased. Appreciate the delivery time. Please chk the date of expiry before delivery. Have had bad experiences of receiving items with date of expiry very near.,https://play.google.com/store/apps/details?id=com.grofers.customerapp&reviewId=799305c2-dd41-4db7-bf2f-7eae7c126632
play_store,2026-06-06T22:51:44,1,Worst delivery platform. They charged my delivery fee twice and platform fee also despite several complains no refund was made. Wasted a lot of my time as well. There are so many good alternatives available.,https://play.google.com/store/apps/details?id=com.grofers.customerapp&reviewId=e5d38952-5e55-4455-ba5a-ee877d4f2b51
play_store,2026-07-13T19:30:43,3,"disappointed, 2nd incident my hasband ordered items from his office, delivered order with missing item for amount 474, untill I notified them they shows delivered, if I didn't notify about missing item I would I have lost money and this is happened twice.",https://play.google.com/store/apps/details?id=com.grofers.customerapp&reviewId=4b8e7c6e-02f3-4914-8814-0fb29090eb8f
play_store,2026-05-22T22:01:23,1,"Too expensive, step out and buy product from near by Local Market. No customer service and resolution provided on time. Fast service needs fast resolution. today's experience: डिलेवरी boy name is incorrectly mention in the application, we are not aware who is going to deliver your items, Name is showing Md. only. weather these peoples are fully complaint and who is checking their compliance. application can't make these fake people compliant.",https://play.google.com/store/apps/details?id=com.grofers.customerapp&reviewId=d475a421-bb9c-43cb-b8b0-f9ccf44b8562
play_store,2026-06-07T14:34:48,1,"Poor experience with Blinkit. The free gift shown in my order was not delivered, and customer support said the item was not available in the store. If it's unavailable, it should not be added to orders. Also, the Amul Butter packaging looked unusual, raising quality concerns. Please improve quality checks and order accuracy.",https://play.google.com/store/apps/details?id=com.grofers.customerapp&reviewId=b004894f-57c8-4800-be15-8f25ce62afd2
play_store,2026-05-09T19:11:10,5,I think it is the best app for grocery shopping especially at the time of emergency if anything was not there in the house . It is a very convenient app for everyday essentials and basic necessities. I just loved this app .,https://play.google.com/store/apps/details?id=com.grofers.customerapp&reviewId=337c2d10-9315-4e05-baf5-9702c236e2e3
play_store,2026-05-18T23:29:30,1,disgusting! i have ordered something but that is not same as I want.. I didn't even use that I am just asking to replace it like to return that... it hasn't been even 24 hrs and they are denying taking the product then why to write in their app that you can return the items and all? if you don't want to take it?,https://play.google.com/store/apps/details?id=com.grofers.customerapp&reviewId=2e50d0c1-f8a2-4b35-b8a6-3828147a45ca
play_store,2026-06-23T20:59:24,1,"I have a bad experience. The order have been taken from the store and after online payment process complete, Refused to deliver the order and no money refundable option is there. Blinkit cheat the customer cancel the order itself and took the cancellation charges",https://play.google.com/store/apps/details?id=com.grofers.customerapp&reviewId=0a74e315-79c2-457f-aa3c-8eb0e17b707d
play_store,2026-07-13T18:31:12,1,This app is worst now-a-days it's says currently unavailable. Even whenever I wanted to order something it says unavailable to my area. So for your convenience I need to change my address or my home... Thank you Blinkit.,https://play.google.com/store/apps/details?id=com.grofers.customerapp&reviewId=3efb0053-6c53-48ad-952c-0dd5642d2ae6
play_store,2026-06-10T22:27:08,1,It takes more than 45 minutes for order and then the support team says it got delayed because of the technical issue and will not be able to deliver the order. Please cancel it. very frustrating experience,https://play.google.com/store/apps/details?id=com.grofers.customerapp&reviewId=9c2f2de4-8cb8-47b1-98ec-f072fbdf00c8
play_store,2026-07-01T23:01:30,1,worst experience for the first time only in blinkit compared to all other online platforms. I have never had any issue with any of the platforms..I ordered 6 and received only 3.5..received only 1 in buy 1 get 1..after complete chat with support..1 reorder and 1 return was initiated..and both got cancelled..I was unable to contact the first person who delivered..the pickup person or the 1 assigned for redelivery..I don't know if they will refund or initiate again the same tomorrow..no Blinkit🙏,https://play.google.com/store/apps/details?id=com.grofers.customerapp&reviewId=1674fdc9-f117-4eab-bacc-fbd15f21f010
play_store,2026-06-19T02:23:07,1,What a horrible app! I emailed the customer service asking them to update the mobile number associated with my blinkit account since i no longer have access to the old contact number. They simply refused and suggested me to create an alternate account. What is so difficult in updating the number in ur database? Pathetic customer service!,https://play.google.com/store/apps/details?id=com.grofers.customerapp&reviewId=02bd3492-c734-4c30-89bd-ba1756c1f5a8
play_store,2026-05-24T10:54:32,1,"extra charges, surge charges, high price. They sent wrong item and that was cheaper. When I asked for refund, they said no policy of refunding money. After an exchange of 8 Emails regarding the same matter, finally the executive called me, said the same thing and disconnected the phone while I was speaking. Pathetic experience both with the products and with customer care. Zepto is far far better. Product was not available on Zepto at that time, so I thought of ordering from Blinkit, bad experie",https://play.google.com/store/apps/details?id=com.grofers.customerapp&reviewId=874243d1-dc96-40c6-891e-679c5d07bb93
play_store,2026-06-15T07:40:57,1,During the adding of items to the cart I got an item (Dog's toy) as a free gift. But I haven't received that item. I didn't get help from your customer support either. Your delivery partner was prompt and well behaved,https://play.google.com/store/apps/details?id=com.grofers.customerapp&reviewId=095bcab0-c659-4119-802b-f19f1e740f0f
play_store,2026-06-25T07:42:34,1,"Blinkit can add items on its own !!! I was trying to buy groceries with total bill of Rs.230, but upon payment it was asking for Rs.600 plus. I tried to go back to check, but the app did not allow to leave the payment page. I had to force stop the app to check the cart, to find that a box of Taj tea had been added automatically. Wow. blinkit has become smartest. Are you using Ai ??",https://play.google.com/store/apps/details?id=com.grofers.customerapp&reviewId=e7fcefe2-a31a-4abf-90a6-1b9d612dcad7
play_store,2026-05-28T14:52:01,4,it's an amazing app but some time some delivered partners make inconvenience like 2 times it happened with me that order not delivered from last 1 hour and afterwards it shows that it is delivered but in real it hasn't came but the service is nice by blinkit I got refund but my time wasted..... and every time I place an order and aad some coupons it never deduct the price of coupon but it shows that it is applied..... these proble I have got in past 2 years by ordering from blinkit...,https://play.google.com/store/apps/details?id=com.grofers.customerapp&reviewId=371515f7-e385-4f8e-82bd-fc409d63368a
play_store,2026-07-07T21:08:24,4,"This is very good because the goods arrive immediately in times of emergency🙏🥰 but one I face a problem, whenever I search for anything, the picture of the product does not show until I click on it completely and open it.",https://play.google.com/store/apps/details?id=com.grofers.customerapp&reviewId=5aaf086b-a11c-44a1-a8f3-9f41c0507cce
play_store,2026-07-15T18:04:38,5,"Blinkit is a fast and convenient online grocery delivery service in India. It is known for delivering daily essentials, snacks, fruits, vegetables, and household items in just a few minutes. The app is easy to use and well organized, making it simple to find products quickly. Blinkit saves time, especially for busy people who need urgent items. Delivery is usually quick and reliable in many cities. However, sometimes prices can be slightly higher than local stores. Overall, blinkit isveryhelpful",https://play.google.com/store/apps/details?id=com.grofers.customerapp&reviewId=4d1b3a9a-3cee-480c-a64a-69ccf79c612b
play_store,2026-05-22T15:37:30,1,"Blinkit adding extra charges every time — sometimes it’s a high demand charge, other times a rain surge charge. Convenience is fine, but these fees are making even small orders expensive. Better to stop using Blinkit and move to BigBasket for more reasonable pricing.",https://play.google.com/store/apps/details?id=com.grofers.customerapp&reviewId=bcd96e34-bdb8-4a38-9bf6-d1fbcbf79776
play_store,2026-05-23T07:51:44,1,"Worst app, I ordered a Vadilal chocolate cake on 10 may 2026. During time of placing order it was available, I even paid the full amount with delivery charges via upi before delivery. But soon as I paid,the order got cancelled due to overdimand of that item. Now, today it's 23 may 2026, but I still haven't received my refund. Even chat support is not helpful. It is showing that refund process is initiated and will be completed till 15 may 2026, but now it's 26th of May. 😓",https://play.google.com/store/apps/details?id=com.grofers.customerapp&reviewId=13e3f538-94c2-433c-882f-3f176efecd58
play_store,2026-05-18T10:46:19,5,"Pretty nifty app. the stores are strategically placed to avoid traffic and deliver in time. Never had an issue with the items, service, or the delivery partners. My go to app for most stuff. Keep up the great work 👍",https://play.google.com/store/apps/details?id=com.grofers.customerapp&reviewId=fe4f5a82-2a2f-49e8-96dd-8ed3ee7bbc25
play_store,2026-06-07T09:17:21,1,Many times when I ordered meat or fish it was delivered or as rotten. Every time I reach out to customer support but they never give me a solution till now. Now frustrated with the customer support and start using other applications for fresh products.,https://play.google.com/store/apps/details?id=com.grofers.customerapp&reviewId=cff370ec-f399-4329-9032-978e4814085d
play_store,2026-06-26T13:54:42,3,"While their is a wide variety of products, many of there delivery staff delays the orders excessively. Recently I faced a situation where the expected time was 10 minutes and yet it had taken them 30 minutes to deliver the order.",https://play.google.com/store/apps/details?id=com.grofers.customerapp&reviewId=f3bd3850-e5ec-4d69-9a7b-55c8038fc8a0
play_store,2026-05-14T10:54:43,1,"Customer service is extremely poor, and after-sales service is even worse. I ordered 4 kg of vermicompost, each packet containing 1 kg. I only received 2 packets. I emailed Blinkit, but they refused to listen to me and kept saying that all the items had been delivered. I asked for information about the investigation, but received no positive response. And the customer service department doesn't seem to understand the problem at all. So I don't know what they did with their investigation.",https://play.google.com/store/apps/details?id=com.grofers.customerapp&reviewId=b721b4fd-a1e1-48a6-bb2b-45325e7cf0e5
play_store,2026-05-12T22:03:32,5,"Good Delivery! Very quick and simple. We get all items we can think of— books, toys, clothes, etc. in the span of minutes! Very easy to use and quick to respond. Any problem, their team is there to help!",https://play.google.com/store/apps/details?id=com.grofers.customerapp&reviewId=56c48776-7d19-4016-9542-cc08423e2faa
play_store,2026-06-10T17:13:55,5,actually the experience is so good that I don't know how to explain why it is so convenient to order anything that you wanted and it just come at your door steps it is so good but the only problem I have faced a lot and I think it's not that big problem but the prices which are reliable on the offline stores here the prices are a bit high but the quality wise they are good and the packaging is also what it is so what is so convenient it get my address faster,https://play.google.com/store/apps/details?id=com.grofers.customerapp&reviewId=f366752c-6dea-47c5-b8c7-92974158b26a
play_store,2026-07-02T20:01:56,1,I've ordered day before yesterday which was two products I've paid the order so only order was been placed but when delivery came the delivery guy asked to pay but I've said I've paid but that time my account balance was not updated so I've paid him cash thing is here after I get know that my money was actually debited and I've paid extra money also so I've raised complaint and I've emailed them but still my issue isn't been solved and didn't did any justice to me.WORST CUSTOMER EXPERIENCE!!!,https://play.google.com/store/apps/details?id=com.grofers.customerapp&reviewId=880d4bd2-ddf8-4a8d-9c77-e562555d8f25
play_store,2026-06-17T19:37:31,1,do not use this app as there is no guarantee that you will get fresh items. Many times you will receive expired products also. When asked for a refund they will provide you with a coupon. Rather is no option for the amount transfer to the account.,https://play.google.com/store/apps/details?id=com.grofers.customerapp&reviewId=f6cec90f-d149-405d-81c0-78613ff06a56
play_store,2026-07-11T12:17:20,3,"I received my cassata ice cream in a completely melted condition. The order was delivered within 5 minutes, so it doesn't seem like it melted during delivery. It looks like it was already melted before being packed, and it was even leaking when I received it.",https://play.google.com/store/apps/details?id=com.grofers.customerapp&reviewId=66caf48a-2f82-4eba-ad0f-1649f0c06bbe
play_store,2026-05-21T17:47:22,1,"I bought eggs and a bottle cleaning kit. Had I seen these products in an offline store, I would never have purchased them. The egg packaging was already opened, making the quality of the eggs doubtful. Also, the bottle cleaning brush is too large to clean bottles and seems more suitable for cleaning buckets. So very poor experience just wastage of money since you can't use the product you bought it for. good bye blinket, feeling cheated",https://play.google.com/store/apps/details?id=com.grofers.customerapp&reviewId=073c7c82-9914-4358-a3c6-49b8ec566ff0
play_store,2026-05-16T14:25:04,5,"Blinkit is my go-to app for daily grocery needs. I order my Amul milk, curd, and butter every morning, and they always arrive fresh and perfectly chilled within 10 minutes. The interface is super smooth and delivery is incredibly fast. Highly recommended!",https://play.google.com/store/apps/details?id=com.grofers.customerapp&reviewId=0340474e-100a-49a1-99e6-8899ecd796ba
play_store,2026-06-09T08:40:20,1,they are looting the people by delivering the damaged or local copy products of brands and most of the time they don't replace the items and their customer care support is very bad u can't contact them easily and the blinkit turns off the chat support from their end so you can't complain about your issues.,https://play.google.com/store/apps/details?id=com.grofers.customerapp&reviewId=f9643a09-bb63-483c-96f2-c3e87c503949
play_store,2026-06-06T23:13:00,5,"very good service editing this after 6 months of using the app. still I would accept that the service is very good and 24x7. Products are fresh and good quality Just one request in our area pin 700144 , most of the time in evening they take a surcharge. We would be grateful if this can be taken care of",https://play.google.com/store/apps/details?id=com.grofers.customerapp&reviewId=8246ab6a-1ca0-4c4f-b188-8aa311211840
play_store,2026-05-19T21:00:03,1,"worst service, Delivery charges are high and no proper customer service. Agents doesn't know the details to be shared if customer is having an issue with the order. Once agent marked as completed. customer can't cancel it. the worst ever experience",https://play.google.com/store/apps/details?id=com.grofers.customerapp&reviewId=93e9be2c-7ce7-43a6-b587-ed4ecfd4b5b5
play_store,2026-05-27T10:50:46,4,"some items are relatively expensive, good factor they are delivered round the clock. had very bad experience on electronics items bought. shows 7 days return policy but their help center rep denied of any such possibility and suggested to reach band service which I am not aware of. sounds absurd. beware before You buy. do not expect any assistance from their end.",https://play.google.com/store/apps/details?id=com.grofers.customerapp&reviewId=93afbdac-751b-4dfe-a603-1befceca7339
play_store,2026-05-18T10:24:20,2,"Hello Blinkit team, There are many people in our area who would love to use Blinkit, but unfortunately the service is not available here yet. Quick delivery services are really useful for groceries, medicines, and daily essentials, especially during emergencies. We request you to consider expanding Blinkit to our area soon. It would definitely be appreciated by a lot of residents here. Thank you!",https://play.google.com/store/apps/details?id=com.grofers.customerapp&reviewId=54054d0f-ebae-4ad2-a4fc-5711aa59368b
play_store,2026-05-20T17:11:57,5,a great app for all things delivered in minutes. but just a request that if possible blinkit should add should add items of low cost also for example chocolate of 10 rupees or ice cream 10 rupees the items are available but at 20 or 30 rupees. overall it's a great app,https://play.google.com/store/apps/details?id=com.grofers.customerapp&reviewId=b8241d75-76ca-4bd0-8ecf-69762a46a830
play_store,2026-05-27T16:43:36,5,"huge thanks to the Blinkit team and delivery partner for delivering my order at 3 AM. It really helped at an important time.tried Swiggy, Zepto, and other apps, but nobody was delivering at 3 AM. Blinkit was the only one available and delivered on time. Really thankful to the team and delivery partner for being there at midnight. Great service!",https://play.google.com/store/apps/details?id=com.grofers.customerapp&reviewId=230f0139-45a0-45e9-adcb-e9c20ccdfd17
play_store,2026-07-01T16:56:16,1,"Received a brand-new fan with mismatched blades and motor colors, clearly indicating poor quality control. The real shock was Blinkit's customer service—they refused to provide any meaningful resolution despite clear evidence. Fast delivery is pointless if you deliver defective products and then abandon the customer. Absolutely unacceptable. I won't buy appliances from Blinkit again and wouldn't recommend anyone else to either.",https://play.google.com/store/apps/details?id=com.grofers.customerapp&reviewId=bcc2f436-ab50-4d70-8665-965cf6d6a694
play_store,2026-05-20T11:18:44,1,"Poor customer support. Can't even connect to chat with customer service. If we mailed our issue not even getting solution. I complaint about missing item they are telling that eveything was there as per my order & rejected my concern. Very poor shopping app i ever used. Iam using bigbasket, instamart & jio mart, didn't experienced this from them.",https://play.google.com/store/apps/details?id=com.grofers.customerapp&reviewId=9db94319-da9d-446e-8f55-f5883f9558f5
play_store,2026-05-31T13:43:32,1,"So many extra charges on 2/3 delivery. it's not fair. It's not fair. for me D Mart is near to buy, instead of giving you so many extra amount on one delivery better to go and buy in reasonable price. my suggestion is if you will do like this very soon your service will close like Bigbasket in our area. I am regular costomer of yours so think on that.",https://play.google.com/store/apps/details?id=com.grofers.customerapp&reviewId=5d9ec73f-a564-4fe7-8072-fb33414bdd0a
play_store,2026-07-04T19:51:21,1,"Hi, I received the blanket in unacceptable condition. The product was not seal-packed, and it appears to have been used before. There is also a black dirty stain/substance on the product, making it unhygienic and not fit to use. I am very disappointed with the condition of the product. please don't use this aap fir buying products. I have sent an email to Blanket regarding the condition with pictures of the product.",https://play.google.com/store/apps/details?id=com.grofers.customerapp&reviewId=7a9fcbef-8cce-440b-af8f-8b4d27a1c909
play_store,2026-06-25T18:09:08,1,"⭐ 1 Star Extremely concerning experience with Blinkit. I ordered Swisse Men's Multivitamin and received a bottle with no visible expiry date. Assuming it was a one-time error, I returned it and ordered the same product again. Shockingly, the replacement also had no visible expiry information. Health supplements are consumed daily, and customers have a right to verify expiry details before use. This raises serious concerns about quality control, product safety, and customer trust.",https://play.google.com/store/apps/details?id=com.grofers.customerapp&reviewId=74d455a8-2e0d-49a9-b498-9d4ec6203772
play_store,2026-05-07T16:33:01,1,Many a times when one's order not delivered; when some part of the order not delivered; when something wrongly delivered and when one cancel the order; the Blinkit never ever refunds one's money! no satisfactory responses; no customer care; nothing nice in this regard ever there with theBlinkit! very difficult and disgusting!!😔😏,https://play.google.com/store/apps/details?id=com.grofers.customerapp&reviewId=5b0b77bb-04c9-430a-973b-7de13ebf215f
play_store,2026-06-23T12:51:44,4,"the timing of delivery is perfect, delivery is also fast according to app in 10 minutes and taste of edible product is good . you must try this aap for ordering item. but sometimes it takes more than 10 minutes according to product",https://play.google.com/store/apps/details?id=com.grofers.customerapp&reviewId=83f05591-9957-4957-8600-5c9f26904d2e
play_store,2026-06-14T01:24:51,1,"Charging ₹100 for delivering an item worth ₹20 is absolutely ridiculous. On top of that, the unnecessary attitude and drama made the experience even worse. If it hadn't been late at night, I would never have ordered from here. It honestly felt like a rip-off. Definitely not recommended.",https://play.google.com/store/apps/details?id=com.grofers.customerapp&reviewId=7e954cb2-b7fa-4f29-b105-33357f170bad
play_store,2026-05-11T12:49:48,1,"very disappointing service blinkit. they will never provide refund , i was told that refund would be initiated in 3-5 days but it's now more than 25 days refund is not initiated, they will never provide you will a help desk number too....worst app experience, wouldn't be using this againa",https://play.google.com/store/apps/details?id=com.grofers.customerapp&reviewId=d0fbaf1a-2d4b-4ae3-9ea4-6ec9dd37266c
play_store,2026-06-22T16:17:53,1,"do not use this app they are sending false products, I ordered Bisleri Bottles 10Lx3 Bottles, they send reused old bottles without any manufacturing/expiry date/batch no. when I raised the issue on their help chat box, they don't agree to refund but agreed to replace the order. when I received replacement of the same than again I got the same issue but there's no any response from the help chat box and delivery guy. They are using Old bottles refilling them and and selling it.",https://play.google.com/store/apps/details?id=com.grofers.customerapp&reviewId=81f435ae-5dbd-41d8-8419-52e289f4e6e2
play_store,2026-06-17T16:05:08,1,my son added headset which when we opened we discovered that it doesn't fit our requirements. we called blinkit to return they refused to take it back as box was open ...how can we check if it is right for us or not without opening. very unsatisfied with this kind of customer service,https://play.google.com/store/apps/details?id=com.grofers.customerapp&reviewId=069b7115-0c39-4bd7-9e5a-9474d79d5763
play_store,2026-06-07T22:31:41,1,"My earlier rating for Blinkit was 1 star, which I gave on 29/02/24. But today, I honestly realized that they are not even worth it. You cannot trust or rely on their product quality. They sell expired products by repackaging them with fresh date labels. One day, every customer will become a victim of these deceptive marketing tactics. Their customer support service is one of the most horrible and worst. In fact, there seems to be no proper customer service support at all.",https://play.google.com/store/apps/details?id=com.grofers.customerapp&reviewId=2d60512d-9fd9-45a8-b73f-432bc1c7418a
play_store,2026-05-22T13:36:11,4,Everything in this app is top notch but once a order had a item missing of around 100Rs. and that item's money is not returned till date. This is happens mostly in orders with big number of items. Otherwise the service was helpful and the riders behaviour and service is also fine.,https://play.google.com/store/apps/details?id=com.grofers.customerapp&reviewId=2b044d12-f7cf-427f-9473-387cdf2c8008
play_store,2026-06-28T21:41:08,3,"the best delivery app.super fast and delivers as promised or earlier.i had to change my rating because when a wrong item is delivered you get refunded only the exact amount, they should have an option to deliver the missing item because ordering again means paying extra handling and delivery charge for the same item which they failed to deliver",https://play.google.com/store/apps/details?id=com.grofers.customerapp&reviewId=c5e7ebc4-ce18-4e25-8c5b-7d4510fafaa3
play_store,2026-06-08T00:34:35,5,"⭐⭐⭐⭐⭐ Amazing service! Ordered through Blinkit and received my order very quickly. The delivery was fast, packaging was neat, and all items arrived in perfect condition. The app is easy to use and the delivery partner was polite and professional. Very convenient for urgent daily needs. Highly recommended for anyone looking for quick and reliable grocery and household deliveries. Great experience overall! 0",https://play.google.com/store/apps/details?id=com.grofers.customerapp&reviewId=b17134e0-4e3c-436f-885d-3150129d8c7f
play_store,2026-06-03T16:27:58,1,"I have been using there delivery services for 2-3 months now, minimum 6days a week and these cheater keep sending 1-2 item less after every 5-6 orders, they dont have an customer service chat or call systems, i asked the delivery guys they say sir we know this is happening but we dont fill the bags, we only deliver what they give. so today I went to their godown and asked for answer and they are like we can't do anything, we have so much load that sometimes some orders get some missing items.",https://play.google.com/store/apps/details?id=com.grofers.customerapp&reviewId=cb93da5b-c081-4d60-84a5-d746ea3f3f41
play_store,2026-07-04T21:34:32,1,"Blinkit money glitch : not working does it require any changes in setting. like old age mobile apps. - I'm riding part time in blinkit but when I try to place order using this customer app it's not allowing to place order. at payment option it shows restrictions in all types of payment. Even tried to place order to my friends home, office, etc but no use. not allowing to use my blinkit money.",https://play.google.com/store/apps/details?id=com.grofers.customerapp&reviewId=21f56ee0-88c7-492f-9026-9afaf0e4db0e
play_store,2026-06-05T06:45:00,5,"Fast delivery, good product availability, and convenient for urgent needs. Most orders arrive on time and customer support is usually helpful when issues arise. Very useful when you don't have time to visit a store",https://play.google.com/store/apps/details?id=com.grofers.customerapp&reviewId=e6e0f294-3c1f-454a-ac4b-011d95d705be
play_store,2026-07-01T16:26:53,4,It is very expensive 😪 and stationery item are not able. It is not to good in stationery 🙄🙄 it is getting nice I mean I liking it nice app 😊😊 but still stationery items r expensive and most r not available and the Japanese thin tip pen is not available in blue gel but it's ok nick app,https://play.google.com/store/apps/details?id=com.grofers.customerapp&reviewId=5e3afebf-dd76-4580-9e22-5b301cd47b1f
play_store,2026-05-07T15:03:08,1,"Unprofessional Service: Order Cancelled Due to Blinkit's Own Location Error Issue Faced: 1. When I placed the order, I picked up my current location. I confirmed the same address 2. Later, the delivery boy called and said ""We can't deliver at your location because it is too far away."" why app picked up my location if it is not made to deliver at that location?",https://play.google.com/store/apps/details?id=com.grofers.customerapp&reviewId=a4e59017-2142-4096-aa33-4a9924dc0ec2
play_store,2026-06-02T20:17:13,3,"Extremely disappointing experience. I lost items from my order, but the support team refused to compensate me and simply claimed that everything was delivered. There is no proper customer support, no accountability, and no satisfactory resolution process.",https://play.google.com/store/apps/details?id=com.grofers.customerapp&reviewId=47112cc9-84cd-4f9d-b675-ca33f02c2719
play_store,2026-05-19T15:59:39,1,"I ordered from the store for the first time, but the product arrived in poor condition (saffola gold was leaking). I sent photos, but it's been over 10 minutes, and I heaven't receive any reply or return. very disappointing experience.",https://play.google.com/store/apps/details?id=com.grofers.customerapp&reviewId=69ee27a6-f260-42ac-8a10-e8559d5abbfa
play_store,2026-06-02T22:28:52,3,app is good and items are reaching on time but unfortunately I ordered wrong size lunchbox recently and there is no option to return.even contacting the helpline they were not at all understanding.i know it's because of policy and handling many people.but not accepting return within 5 min is straight not expected,https://play.google.com/store/apps/details?id=com.grofers.customerapp&reviewId=6f635e84-05cc-4f75-acde-9788817ede30
play_store,2026-07-07T07:10:00,4,it is very helpful and but I'm giving them 4 star because some they delay the items so late and some times they increase the price of an item up to 50% for example recently I have ordered toothpaste their the price is shown 99 rupees but they increase it 50% and the price raised up to 180,https://play.google.com/store/apps/details?id=com.grofers.customerapp&reviewId=cca7ac9d-65ef-427f-aa43-1ba46bcaf17b
play_store,2026-05-16T22:50:34,1,"very bad experience, ordered to drinks that are supposed to be served chilled, but I got them at room temperature, texted help desk, i wanted a refund but they didn't gave me a choice but to replace the items, even the replaced items were not Cold not chilled, no customer care to call, no delivery help, and finally i ended up with room temperature drinks, never using blinkit again, ordered same products on Instamart and zepto got them chilled everytime, i will never order from blinkit again.",https://play.google.com/store/apps/details?id=com.grofers.customerapp&reviewId=86341022-b2b3-4672-8817-8846cdeb9e42
play_store,2026-05-27T20:17:08,1,can't modify your order after it is placed very bad experience even help and support page is openly saying that they will not modify it and can't even cancel it . It was just after a minute I am trying to modify my order but they are not doing that . very bad experience as a user i suggest not to order from blinkit. If there is no option then go very safely with a final call because we do not want to waste our money just by one click,https://play.google.com/store/apps/details?id=com.grofers.customerapp&reviewId=23060ff0-06b9-4ba7-93bc-fd01cbac49bc
play_store,2026-05-22T16:38:09,5,I have tried many delivery apps. I love your packaging and the fact that it always has new information. And its good to be able to avoid last minute panic most days.,https://play.google.com/store/apps/details?id=com.grofers.customerapp&reviewId=458b5113-cc5e-4b72-b2eb-5452745cd8e3
play_store,2026-06-28T15:10:53,1,my order was not delivered but showing as delivered. Agent number not reachable. support number says out of stock items. I will send the itemes in stock. Terrible system. You people wanted time and peac of mind for few minutes. we use these services only if anything is urgently required and we cannot go out. Your system takes time in wasting our time in contacting chatting.,https://play.google.com/store/apps/details?id=com.grofers.customerapp&reviewId=dab7b8ed-23d8-4c5b-ae22-b2f52bfcdcc6
play_store,2026-06-12T12:52:48,4,Hello blinkit actually I have a problem regarding the payment methods of COD it is not working for 6 days and also I don't use any other payment methods to get my order so do something for it otherwise I can't order anything but a good thing is it is a very nice and reasonable app for using i liked it actually loved it very much and I can use everytime so that's all to say . But it's not working for 8 days and I can't use your app please do something I have something very important now please do,https://play.google.com/store/apps/details?id=com.grofers.customerapp&reviewId=4313a36b-1600-45ff-911a-32e5e78631fe
play_store,2026-07-11T13:18:33,1,Very bad experience they charge 20 rs for cancellation fee. They don't provide an option for cancellation we need to contact customer care for it and they say we requested for cancellation lately🤦. And I immediately requested it post my order.,https://play.google.com/store/apps/details?id=com.grofers.customerapp&reviewId=77011c88-e51d-4829-bd4e-4b451457a209
play_store,2026-06-27T12:13:03,5,"I am consistently impressed by Blinkit's grocery quality. Buying fresh produce online can be risky, but their fruits and vegetables are always premium and well-sorted. The app has an incredibly smooth interface, a massive product selection, and lightning-fast delivery. It saves me so much time and effort compared to navigating local markets!",https://play.google.com/store/apps/details?id=com.grofers.customerapp&reviewId=c3c7dc8d-92c5-432f-ad6a-f341c7850939
play_store,2026-06-01T15:12:23,1,"⭐ 1 Star Review ""I purchased this charger because it was advertised as an 80W fast charger, but it does not provide fast charging on my phone. The product performance does not match the description. I feel like I wasted my money. Very disappointed with this purchase. Please provide accurate product information to customers."" Short version: ⭐ 1 Star ""Bought this charger expecting 80W fast charging, but it doesn't fast charge my phone at all. The product doe",https://play.google.com/store/apps/details?id=com.grofers.customerapp&reviewId=2693e577-d620-48eb-a7dd-680153971623
play_store,2026-06-03T22:52:49,4,"Overall, the service is good, but one issue I’ve noticed is that whenever I order milk, it is often delivered close to its expiry date. I would appreciate it if fresher milk could be provided.",https://play.google.com/store/apps/details?id=com.grofers.customerapp&reviewId=deaa5295-697c-4d5c-a408-56b7ff56cde8
play_store,2026-07-03T18:53:54,1,"very bad experience i have ordered the product from it and it's used and the quality is very bad i have raised the issue to customer care but there also i got bot support which was awful even after that i mailed blinkit support regarding this there also they said sorry we can't help you with this , don't order from blinkit you'll get scammed order from other delivery apps",https://play.google.com/store/apps/details?id=com.grofers.customerapp&reviewId=869bd4ad-a2cb-43c1-8607-a451cf1b6270
play_store,2026-05-08T14:35:40,1,"I have ordered Milky Mist Asal idli & Dosa Batter from Blink it where the price listed in site is Rs.95 and after received the product, the price in the product shown is Rs.65. Even in the invoice shows the price as Rs.95. They have refunded the amount as promocode which i tend to order a product again and redeem the code this app is useless and better to go with other apps like zepto or instamart. Going to uninstall it and won't be using it further",https://play.google.com/store/apps/details?id=com.grofers.customerapp&reviewId=e6b97ea3-d925-4cdf-aaeb-ce2171d353f8
play_store,2026-06-30T19:12:02,1,"Amazing app for grocery savings but doesnt have a return policy other than returning at the door; we dont actually know what is inside the packages, So return policy at door doesnt make much sense. BB takes returns upto 48hrs, Flipkart too. So I am uninstalling this app, as there are other Quick commerce apps that are using sensible return policies and methods. update: i received an expired coffee, a delivery executive was sent to pickup the packet and he wouldn't take it back as it was open.",https://play.google.com/store/apps/details?id=com.grofers.customerapp&reviewId=e2f53ac4-048e-4f29-ae5f-6fcb9c0128ce
play_store,2026-07-15T16:51:26,5,"Blinkit is absolutely amazing! Their grocery delivery is incredibly reliable and lightning-fast. Whenever I need daily essentials, they arrive in minutes, making life so much easier. But what truly makes Blinkit stand out is their free ambulance service. It is a fantastic, life-saving initiative that shows they genuinely care about the community. It’s rare to see an app combine top-tier convenience with such meaningful social responsibility. Highly recommend this app for speed and heart!",https://play.google.com/store/apps/details?id=com.grofers.customerapp&reviewId=c4f94f43-09e9-4d8a-a5e0-7aeb55fb6f33
play_store,2026-05-14T15:13:53,2,"Too much pricing and the order takes a whole lot of time to be delivered.. Recently, after confirming our order it took about 10 mins just to assign a delivery partner. The products are all fine however the service isn't great and the pricing seems unfair as they add surge charge and stuff. Once the product we ordered got sold whilst the ordering process..",https://play.google.com/store/apps/details?id=com.grofers.customerapp&reviewId=62b7a9cf-9027-49a9-adca-4a3726891348
play_store,2026-07-03T19:12:53,1,"The deliverymen are useless and can't locate the place despite providing proper address & directions;I had to leave my utmost important work at the office & come to collect the goods;to top it off, they don't carry change even when I use 'cash on delivery' option.",https://play.google.com/store/apps/details?id=com.grofers.customerapp&reviewId=bc473d59-75d8-44e3-b6b3-db48c0ec246f
play_store,2026-06-13T23:00:02,1,Very Average service. Most of the time the app says currently not available & we can purchase only when they are available. We are like their paid beggars waiting for them to be available to avail their service. Insta & Flipkart are better compared to Blinkit.,https://play.google.com/store/apps/details?id=com.grofers.customerapp&reviewId=9c493cbb-acfd-4040-be5a-381fd622d004
play_store,2026-06-02T16:25:44,3,actually everything is fine but the delivery charges are way too high for students😅🥲 but rest everything is fine andi loved it and also the app was easy to use and deliveries were on time and the products I got also were in good condition.... but delivery chages are not suitable for students...,https://play.google.com/store/apps/details?id=com.grofers.customerapp&reviewId=178c0e52-2d9d-48e3-b609-9e0500c81e46
play_store,2026-06-03T07:41:12,1,repeatedly sending unsealed items and items without mention of expiry date and customer service takes 45 mins to complete conversation and arrange pick up/ refund. very often replacement is not available. frequency of spoiled / tampered goods has increased tremendously. there is some bad storage issue going on with blinkit.,https://play.google.com/store/apps/details?id=com.grofers.customerapp&reviewId=61d161cb-b2c8-4c94-a1d5-f607ec3cef68
play_store,2026-06-23T20:11:40,3,One item in the order was missing on reporting it was said that the refund for the particular will be issued. Haven't received it yet and there's no way i can contact customer support as it is stating 24 hrs completed after your order,https://play.google.com/store/apps/details?id=com.grofers.customerapp&reviewId=8ca31487-32e8-4c81-a7c2-ca44710adda5
play_store,2026-05-13T11:15:41,1,Very bad experience with Blinkit. Product was defective and they neither replaced it nor accepted return. Customer support was not helpful at all and kept avoiding the issue. Waste of money and very disappointing service.,https://play.google.com/store/apps/details?id=com.grofers.customerapp&reviewId=2ab527ea-4448-46e9-82b2-a9c21a5ad2c3
play_store,2026-06-03T18:21:11,1,i nowadays hate blinkit due to its harsh system as there is no cancel option even after a few moments of confirmation and also even when delivery partners are not available they don't give an option to cancel orders also they are now charging much more delivery and handling fees and offers are also disgusting which always forces to order more . I will recommend Indians to use Instamart or do offline shopping especially in India . I hope blinkit would do improvement in future .,https://play.google.com/store/apps/details?id=com.grofers.customerapp&reviewId=2292bcb4-cb48-4758-a7f1-2eeec9e60ef1
play_store,2026-07-05T14:52:37,4,great app! fully satisfied with your hospitality but from my experience I like to give a give a disclaimer to new buyers as well as the old ones that before ordering something please keep change as been a daily customer I face this issue many time as you may not know when your online server would be down so from my experience keep change if you pay with cash otherwise this is the best app for your day to day life usage,https://play.google.com/store/apps/details?id=com.grofers.customerapp&reviewId=14562fb0-5963-42cc-9407-58ec1f061c3e
play_store,2026-06-30T11:57:48,3,for timing it deserves appreciation..but just today while searching for products such as facewash..I noticed almost none of the products' ingredients were listed. That's very unfair trade practice... that's a sussss.....lack of transparency,https://play.google.com/store/apps/details?id=com.grofers.customerapp&reviewId=671f8199-cf70-442a-a737-7e8d6d139537
play_store,2026-07-10T16:31:09,1,"I am extremely dissatisfied with the way this issue has been handled. The products delivered in my order were damaged, and I immediately raised a complaint requesting a refund. Your delivery partner collected the damaged items, yet I have still not received my refund.What is completely unacceptable is that there has not been a single update regarding the status of my refund. I have been left waiting without any communication, which reflects very poor customer service.I returned the damaged produ",https://play.google.com/store/apps/details?id=com.grofers.customerapp&reviewId=d2f7ec34-1716-4595-a117-db19ec20c02f
play_store,2026-05-19T00:09:06,1,"Had the worst experience while returning a item which doesn't fit the description... the app might deliver you fast but it will give u 100 excuses to not take the product back, even though it's not what you order",https://play.google.com/store/apps/details?id=com.grofers.customerapp&reviewId=2d6c8d09-3d61-4516-8963-487c9057b006
play_store,2026-05-15T15:55:29,5,"Blinkit is incredibly convenient and a massive time-saver for my daily needs. The lightning-fast delivery is a total mood maker, and knowing I can rely on them gives me true peace of mind. It’s more than just an app; it’s a genuine happiness and joy bringer that makes life so much smoother. Highly recommended for anyone looking to simplify their routine.",https://play.google.com/store/apps/details?id=com.grofers.customerapp&reviewId=a323ecf5-57ae-42bf-9f88-0ff690172c04
play_store,2026-06-09T16:41:57,1,"The store does not properly check items before sending them and ends up delivering spoiled products. Today, I received a rotten coconut that was already cracked. The coconut water was leaking into the paper bag, and because of that, the other items I had ordered inside the same bag were also damaged and ruined. I have used this app multiple times and my experience has not been good. There is no proper seriousness in their service. They send incorrect orders, sometimes mixing up orders between",https://play.google.com/store/apps/details?id=com.grofers.customerapp&reviewId=f59af4e3-7948-49c6-9657-6bf52da09fec
play_store,2026-06-24T01:21:57,4,"extra taxes are too much and minimal order should be of ₹100 as because of minimal order price we don't feel like ordering due to which either we order unnecessary product so as avoid small cart , surge taxes and handling charges.",https://play.google.com/store/apps/details?id=com.grofers.customerapp&reviewId=645a0bb8-70c6-422e-ac41-47821370d78f
play_store,2026-05-16T20:31:35,1,"consecutively the service is deteriorating. Bags are torned, milk packets are delivered leaked, very low rated service. It has been communicated many times and committed by service team that will not be repeated everything since last 2 months. I order almost every alternate day. Now it is a high time to switch to other service providers.",https://play.google.com/store/apps/details?id=com.grofers.customerapp&reviewId=33344aad-6b89-4af9-b5d4-e9a7453a54a9
play_store,2026-05-24T09:01:24,4,everything is very nice... the service is too good and pretty fast .. the delivery man behaves well.... prices are okay.... but many items are not available in smaller quantities like everything is like 1kg 1L like that... smaller quantities aren't available....rest is good,https://play.google.com/store/apps/details?id=com.grofers.customerapp&reviewId=76538bac-e8ca-4995-ab45-64ad7e7a1252
play_store,2026-06-28T15:53:26,1,"Delivery system is good. But support system is almost nil. This platform owns no responsibility of the quality of items it delivers. Once the item is delivered, the poor customer is left to his /her own fate. I sincerely recommend to all my co-customers not to think of purchasing anything from Blinkit. I too regret choosing this platform for shopping. They have no customer care phone no. on which the customer can talk to the support executive.",https://play.google.com/store/apps/details?id=com.grofers.customerapp&reviewId=ae938277-2cd4-42b2-9933-4f5aba90e117
play_store,2026-07-10T15:34:40,1,"Some delivery executives are engaging in fraudulent practices. They are providing false reasons, such as claiming they couldn't find the address or that the customer's phone was unreachable, even when that isn't true.",https://play.google.com/store/apps/details?id=com.grofers.customerapp&reviewId=e4eab2f5-0bf2-47dd-8e35-e57cdf12c571
play_store,2026-07-15T23:30:39,5,"Your team is performing exceptionally well. I am particularly impressed by the speed with which the doctor's consultation was provided and the medication approved, with the prescriptions now en route. This application is truly a lifesaver. Congratulations on achieving such a high level of excellence.",https://play.google.com/store/apps/details?id=com.grofers.customerapp&reviewId=83d088cf-ece5-4793-aa91-34a8a5e9e4df
play_store,2026-06-02T00:42:00,1,"My order was marked as delivered, but I have not received the items. The delivery partner confirmed on call that he took the items back to the store and did not deliver them. Despite this, the app shows delivered. Customer support only offered feedback and no refund/resolution. This is not a service feedback issue; this is payment taken for goods not delivered. Please either deliver my order or process a full refund. Kindly escalate this complaint and provide a complaint/ticket ID.",https://play.google.com/store/apps/details?id=com.grofers.customerapp&reviewId=33d81d00-0929-493e-9389-87741b778906
play_store,2026-06-29T16:45:32,1,"horrible app.they deliver product with missing item,and then dont replace the item .stating from our end it was delivered in proper condition. why will I deliberately say item is missing .they have started cheating custmer",https://play.google.com/store/apps/details?id=com.grofers.customerapp&reviewId=1083e128-7fb8-4a81-b774-6337f23acf2e
play_store,2026-06-10T20:16:19,1,"no proper option to contact if any fraud or lose of items , missing items report, no proper solution, we need to loos the money for the order what we haven't received the items. very worst service. not suggestable. please don't oder from blinking if items are missing they no support or solution ir provided from blinking.",https://play.google.com/store/apps/details?id=com.grofers.customerapp&reviewId=83b66a3a-d7b9-4cd9-aa2e-c97f48f6e4b6
play_store,2026-07-03T23:57:13,1,keeps adding the time In the top. not useful. says under 10 minutes and stops it at 5 for around 15 minutes. then says driver came under time. not sure but they seem to have made a space Time bending tech that causes themselves to reach early.,https://play.google.com/store/apps/details?id=com.grofers.customerapp&reviewId=6c9f25c9-c230-4010-89b9-ce477d2ebd13
play_store,2026-06-21T12:12:49,1,"I placed an order today through Blinkit for an Ambrane data cable. The invoice and specifications are attached in this mail. As per the specifications, the cable should support data transfer. However, while it charges my mobile phone, it does not connect to my laptop for data transfer. Since the product is not functioning as described, I request to return this order and initiate the refund process. till now not refund",https://play.google.com/store/apps/details?id=com.grofers.customerapp&reviewId=b473973d-fb03-467a-ba3c-ef9202f612b5
play_store,2026-07-05T12:34:02,1,Unethical and Fraud Application. I ordered a product by selecting my current address but it is not serviceable area. So I cancelled the order. the cancellation team guy told that refund only process through promo code only. I told him that I would not going to use this app anymore because am in un service area. I asked him to do the refund to original payment mode. But he refused to do that. he told there is only one option for refund is through promo code only. It's very attrocious,https://play.google.com/store/apps/details?id=com.grofers.customerapp&reviewId=e6e6cf52-81ab-47b1-b2a0-9fa487d05bce
play_store,2026-07-08T19:08:59,1,"payment is never successful on the first try, always have to pay twice for any order to get placed. The refund comes almost instantly, but it's a nuisance having to place every order twice.",https://play.google.com/store/apps/details?id=com.grofers.customerapp&reviewId=49999730-64f9-4044-99b3-365cf0c1604d
play_store,2026-07-04T16:59:32,1,"One just cannot see the invoice and cost breakup before making payment. Blinkit is so resistant to transparency. And one can chat only with a bot with pre-defined questions. Any other issue one faces, one just cannot raise it.",https://play.google.com/store/apps/details?id=com.grofers.customerapp&reviewId=ac412028-c9d5-4515-a5ae-b16e434a62ef
play_store,2026-06-23T19:49:32,5,"its nice app, great in all terms except the part where riders have a cash limit . I often find difficulty if orders are placed at evening as riders have limited cash limit . maybe make it every 12 hours , it reset and they have to deposit collected cash at their main store or something",https://play.google.com/store/apps/details?id=com.grofers.customerapp&reviewId=e95be445-9a37-420c-81f5-bc295523c7b4
play_store,2026-05-26T18:08:56,1,l advanced paid for the big order and the items weren't delivered. The Bot offered a refund which would take 5 days? why the delay in refunding my money. This is a sham going on in the company. Can't be trusted anymore. Poor customer service. 😏,https://play.google.com/store/apps/details?id=com.grofers.customerapp&reviewId=fda3a3fd-9187-4487-8b1a-c65ca5bb6fdc
play_store,2026-07-09T09:55:55,2,"It is fine for people who cannot access stores themselves but they are scamming people by only keeping big quantity food, you HAVE to add 10 rupee items as well. or else I'll sue you all. and add ""Swastik Mixture"" it's very popular where i live and i need it on blinkit.",https://play.google.com/store/apps/details?id=com.grofers.customerapp&reviewId=4de14cf5-ec9e-43ce-8b29-30eb4b10d7be
play_store,2026-05-23T21:51:37,1,earlier it was a good service platform but now it is acting like some fraud platform. it'll make you pay for all selected items and later will cancel a few of them without your knowledge. it'll not be shown even in your order list. And forget about any refund,https://play.google.com/store/apps/details?id=com.grofers.customerapp&reviewId=3e10e9af-98a1-4301-bfd7-56d74785aa33
play_store,2026-05-22T08:52:26,1,"when you order, it's in stock and u ad 2-3 extra items more n when order is placed,after that main order is cancelled n extra items are delivered, happening for last 2 months,is it some marketing strategy to sell your extras,damn it blinkit.",https://play.google.com/store/apps/details?id=com.grofers.customerapp&reviewId=d10ee580-8fee-4bfe-aa96-6cfa07b02dcf
play_store,2026-05-23T21:24:08,4,"so far so good, variety of options, sometimes in our city some items don't get stocked again like exotic vegetables which is sad but rest is good, also don't make it a 10 minute delivery app, it's cool even if we get our stuff in an hour, don't stress yourselves or your riders 😊",https://play.google.com/store/apps/details?id=com.grofers.customerapp&reviewId=68eddd72-3dd8-4d2b-ae76-2f70f0c03464
play_store,2026-06-09T17:06:47,1,"Message I am extremely disappointed with the quality control and customer service. I ordered Nutri-Rich chicken from Blinkit, and when I opened the packet, it had a very foul and rotten smell. Even after washing it thoroughly and soaking it in vinegar, the smell remained. Upon checking the packaging, I discovered that the product had already expired two days ago. It is unacceptable that expired food products are being delivered to customers without proper checks. Disgusting.",https://play.google.com/store/apps/details?id=com.grofers.customerapp&reviewId=dcfac17a-1057-4612-81f3-bfa5975a49bb
play_store,2026-07-08T10:02:40,1,very bad..today I ordered and it shows me 8min and I still have not received after 45min and the customer service told me they can't connect with delivery person. is I am responsible for this and when I cancelled the order they told me you have to wait for 7days to get your refund. A very very bad experience i have with blinkit. cheap application and cheap service,https://play.google.com/store/apps/details?id=com.grofers.customerapp&reviewId=1764aab6-ce75-440d-ba28-74bdff451831
play_store,2026-05-27T21:51:46,1,"Very disappointing experience with Blinkit. We ordered mehndi cones worth ₹60 (4 cones), but the quality was extremely poor. The mehndi gave almost no colour at all and felt completely useless. When we contacted customer support for a replacement or return, they refused to help. It feels like a waste of money and very bad customer service. Not recommended.",https://play.google.com/store/apps/details?id=com.grofers.customerapp&reviewId=986424dc-efdd-44bd-9ba6-daa23f051007
play_store,2026-07-07T10:11:23,3,"I bought a long list of items and was eligible for a free gift of chocolate ice cream and missed out. You should make a free gift automatic. please do so in future I'm a frequent customer. why am I being charged delivery fees on every order, when others are getting free delivery, even from my own house",https://play.google.com/store/apps/details?id=com.grofers.customerapp&reviewId=f0dfe6fc-bd20-467a-a461-8129c80aeada
play_store,2026-06-11T18:22:58,1,"Do not buy any electronic goods online from Blinkit. They take absolutely no responsibility if your product turns out to be defective after delivery. They will simply deny your request and tell you to contact the brand of the product you purchased. On June 7th, I bought a Zebronics Bluetooth speaker from them, but it has not been charging since day one. Even after charging it for 12 hours, it provides no backup. When I tried to return it, they refused to accept the return .Never buy electronics",https://play.google.com/store/apps/details?id=com.grofers.customerapp&reviewId=efa10c89-001d-4be7-a371-a48e630c71ac
play_store,2026-05-17T18:12:02,1,worst app you can ever find if the delivery Partner is rude and does not deliver your order also the support team is very very bad they don't follow up your money gets deducted and you won't receive your order since 2 hours I have been contacting them they still didn't resolve it,https://play.google.com/store/apps/details?id=com.grofers.customerapp&reviewId=9eda47fb-8929-4c68-a61f-f11342517e36
play_store,2026-05-15T19:35:46,1,"so far I had nothing to complain but now I have returned my order right after receiving it since it was a bit colour faded I had to return the pick up was done but my refund is not we pay upfront and trust on the refund which takes more than 10 days fine, but I haven't received it there is no option to call you people or expect an agent to text this is worst",https://play.google.com/store/apps/details?id=com.grofers.customerapp&reviewId=77a5218f-8271-4201-a5ce-ba25bbe96038
play_store,2026-06-28T21:39:27,1,"I had uninstalled this for long because of delivery issue,now app doesn't have any resolution if the items are missing or broken or spoiled items are delivered,I recently ordered eggs and many eggs were broken i tried customer support , damaged product query only not listed ,no refund or replacement ,waste of money ,i deleted and will never install your app",https://play.google.com/store/apps/details?id=com.grofers.customerapp&reviewId=e311c15d-650f-4ed6-9213-2199b31af64a
play_store,2026-07-12T14:27:09,1,Incorrect order being delivered in the packaging. Pathetic customer service. No customer redressal mechanism. No quality checks shared. In short once you place an order you don't have any other option but to just accept this whatever is delivered to you. absolutely pathetic.,https://play.google.com/store/apps/details?id=com.grofers.customerapp&reviewId=99acb7b2-11ca-499b-809e-ae7dbb15f062
play_store,2026-07-02T22:18:40,5,Had a great experience till now. Items are delivered at exact location and on time.....Very helpful..... sometimes the cod is not available which is really frustrating,https://play.google.com/store/apps/details?id=com.grofers.customerapp&reviewId=bd6269be-54fa-4d98-8cee-fca20a0d2b5c
play_store,2026-06-30T12:32:02,3,App is good but they promise of 9 min but order does not com in 9 mins and sometimes payment failure debt from customer account but order failed and not get refund 😡. but overall I will give 2 and half . but there was not option for 2 and half so I gave 3 ...,https://play.google.com/store/apps/details?id=com.grofers.customerapp&reviewId=c5e0961e-757f-49e7-bfeb-aaeddee9ad71
play_store,2026-06-24T19:28:06,3,"everything is perfect related to delivery and items, but delivery men say for online payment sometimes online is not available so they say we don't have change so we have to give round of amount, so sometimes we pay extra for it..",https://play.google.com/store/apps/details?id=com.grofers.customerapp&reviewId=b8fd910c-3cda-43e4-b922-8e5e2c50e637
play_store,2026-06-21T23:33:49,1,"Very disappointed with Blinkit. I ordered multiple products, but some items were missing from the delivery, including products that I had already paid for. I raised a complaint immediately, but the issue has not been resolved properly. The customer support response has been unsatisfactory, and I am still waiting for a fair resolution. This experience has caused inconvenience and frustration. I expected better service and accountability from Blinkit.i have elaborated on your support gmail",https://play.google.com/store/apps/details?id=com.grofers.customerapp&reviewId=35ee175b-225f-42a6-8a42-67e032619dd1
play_store,2026-06-30T19:23:39,1,"Blinkit dont allow exchange or return of items. This is not justified at all. All other online and offline shops have flexible policy in this regard. So be very careful when you are placing an order,else you will loose your hard earned money.",https://play.google.com/store/apps/details?id=com.grofers.customerapp&reviewId=48aa3e71-502e-455c-a2ca-0fbc725f109e
play_store,2026-05-10T11:43:16,1,every time I am trying to purchase anything from blinkit I get the error due to excess demand currently unavailable.. and I am not able to purchase anything today was the first time I am not able to purchase anything for 8 hours I think is better to go to swiggy then blinkit at least I don't have to wait for 8 hours to order something from them,https://play.google.com/store/apps/details?id=com.grofers.customerapp&reviewId=8c8d128d-1f64-450b-8245-073d2abc87b7
play_store,2026-05-23T17:55:20,5,it gives fast service and all products are as it is u dont have to worry about your refund they reunds in 2-3 days and there's no complaint so I'll give 5/5 stars... just one thing is they charge 30₹ for delivery which is unnecessary you should charge but some 10-15 rupees else everything is good 👍🏻👍🏻,https://play.google.com/store/apps/details?id=com.grofers.customerapp&reviewId=3ae821d9-2f0d-44cb-b16c-931b82a3a5c7
play_store,2026-06-01T01:27:22,1,"The estimated delivery time was not accurate and kept increasing during the order. The delivery arrived significantly later than expected. When contacted, the delivery partner mentioned a vehicle puncture. Unfortunately, due to the delay, the ice cream had melted by the time it arrived. I would appreciate more accurate delivery estimates and better service reliability.",https://play.google.com/store/apps/details?id=com.grofers.customerapp&reviewId=ea7a8083-f1e4-4b9e-bd29-d12fc9d07d7d
play_store,2026-05-31T12:21:52,5,"the experience was very good, if you are in a hurry and you get the things in 20 to 30 mins its good than waiting for two in other apps and it also has imported things and all types of things with great offers, i also get vouchers in my every order, it is the best app try even using it once",https://play.google.com/store/apps/details?id=com.grofers.customerapp&reviewId=0b56dd5a-a2bf-4a81-a9f5-33544bd4016f
play_store,2026-06-17T21:29:15,1,"I had a very disappointing experience with this purchase. The product displayed was BTS Oreo, but what I received was the regular Oreo instead. This feels misleading and unfair. I raised a complaint regarding this issue, but the response I received was inadequate and unhelpful. It seems like a deceptive tactic to sell products. I am disappointed with this experience.",https://play.google.com/store/apps/details?id=com.grofers.customerapp&reviewId=52da8934-1526-4241-9a2c-154e3b7e739d
play_store,2026-05-10T15:04:51,1,"Very disappointing experience. The product was delivered without any expiry date mentioned on the packaging, and the package itself looked very old. Even after raising the concern, there was no proper response from the seller/support team. This creates serious doubts about the product quality and safety. Poor customer service and lack of accountability.",https://play.google.com/store/apps/details?id=com.grofers.customerapp&reviewId=84c9f49a-f853-439a-ad90-fe4048332c0e
play_store,2026-07-03T21:27:21,4,"The booking address should not be changed every time. The delivery address should remain the same while adding items in cart, and checking out (even if there is a break between these two).",https://play.google.com/store/apps/details?id=com.grofers.customerapp&reviewId=b18dd1e0-3d54-4f4a-a139-c728eacd6d1e
play_store,2026-05-29T16:52:58,5,"I have been using the Blinkit app for several months now, and it is absolutely wonderful. The delivery is incredibly fast—sometimes everything arrives in just 5 to 10 minutes! Whether it's food items or daily essentials, everything is packed properly and delivered safely. A well-deserved 5 stars from my side. I absolutely love this app!",https://play.google.com/store/apps/details?id=com.grofers.customerapp&reviewId=020cd553-dd12-465a-aa1c-e636c7df7a51
play_store,2026-05-26T09:21:10,5,"Blinkit is so helpful when I move to HYD, it was a life saving app for me, as I was new here, this app helped me a lot for buy things just like that.. I hope this app starts operating in my native place, Assam (Tezpur) also. 'Get everything in just 15-25 min.'☺️ I really want to appreciate their outer packaging, it's always nice to see.. Every time I order something, I find new different activities, games, etc., it makes me smile.. whoever is handling those things, doing awesome work.. keep up👍",https://play.google.com/store/apps/details?id=com.grofers.customerapp&reviewId=17092fd7-1d8d-41fc-bb67-7127251761f6
play_store,2026-06-25T08:58:20,3,"This app is very helpful specially in emergency time. very greatful when having such kind of app which instantly deliveres the needs but their is some problems I'm facing that's why I'm writing this review.., the app is so much lagging during opening time and it takes 5-10 mins in opening only and it always shows ""can't find your location even when my WiFi and location is on"" . please sort this problem as soon as you guys can. Other than this problem the app awesome 👍",https://play.google.com/store/apps/details?id=com.grofers.customerapp&reviewId=5b16ba16-35d6-4588-a92b-29440a400ead
play_store,2026-07-12T01:15:20,4,Blinkit must take care of extra charges. From other app if we order they don't charge extra. But Blinkit whether you purchase for RS 300 or 5k items they charge extra for unnecessary reasons. I am a regular customer you must take care of those extra charges,https://play.google.com/store/apps/details?id=com.grofers.customerapp&reviewId=2471bcca-d0d9-4444-8347-fdd72c330460
play_store,2026-05-22T00:41:51,3,Hello team it's aditya here I have been one of your frequent customers since few months and I would like to share my experience it has been very good being with you and ordering stuff but I am currently facing issues and my friend have been facing the same issues so it's regarding the game you launched hit your best shot during ipl matches long story short we aren't receiving mystery gift upon. ordering please solve this issue because i really got sad when I didn't recieved a mystery gift,https://play.google.com/store/apps/details?id=com.grofers.customerapp&reviewId=952f15ef-64fd-4b21-bc56-e2b936814512
play_store,2026-06-13T09:45:54,5,"The app is super clean and incredibly easy to use. The search function is highly accurate, and checking out takes less than thirty seconds. Real-time rider tracking is spot on and keeps me updated every single minute.",https://play.google.com/store/apps/details?id=com.grofers.customerapp&reviewId=2fdb5f6d-2179-4d1d-b9ee-6ed1e025a49c
play_store,2026-06-11T22:04:53,1,"Please check all the items when you receive your orders. these people just mentione in the app stating it's delivered but they don't deliver all the items and they don't even refund your money. Never place prepaid orders, always go with COD.",https://play.google.com/store/apps/details?id=com.grofers.customerapp&reviewId=11d049b2-fc84-4ac8-a972-eb15fec8b491
play_store,2026-05-15T10:54:36,1,"Don't use blinkit. I was a regular user of blinkit. I ordered from blinkit almost daily. My last order was a Wifi ups. The product didn't work. Blinkit customer support just asked for more and more proofs(photos and videos) of the product. i shared them all. At last, they said we couldn't find the router in your video. Although the router was clearly visible. Customer service is pathetic. I wish you luck if you order from blinkit. Blinkit, you have earned a 1000 rs but lost a user for ever.",https://play.google.com/store/apps/details?id=com.grofers.customerapp&reviewId=628e2998-6e3f-4252-9915-c40e232b6dcc
play_store,2026-07-10T23:33:49,5,"I cannot describe you how well this app is everything will be delivered at your door step and the delivery partner are also amazing they are kind , they are humble.. and if you don't like some product so you can also take your money back.",https://play.google.com/store/apps/details?id=com.grofers.customerapp&reviewId=a46c80e5-bea5-43e2-b93d-c59979f9ee0e
play_store,2026-07-07T13:28:57,1,"It is a fast delivery aap no doubt but if you have any problem with your delivered product, just forgot about refund,they no more refund even if you submit all related videos and photos, which is so annoying and there delevery partner are also become careless and rude I don't if this happen in my city only,i decided to to no more blinkit from now",https://play.google.com/store/apps/details?id=com.grofers.customerapp&reviewId=1cef1c2a-a507-42c5-a42f-fe6fc1760b3b
play_store,2026-07-13T22:02:14,1,"i have been scammed from this particular dark store, the order was never delivered to me and they marked delivered, after emailing the team they said they investigated thoroughly and it was delivered to the owner but no this did not happen and now i am facing a loss in monetary and trust from this issue. And no its not the first time it is the third time in a month, a scam which happens at night. I will go to consumer court for my rights its not about money now it is about user violation! ⚠️",https://play.google.com/store/apps/details?id=com.grofers.customerapp&reviewId=f2666302-ebaa-4a0a-8a74-140a78e60e2d
play_store,2026-07-12T11:41:27,1,"Always better market shop than an online shopping platform. My experience shared... I ordered a Lifelong coffee maker date12-July-2026 Rs.1014 , but one part is missing from it—the section where the coffee is placed. I filed a complaint with Blinkit, but they refused and said that neither a replacement nor an exchange would be provided. However, it is clearly mentioned under the product that there is a 7-day replacement policy. They also told me to contact the Lifelong company directly.",https://play.google.com/store/apps/details?id=com.grofers.customerapp&reviewId=6a42fe7d-a857-4388-be16-bc4311f38a64
play_store,2026-06-16T15:53:37,5,"""Blinkit delivery partners are really helpful. They treat customers with care, almost like a father or brother helping at home. The delivery was quick, polite, and hassle-free. The app is easy to use, products are available when needed, and the overall service is excellent. Thank you, Blinkit, for making everyday shopping so convenient. Highly recommended!""",https://play.google.com/store/apps/details?id=com.grofers.customerapp&reviewId=1fe82bb0-c104-4d88-b670-eda40edc3e1d
play_store,2026-06-21T14:41:59,1,"I have noticed one thing if Blinkit makes a mistake such as sending a different item than the one you ordered they will stand by you without citing terms and conditions. However, if you are the one placed wrong order, they immediately start quoting terms and conditions to the customer. I very disappointed with customer resolution today I get. I think am your good customer you guys will give little bit favour. I really understand the customer support with I got today. Use flipkart Min or Amazon",https://play.google.com/store/apps/details?id=com.grofers.customerapp&reviewId=ad27b257-a606-457b-ad5c-58ba066f1616
play_store,2026-07-11T19:46:07,1,"Worst app , it's a place to cheat customers only nothing else . these guys will try everything to cheat or to make a fraud with customers. Doesn't mean that There is not any mechanism to put your query or put your rights . Only one side communication and in last you have to raise a complaint in CONSUMER FORUM only like I did.",https://play.google.com/store/apps/details?id=com.grofers.customerapp&reviewId=53eb4bc4-eb39-4db5-b61e-2108c91a9538
play_store,2026-06-17T22:46:48,2,"Your doctor call from your unit was very harash. You need to be careful who the person on other line to behave and be polite on call. First of all he was not a doctor, was a call center guy as there was no manners in his speaking to the ordering party. This is my 3rd experience with Blinkit orders. Bad exoeriece. Another bad experience it is a call center, as it goes on answering machine. The best option is to remove this items. as for me Zepto during emergency is the best option.",https://play.google.com/store/apps/details?id=com.grofers.customerapp&reviewId=3fef44a7-0465-4164-a468-a6384ee0da37
play_store,2026-06-04T13:04:03,3,I'll give 3 star to blinkit because There are always extra charges in this. I just ordered 2 items and calculated the price of both and the amount was different and in blinkit the total amount was more than that.,https://play.google.com/store/apps/details?id=com.grofers.customerapp&reviewId=5a2b25e2-7617-443e-b793-2c928ea45204
play_store,2026-05-19T07:56:49,1,"""If delivery is not possible at an address, the app should not allow the order to be placed in the first place. The delivery partner refused to deliver the order, and customer service canceled it, but I was still charged a cancellation fee. Why should the customer pay when Blinkit is the one canceling the order?"" worst worst worst service",https://play.google.com/store/apps/details?id=com.grofers.customerapp&reviewId=a4dc5eec-7b2a-4431-b7b6-1af1542d70be
play_store,2026-07-12T00:29:15,1,"I ordered a 1L Amul Butterscotch ice cream tub, but the box was completely open and in a very bad condition. Is this the kind of service you provide? Imagine having guests at home and receiving such a surprise at the door. It’s really disappointing and makes no sense. Please look into this issue, boss.",https://play.google.com/store/apps/details?id=com.grofers.customerapp&reviewId=1066d5aa-ed25-4462-816e-03561594fc32
play_store,2026-05-22T08:35:51,2,"Fast delivery but not the best for food and perishables. Every single time i have bought food items, it is either crushed, dirty, spilling or old stock. I dont know if its just the outlet that delivers to Kokapet area, but their stocking sucks. Biscuit packets are crushed and therefore powdered, there is always goo or gunk or spillage on the packets of dosa batter and fridge items, things that were a day away from expiry and in general things just feel like they are not fresh or stocked well",https://play.google.com/store/apps/details?id=com.grofers.customerapp&reviewId=87fde339-2f0a-4384-8cd3-cb2adeec43b9
play_store,2026-07-05T19:39:48,1,"Why do you need to collect all our data... Permission for our records, analytics, financial transactions, contacts, location, etc etc...I feel unsafe to allow access to all that, specially just for grocery items. Second point being when order without notice they don't bring an ordered item & change the bill & none of the delivery guys carry any cash changes & threaten to not give COD if we don't receive an incomplete order,clearly mentioned not to call.. still they call..Terrible & Pathetic..",https://play.google.com/store/apps/details?id=com.grofers.customerapp&reviewId=268a0563-8349-472d-a8be-eea6e60fc583
play_store,2026-07-14T15:24:25,3,i given 3 star because there are so many glitches in the app while payment. I did double payment onne time and I received a missing item in a shoe stand please fix this issue ok. Thank you,https://play.google.com/store/apps/details?id=com.grofers.customerapp&reviewId=c0fe9d96-8f2e-40b1-8e28-29ee8b15792c
play_store,2026-06-09T07:16:00,1,"There service was good in the beginning now its getting worst and nowhere to write a complaint. such a disappointment 😞 I have been a loyal customer for years my last order includes the most delicate items like bread biscuits noodles along with most dense items like watermelon to my surprise all the 17 items got delivered tightly in one bag with heavy items on top of my roach infested bread and crumbled biscuits. this is not it, i have many more bad incidents in my past too.",https://play.google.com/store/apps/details?id=com.grofers.customerapp&reviewId=7a61c38b-3780-492a-9b2a-6368da73b431
play_store,2026-06-09T10:15:43,1,One of the 3rd class customer support ZEPTO is Way More Convenient and Has Great Customer Support with Good Discounted price and if u received different item or damage item i have to just tell everything with 2 3 photos and u will get instant solution where as Blinkit u have to raise concern then they ask videos and photos after that e check and after 10 15 mins U they call and ask for replacement so u have to wait for replacement the guy come and take old item nd give new one so its toomuchbad,https://play.google.com/store/apps/details?id=com.grofers.customerapp&reviewId=a3fa3a70-42bb-41cc-bea7-211dd3d36670
play_store,2026-06-18T14:06:40,1,"Worst customer service! I returned a product but still haven't received my refund. There is no proper customer support to resolve issues, and customers are left waiting without any help. Very disappointing experience. Not recommended.",https://play.google.com/store/apps/details?id=com.grofers.customerapp&reviewId=c39d830c-4a7f-4bee-98da-9f143388f28b
play_store,2026-07-02T00:44:11,1,dont use this app or order any electronic item. they will give you empty box or used item. when you complaint to the customer care you will not find any solution. be aware of them dont waste your hard money to use blinkit. zepto is much better as comprassion of them they provide you soltuion with in few minutes i recently scammed in boat airdopes the cost was 1000 rs.,https://play.google.com/store/apps/details?id=com.grofers.customerapp&reviewId=f8c79120-da91-4926-a5e1-9cb91bb686c1
play_store,2026-05-18T16:47:18,3,nice delivery app for last minute needs...but recently I placed an order but it failed & the amount was debited from my account...even when I concerned with the help provided in the app it was like the amount will be debited back to u in 5-7 days...today is the 9th day bt there is no amount return from blinkit,https://play.google.com/store/apps/details?id=com.grofers.customerapp&reviewId=43eec45e-81e5-4c50-a72d-4d2c6574eebd
play_store,2026-05-15T14:17:45,1,I have ordered an electric kettle through blink it. After opening the box the kettle was used and burnt from inside. i have tried multiple times to replace it but customer care replied with we are not able to verify the issue. I suggest not to buy any electric appliances through this platform.,https://play.google.com/store/apps/details?id=com.grofers.customerapp&reviewId=d6abb52c-027f-4cd5-bba2-182a19218367
play_store,2026-05-10T13:37:42,5,"No words to describe about this app everything is just 10 out 10 . The packages, delivery guy, customer service everything is just superb and the best part about this app is COD which is often available and very helpful for those people who doesn't use online payment. 👍🏻",https://play.google.com/store/apps/details?id=com.grofers.customerapp&reviewId=9fc2666c-8e44-4173-b5c1-8da097cc0cd9
play_store,2026-06-19T21:46:37,1,"worst experience ever, nothing was delivered to me and was marked delivered and delivery partner asked me to wait outside saying he's getting the items from people he wrongly delivered to, he didn't come. after raising support for the order, I was told delivery partner said he delivered it to right address, but the address he was mentioning was not mine, not written in app also and the main item, eggs that I ordered went out of stock after this, so I couldn't reorder it also. worst experience",https://play.google.com/store/apps/details?id=com.grofers.customerapp&reviewId=68c91b73-d993-4bde-acbd-fadc63272610
play_store,2026-06-02T16:53:37,4,The experience from blinkit is very good but sometimes The delivery partner don't come on my door step or near my location . ( Mughalsarai ) I request blinkit to fix this problem. I have also insert my live location but they didn't check until I say them to check my location.,https://play.google.com/store/apps/details?id=com.grofers.customerapp&reviewId=fb4d9489-6634-4d4a-a2c6-9fbca973ad2c
play_store,2026-07-11T20:53:54,4,"Really love the vast range of product available and that too on regular basis , blinkit was first plateform and are still on top in terms of product range and swift delivery. consistent improvement visible.",https://play.google.com/store/apps/details?id=com.grofers.customerapp&reviewId=3104712b-67e3-4886-ab0a-07c8d4c5bc54
play_store,2026-05-09T20:12:20,1,i am rating blinkit only 1 star becuz every time i order something i bought it like 1000 to 2000 items all together and when delivery partner delivers the items are not all together they have been like broken or sometime missing one day i had a loss of 500 rupee the blinkit is currupt only use blinkit to order few things.,https://play.google.com/store/apps/details?id=com.grofers.customerapp&reviewId=eff0992f-4f0c-42d4-9374-6e29570a1a12
play_store,2026-07-12T23:56:58,5,"⭐⭐⭐⭐⭐ Excellent service from Blinkit! My order was delivered incredibly fast, and everything arrived fresh, well-packed, and exactly as ordered. The delivery partner was polite and professional, and the entire experience was smooth from start to finish. Blinkit has made grocery shopping so convenient and hassle-free. I'm truly impressed with the speed, quality, and reliability. Highly recommended to everyone. Keep up the fantastic work!👌🏻👌🏻",https://play.google.com/store/apps/details?id=com.grofers.customerapp&reviewId=aa47e310-95c1-42d3-ba12-43904105eb32
play_store,2026-05-28T10:17:51,1,Sent me a product with damaged packaging. I asked for replacement. They arranged for exchange but the return has to be done first. I said okay and returned the damaged item. After about 20 minutes the delivery guy cames in with the same damaged item as the replacement. Bloody buggers. Aren't even ashamed of the poor service.,https://play.google.com/store/apps/details?id=com.grofers.customerapp&reviewId=3845921b-6923-4ef6-a227-72a8a75cb70a
play_store,2026-05-26T20:28:57,1,"A very bad experience due to completely damaged fruits received, when I asked to return the product at the same time with the delivery boy, not ready to return. The main issue is that the delivery boy handed over the product after payment. Customer is trapped between the store and the delivery boy. your app helpline is also not supportive as of the real issue. need to improve customer service, who can understand the reason and exact issue for the right solution.",https://play.google.com/store/apps/details?id=com.grofers.customerapp&reviewId=6aea70be-083d-47b4-8cea-10a237a3de30
play_store,2026-07-14T21:07:52,4,this app gives best offers ☺️ . But the one thing is that this app charges rs 12 as handling charge although the other apps charge rs 0 or rs 1 or 2 . and it also don't give offers for old users it gives offers only for new users 😕 just one thing is that you are a new user so you can use this app this ordering grocery everything app it is best in this best offers best discounts and sometimes free things with your big Cart 🛒,https://play.google.com/store/apps/details?id=com.grofers.customerapp&reviewId=1ca8b0e2-8612-4aea-9e2d-d2f2db8324a0
play_store,2026-05-20T18:08:40,2,"helpful for the last minute but some things piss me offfff!! there's no share tracking details button, even after mentioning someone else's number they call on the registered number, their map doesn't show the real time updates, their help desk chatbot is veryy limited with its approach😤",https://play.google.com/store/apps/details?id=com.grofers.customerapp&reviewId=1a0fe561-6dc7-4d03-bfb3-29eceb4dbad7
play_store,2026-06-21T20:57:18,1,"Never buy anything from blinkit. They have no return and refund policy in this app. I ordered an airpod and got a used airpods and one ear peice was not working. When I tried to return they denied by saying that they gave the right product l which is clearly not true. this app is not reliable at all. They are fraud,not reliable,cheaters and think that the costumers are just dumb",https://play.google.com/store/apps/details?id=com.grofers.customerapp&reviewId=2b14dbb4-24c6-4071-8807-c4b140c3d6ec
play_store,2026-05-14T09:55:01,2,"Even tho the app is really nice as it provides fast delivery but whenever i order biscuits evertime they were broken and crushed, on the item of 47rs i have to pay 112 rs thats far too extra money in the name of handling charges delivery charges and some no sugar charges its disappointing .",https://play.google.com/store/apps/details?id=com.grofers.customerapp&reviewId=28d485f8-c629-43bc-a3ba-3ebc52967ac5
play_store,2026-06-24T17:38:28,1,"⭐☆☆☆☆ (1/5) Worst experience with Blinkit. The product I received had issues from the beginning and was not up to the expected quality. What made the experience even worse was the customer servicethey were not helpful at all and failed to provide a proper solution. It felt like nobody wanted to take responsibility for the issue. Compared to apps like Zepto, Swiggy Instamart, BigBasket, Flipkart, and Amazon, which usually provide much better customer support and faster resolutions, Blinkit's",https://play.google.com/store/apps/details?id=com.grofers.customerapp&reviewId=b7a9876a-a9c3-44fd-8305-f121c798809d
play_store,2026-07-11T20:13:37,3,blinkit is good but the prices of the items are more than they are in market. and then u charge an extra of handling charges and delivery charges. if u ppl are charging us for delivery and handling then why there is a rates hike in the prices of items.,https://play.google.com/store/apps/details?id=com.grofers.customerapp&reviewId=6b46cd26-1f6e-4e02-a201-b5b1f3641486
play_store,2026-06-24T09:48:05,5,"This app is absolutely great, it will take short time to sign up, and most importantly fully locked and loaded up on groceries and household supplies although, it needs to widen it's diversity in gift items otherwise it is already good",https://play.google.com/store/apps/details?id=com.grofers.customerapp&reviewId=19d678af-f687-40be-9165-ca3887fbf33e
play_store,2026-06-03T08:38:11,5,"Blinkit is an excellent app with the fastest delivery service. The products are of very good quality and are available at attractive discounted prices. The delivery personnel are polite, professional, and well-behaved. The entire purchasing process is smooth, convenient, and hassle-free. I am highly satisfied with the service and would definitely recommend Blinkit to others.",https://play.google.com/store/apps/details?id=com.grofers.customerapp&reviewId=8c3a2d53-9de0-4554-8e2d-cde6707d49a7
play_store,2026-05-27T20:46:42,1,"Worst customer support experience with Blinkit. I received a defective birthday gift for my 4-year-old nephew, uploaded the proof video they asked for, and was promised a pickup before refund. No pickup, no call, no update. Even the contact number on Blinkit’s official website doesn’t work. Taking customers’ money is easy, but providing support seems impossible. I strongly suggest people not use or download this app unless they are ready to face zero customer support when problems happen.",https://play.google.com/store/apps/details?id=com.grofers.customerapp&reviewId=9b053327-568e-4a09-b949-016ca699ed2e
play_store,2026-05-26T14:54:43,5,"Hi, I would like to suggest something. The wishlist feature, right now items are removed from the wishlist once they are ordered. Can it be made so that the items stay in the wishlist when they are ordered? It helps a lot with frequently reordered items.",https://play.google.com/store/apps/details?id=com.grofers.customerapp&reviewId=75f01633-efda-42cb-90da-2abe9e9a9887
play_store,2026-06-07T22:52:26,1,"As a regular Blinkit customer in Chennai, I'm disappointed with the inconsistent service coverage. Areas that were serviceable suddenly become unavailable without explanation. Deliveries are often slower and less reliable compared to Zepto. Product quality and freshness, especially for groceries and vegetables, also seem better on Zepto. Quick commerce depends on consistency and reliability, and Blinkit needs significant improvement in these areas.",https://play.google.com/store/apps/details?id=com.grofers.customerapp&reviewId=ea352fde-60be-4e92-8d6b-5a45aabf9ae9
play_store,2026-05-12T19:24:13,3,"to many handling charge in my aread Suppose if I order things of 150 approx blinkit make it almost 200 or 210 by adding the extra money like delivery charge handling charge. This app is for the convenience of people..not for taking too many extra money. Okay, the delivery charge should at least be around 10–20 rupees, or that’s understandable. But charging an extra 40–50 rupees is just not fair.”",https://play.google.com/store/apps/details?id=com.grofers.customerapp&reviewId=433c0d63-19a4-4e1e-86b8-f404617f9c1c
play_store,2026-05-29T10:40:18,5,I've been using the blinkit app for about 4 to 5 months and honestly blinkit is a life saver app when you need things at the last time and the delivery is super fast btw the groceries and milk and other items are so fresh and well packed and the delivery partners aur usually polite and fast and thank youuuuu for inventing this app it helped me soo muchhhh at the emergencies,https://play.google.com/store/apps/details?id=com.grofers.customerapp&reviewId=5b051405-6e98-4a22-bb2b-cdde677c02df
play_store,2026-06-07T19:41:30,1,nowadays they deducted the money from us after some minutes it is saying that payment has failed..it happened quite a few times..why deduct the money in the first place?? The customer is waiting for their essential items not your refund after 3-5 working days...it's pathetic,https://play.google.com/store/apps/details?id=com.grofers.customerapp&reviewId=078a8da3-9876-4016-8a56-c2151b9d2404
play_store,2026-05-18T20:04:58,1,"Don’t order electronic items from Blinkit. I ordered a charger and received a faulty product with a clear manufacturing defect, but Blinkit still refused to replace it or provide a proper resolution. This is extremely disappointing customer service, especially for electronic products where defects can happen. Amazon handles replacements and refunds much more professionally and actually supports customers when issues arise. Fast delivery is useless if the company refuses to stand behind.",https://play.google.com/store/apps/details?id=com.grofers.customerapp&reviewId=eceb9591-9aed-4ac0-a38e-06eed01e2fec
play_store,2026-05-10T11:36:10,1,Today my payment cut and order not received also many times items are missing which I ordered and last order I checked next day and 2 items are missing but no luck call center and chat rejected due to 24 hours passed so blindly we can not trust on blinkit if this type of service they are providing.,https://play.google.com/store/apps/details?id=com.grofers.customerapp&reviewId=3adee98c-48ba-4ee1-8d86-45cc5e30ac55
play_store,2026-06-05T19:56:44,1,"This company is pathetic, the way they go about forcing their online video ads on unsuspecting surfers. they shamelessly hijack your screen and blocking out all your controls, repeatedly drag you to the play store, there's no button to exit this trap, rather it tries to fool you with false buttons. I'm uninstalling their irritating App from all my family devices, stopping all purchases. they deserve it.",https://play.google.com/store/apps/details?id=com.grofers.customerapp&reviewId=ae434f2c-ea34-4bd8-b95d-881b13106724
play_store,2026-07-03T22:06:32,4,"I really like this app. It's available in my village, offers Cash on Delivery, and delivers in just 20 minutes. The products are reasonably priced, and there are lots of items available !!! 👍🏻😄✨",https://play.google.com/store/apps/details?id=com.grofers.customerapp&reviewId=8f44e4f9-2c47-44fe-b9c2-9cac9318c077
play_store,2026-05-19T10:11:26,1,"I placed an order on 18/06/26 at 11:48pm, and the delivery partner marked it as delivered at 12:18am, but I never received it. I tried calling the delivery partner more than twenty times, but he didn’t receive the package. After this, I reached out to customer care, only to find they’re available from 9am to 7pm. The next morning, I finally connected with an agent named Driti, who didn’t even try to help. She offered no solutions and only made me more frustrated. Very disappointed !!!!!!!!!!!!",https://play.google.com/store/apps/details?id=com.grofers.customerapp&reviewId=66696110-f524-4090-b979-4b26a7b1e9aa
play_store,2026-05-21T10:52:45,5,"Great experience so far. Update on 21st May, 2026 - Still fantastic experience. I specially love the fruit and vegetables section, you get a lot of great products including imported products like avocado, english cucumber, zucchini, Chinese cabbage, just to name a few. Getting these wasn't easy before. I hope you keep up the good work and don't become complacent.",https://play.google.com/store/apps/details?id=com.grofers.customerapp&reviewId=57796952-c298-4116-b24b-d40420c1f906
play_store,2026-06-30T19:52:20,1,There 8s no option to have a conversation with an expert directly and there is no customer care support. one of the worst experience. i m trying to talk to their executive from last 30 mins. yet i m unable to. One of the worst delivery app,https://play.google.com/store/apps/details?id=com.grofers.customerapp&reviewId=bfba98a5-e6af-4c98-b73d-0c206eb3e003
play_store,2026-05-19T19:56:14,4,Very helpful app for ordering quick deliveries and a wide variety to choose from. Quick and good service in terms of time. Sometimes vegetables are not fresh (received rotten onions twice). Also they could provide more margin in discount.,https://play.google.com/store/apps/details?id=com.grofers.customerapp&reviewId=7ae67250-a862-4cf9-84ad-706482307de9
play_store,2026-06-12T10:21:41,3,"the delivery is super quick and I have had a great experience throughout, however there's an issue I'm facing since the past few days I have updated my address but the delivery partners always end up in the previous one. In my order section, it shows that it will be delivered in my new address but for some freaking reason those guys are given my previous address to deliver the order & it's so annoying Kindly fix this issue 🙏🏻 regards",https://play.google.com/store/apps/details?id=com.grofers.customerapp&reviewId=c93261cd-d221-41db-94b6-5d952d07ee1c
play_store,2026-06-19T07:49:45,3,they don't give any clear solution..... when you face any problems with a product..... they will just give a promo code to your face and just keep it and shut up..... if you expect anything else they won't provide it.... if you want them to solve it a different way they want they will tell that they don't have the authority to do that....... it's not my first time it's my third time I get bad product default product when I ask them a refund they said the can't I am not satisfied with the result.,https://play.google.com/store/apps/details?id=com.grofers.customerapp&reviewId=6460ae22-6093-4663-8ab5-757de652b223
play_store,2026-06-15T17:22:44,1,"There is no option to return or claim for refund when the item is in the worst case.! They just deliver speed, don't care if the item is consumable or not, especially food items.",https://play.google.com/store/apps/details?id=com.grofers.customerapp&reviewId=6f7b0ace-c2d8-4f07-96ef-b66f02515b9d
play_store,2026-06-14T20:38:29,1,Worst app I have hardly received any proper product from here Earpods worst lipstick worst broken I'll just try to use another app It doesn't allow to take video or photo. How the customer will raise issue. Also there is no separate customer support. very disappointed by blinkit. How can I get a refund??,https://play.google.com/store/apps/details?id=com.grofers.customerapp&reviewId=6fb7dd44-ec8a-4495-99c9-ab6dbf466c66
play_store,2026-05-21T18:05:59,1,"I have been ordering for a long time from Blinkit and it was good. Today I have ordered 2 Amul paneer packets which looks fake, the packaging seems counterfeit. When I contacted the customer care the executive said that she noted my concern but cannot return/replace the product. This is way beyond understanding that a company of this level simply says that they can't do anything and they have mentioned that I can get the product replaced.",https://play.google.com/store/apps/details?id=com.grofers.customerapp&reviewId=dfb50acb-0a66-4dc4-a8e5-6aecc204a450
play_store,2026-06-17T19:01:24,5,"App works flawlessly. One feature request ""if an order has food and non-food items. User should be able to pay with sodexo for food items and remaining amount with any other payment option"". Jiomart has same implementation kindly check.",https://play.google.com/store/apps/details?id=com.grofers.customerapp&reviewId=ee901d8e-0001-4926-8016-52586cfb9c3e
play_store,2026-06-20T23:32:39,1,"I received the product with a broken seal and used product and they refused to replace the product and they were blaming the customer as the seal was broken, so we couldn't do anything like that they are saying, even though I opened the product in front of the camera. they watched the video and speculations about me without knowing anything",https://play.google.com/store/apps/details?id=com.grofers.customerapp&reviewId=e0946cce-f9a6-4ce4-96df-3a1f31629689
play_store,2026-05-22T01:21:02,1,"This was a really disappointing experience. My order is showing as delivered on the app, but I never received the item. I already reported the issue, yet the refund is taking an unreasonable amount of time.",https://play.google.com/store/apps/details?id=com.grofers.customerapp&reviewId=94497339-7530-413d-aca7-2b0e4749163b
play_store,2026-07-04T22:37:40,1,"I love it BUT you literally let chicken sellers to sell rotten products. please , please take some actions on it. and I'll revert my rating to 5 star as apart from this and having curdled milk. it's great and I loved using it. but the chicken experience just , arm twisted my experience.",https://play.google.com/store/apps/details?id=com.grofers.customerapp&reviewId=80263753-3d61-47b5-93cd-f0066ac41842
play_store,2026-07-14T09:17:45,1,yesterday night I order smart watch and that too open box delivery but your delivery partner get delay 30 min and I'm okay with that delay but because of that i dont have time to open that box so i just received that parcel without opening it and just give otp to him. but when I reach home and open it I found it that i received empty box of watch. I was even complaining from that time but my issue is not getting solve so tell me what to do even so many complains there no response,https://play.google.com/store/apps/details?id=com.grofers.customerapp&reviewId=bc572bc4-bd47-4b42-b901-9e354fd6189a
play_store,2026-06-10T21:53:32,5,when I was finding this it was not available but there was option of notyfing the moment I turned on it within 10 to 15 minutes I was notified me that what you were looking for it is available then I taped on it and instantly ordered it very helpful option and I would like to say one more thing I checked it on zepto big basket but they could not help me 😊keep your costomer happy like me,https://play.google.com/store/apps/details?id=com.grofers.customerapp&reviewId=e81c9ce6-8525-46fc-9bdd-92f865e607b3
play_store,2026-07-01T22:01:42,2,"pros- good variety of items..though Zepto is welk catching up. cons- prices of items are higher than that in other similar apps. And for God's sake, please remove that handling fees. if I am ordering something it is expected to be taken care of while delivering, why an extra charge? Be somewhat creative in charging extra..",https://play.google.com/store/apps/details?id=com.grofers.customerapp&reviewId=c9b73b2f-36a5-445f-806d-918d3b105104
play_store,2026-06-11T13:20:02,2,"At first whenever I ordered from blinkit, it was delivered within given time, it was good. But now when I open blinkit to order it shows Currently Unavailable, this happened 5 to 6 times, very bad experience.",https://play.google.com/store/apps/details?id=com.grofers.customerapp&reviewId=9f4db421-8a61-4247-99b9-85fc8e1e9b16
play_store,2026-07-01T20:24:50,5,service is good efficient and prompt. But problem is to return or replace items if goods are found not in order or damaged. This issue must be seen. Normally everything is good but if once a time it happens then what to do.,https://play.google.com/store/apps/details?id=com.grofers.customerapp&reviewId=6c8c23ce-bbf2-4140-9252-8e414f96cdac
play_store,2026-05-26T16:36:14,1,"there is should policy with electronic products even replacements should be taken seriously, I bought a product of agaro brand and the battery was detirotraing fastly even though it was charged initially. i charged it again the same thing.but when asked for replacement so that I can get new brand packed ones they said no replacement because the product was one piece left I am sure. they said to contact brand if someone is contacting the brand then why are guys selling on your premises",https://play.google.com/store/apps/details?id=com.grofers.customerapp&reviewId=5d31b139-027a-4eae-b95d-954ec8babb1c
play_store,2026-07-07T15:18:26,1,horrible aap experience... the location aap tracking is worst. Order always get delayed from 12 minutes to 30 minutes. The UI always get stuck. This is very disappointing. Never using this app again,https://play.google.com/store/apps/details?id=com.grofers.customerapp&reviewId=41b5cc46-ee6b-424b-b077-e22947a4b603
play_store,2026-05-10T15:06:28,1,"I recently placed an order with Blinkit and received the wrong package. I immediately informed the delivery guy, and he assured me it would be easily replaced or refunded. Even after two days of trying to reach their customer care service, all I received were repetitive excuses claiming they had “verified w/ the delivery partner” and that they couldn’t help because the order was “properly packed.” Extremely disappointing service and zero accountability. Refusing to help afterward is unacceptable",https://play.google.com/store/apps/details?id=com.grofers.customerapp&reviewId=367990a2-226a-4862-8d3d-f2a8c2acb7b9
play_store,2026-06-14T23:08:19,1,"I had a very bad experience today I ordered gits of gulab jamun, rasgulla and idli but they were delivered already prepared and also 10 Pieces of gulab jamun and rasagulla....even I returned all items but they mentioned only one item as a refund and rest item I don't know what happened with that..i lost my product and money both..... never order anything from blinkit",https://play.google.com/store/apps/details?id=com.grofers.customerapp&reviewId=dc5d7c58-ff25-428d-bcd3-158a2dc0450f
play_store,2026-05-31T15:16:55,1,"COD was available on my account earlier, but since yesterday it shows ""This payment method is not available at the moment."" Support chat keeps looping and does not provide a way to contact an agent. Very frustrating experience.",https://play.google.com/store/apps/details?id=com.grofers.customerapp&reviewId=189c6cbc-95c6-45d3-b981-c5044fd11793
play_store,2026-05-14T00:16:50,1,"“Very disappointing experience with Blinkit. I returned an item and received a promo code as compensation, but whenever I try to use it, the payment goes into ‘pending payment review’ and then fails. I tried multiple times and still faced the same issue. The promo code feels completely useless and misleading. On top of that, there is no proper customer care support to resolve the issue. Really frustrating experience.”",https://play.google.com/store/apps/details?id=com.grofers.customerapp&reviewId=571cccbb-8204-48c6-81e7-24a08ee2bc8f
play_store,2026-06-09T23:38:01,1,the grocery product are good in blink it but the electronic section i have returned more than 3 products they are the worst service giver out there. absolute trash customer support. dont recommend it for electronic product at all.,https://play.google.com/store/apps/details?id=com.grofers.customerapp&reviewId=7c16a18a-c848-4676-a68a-e4efa3a586a8
play_store,2026-06-18T22:01:03,1,I had placed the order 40 minutes ago and till now I don't know anything. I am calling my delivery partner by going to the manual option of the blanket but their blanket system is making the call automatically.,https://play.google.com/store/apps/details?id=com.grofers.customerapp&reviewId=cf1bcfc3-e32a-44c3-b18e-a48a51c7a216
play_store,2026-06-17T20:09:03,2,"I have been using the app for quite some time. But recently my experience was very bad. Amount deducted but no refund, wrong items delivered, sometimes delivery taking too long etc.",https://play.google.com/store/apps/details?id=com.grofers.customerapp&reviewId=63c33951-971e-4afe-b05b-21a95b8dc66f
play_store,2026-07-03T21:47:20,5,"Awesome experience! Ordered grocery, milk, earphones, and chips, and got everything delivered super fast. Outside weather is too cold and I have a fever 🥵, so this saved me from going out. Really happy with the quick service and saved time!",https://play.google.com/store/apps/details?id=com.grofers.customerapp&reviewId=a3fed0c1-9c04-477c-a106-e359b37a76ac
play_store,2026-06-27T21:33:02,1,"I order many time and I am regularl customer today I order upto 2200 and one item worth 464 missing in package once I know after checking the package I inform to help center , they told we deliver and we can't help more , no resolution from support team .",https://play.google.com/store/apps/details?id=com.grofers.customerapp&reviewId=36446a03-3f5e-41e7-8068-26afbc179bff
play_store,2026-06-29T01:39:26,1,"When I was in Mumbai, I used the Blinkit app, and it was excellent—the service there was great. However, I have now moved to Bihar. I placed an order some time ago; it has already been 24 minutes, yet I still haven't received it. The delivery time has been stuck on ""12 minutes"" for quite a while now. I am really disappointed with the Blinkit app.... 😑😑😑",https://play.google.com/store/apps/details?id=com.grofers.customerapp&reviewId=67a2d1eb-59cb-46e4-9337-fc801ca60c21
play_store,2026-07-11T01:17:15,1,worst experience. They deliver expired products. Doesn't offer refund instead had to add money as a coupon that can only be used on the same platform.,https://play.google.com/store/apps/details?id=com.grofers.customerapp&reviewId=004ca7a7-afb3-4aa7-b7f2-b186b3bac11f
play_store,2026-05-13T12:42:27,1,totally useless app is this one time they show that this product is available and when I order suddenly it's not in list sorry and all they taking delivery charges to so I cancelled order till the time they stopped cash on delivery on my account before deleting this app I want to know you people that flipkart minutes are much better then them they never did that and also they didn't have any coustomer service thing in that app so just don't use this app it's not worthy,https://play.google.com/store/apps/details?id=com.grofers.customerapp&reviewId=d882ba0f-f2a6-406e-a9a8-34651cf64d0c
play_store,2026-06-06T21:14:29,1,please don't ever buy anything from Blinkit there customer support is extremely bad. Zepto or Instamart is far better than Blinkit. I ordered one gaming controller and I do not find it useful they are not returning it. from now onwards I will never use Blinkit to order anything. customer support is told to not return any product. wherever zepto is far good they return whatever we don't feel good. Buy anything from here on your own risk.,https://play.google.com/store/apps/details?id=com.grofers.customerapp&reviewId=fca443a5-9dbd-4998-bedc-b2c0409c7694
play_store,2026-06-20T13:22:33,5,"love the experience I love the quality also the drinks came chilled and there were no damaged items. which is actually a good thing. the delevery time is also max 10-15 mins only so best for emergencies or smth... lastly, I love blinkit and its services.",https://play.google.com/store/apps/details?id=com.grofers.customerapp&reviewId=0e49a1b8-c09c-4c79-8b9a-72e3aea102f8
play_store,2026-05-22T09:04:10,5,"Blinkit is good for any pre-packaged items like cooking oil, bread, butter, rice, pulses etc. But you need more oversight when it comes to fresh items like fruits & vegetables. Most often the quality of items are not ready for cooking/consumption. No doubt, customer care promptly replaces or refunds upon complaints received. But people have little time to take photos & request for replacements etc. It would help if you improved your quality checks on daily use of fresh items. thanks",https://play.google.com/store/apps/details?id=com.grofers.customerapp&reviewId=ce081825-9d47-4169-a14f-d3c85c812680
play_store,2026-07-15T15:36:17,5,the service is great and you could find every product even if it's imported here . it's easy to use time saving . overall it's a great app,https://play.google.com/store/apps/details?id=com.grofers.customerapp&reviewId=083e6b45-2d13-4cd2-aa84-c2eb78a4e143
play_store,2026-05-19T08:54:25,1,"Worst team. yesterday I ordered 24 pieces Camlin colour pencils. The delivery was late & when I asked the delivery agent he said it was late near packing stage. When I opened the bag colour pencils outer cover & 1 colour were missing. I immediately complained in the app's help desk, 1 executive spoke &arranged replacement immediately. But they cancelled the replacement and there's no proper contact now to raise the issue.. I put a mail but there's no response yet. Resolve my issue immediately.",https://play.google.com/store/apps/details?id=com.grofers.customerapp&reviewId=f286ceb5-fe8d-4955-8150-5f9afc89aa5d
play_store,2026-06-26T17:46:16,1,"worst experience, sometimes the order places itself if we add something into cart if the payment method is cod..... and even if we want to cancel order even within 30 seconds of placing order, we can't cancel",https://play.google.com/store/apps/details?id=com.grofers.customerapp&reviewId=cbc2ce68-ee68-46e5-ba34-44c0ad6e8f39
play_store,2026-06-09T16:14:10,1,"Customer service not responding. Previously they had a chat bot now everything is redirected to a email which never replies on time & doesn't give full resolution. Most of the items that comes from blinkit nowadays have downgraded either it's the package/ insects in it, or broken or the entire bag is torn!",https://play.google.com/store/apps/details?id=com.grofers.customerapp&reviewId=408b083b-b09a-41d8-874f-c68f5a59bfe7
play_store,2026-06-17T06:45:38,1,"I ordered a Lifelong hot water bag from Blinkit, but the charging cord was missing from the package. Very disappointed with this experience as the product is incomplete and unusable without the cord. I emailed them about this issue but received no response in 24 hours despite them stating they would. Worse customer support! I'm still waiting for resolution and a replacement charging cord. Blinkit needs to ensure all items are properly packed before delivery and improve their customer support.",https://play.google.com/store/apps/details?id=com.grofers.customerapp&reviewId=02357d9c-7824-42fe-9233-efb9f6bf4b14
play_store,2026-06-14T17:06:44,1,horrible experience. had ordered new earbuds and the driver was very rude and asked me to come out of the apt and meet him somewhere else behind the apt. and kept complaining Abt how far the main gate is but as far as ik it is around 50m away and he didn't respond at all. Very disappointing experience and I think zepto is much better with handling all these.,https://play.google.com/store/apps/details?id=com.grofers.customerapp&reviewId=44a2c87b-e391-4b2b-b7e2-280f34dc6daf
play_store,2026-05-20T16:16:48,1,"I had a very poor experience with Blinkit. I ordered household items for my home while sitting at my office, about 5 km away. While placing the order, I selected my home address correctly. However, after payment, the delivery location automatically changed to my office address, and the app showed that my home address was not serviceable. I immediately contacted customer care and requested them to change the delivery address to my home. I clearly explained that I have received many Blinkit orders",https://play.google.com/store/apps/details?id=com.grofers.customerapp&reviewId=038e78df-4473-4314-8cbd-1ef1cbe6adf6
play_store,2026-06-03T19:09:42,1,worst app. every time it shows location unavailable where a slight change from pin location it is available for delivery but I couldn't understand what my location is showing unavailable. this was discussed with the local blinkit team but no action has been taken yet.,https://play.google.com/store/apps/details?id=com.grofers.customerapp&reviewId=084fc93f-f680-483c-a0b8-047a0d432230
play_store,2026-06-14T00:14:07,1,"awesome app , I got my order within 5to 6 minutes.major problem is the return of the order.If the blinkit add option directly cancels or returns, then this app is great. because many times people order the wrong thing in a hurry so there is so so there is a problem with return, no option.",https://play.google.com/store/apps/details?id=com.grofers.customerapp&reviewId=0d5d151e-b69e-4ef8-b503-9ba80e9d6ab0
play_store,2026-06-20T07:52:41,5,"Very nice app for authentic and genuine products. However, some checks and verification systems should be in place to flush out a few substandard items that are also included along with the whole range of other available adorable products.",https://play.google.com/store/apps/details?id=com.grofers.customerapp&reviewId=3f9b1977-96d6-4bb3-b294-f28f74d5647b
play_store,2026-05-18T14:49:44,5,"Hi Team, I have been using Blinkit for around 6 months and never faced any issue. Since last week, both online payment options and Cash on Delivery are not visible in my app, due to which I’m unable to place orders. Kindly check and resolve the issue.",https://play.google.com/store/apps/details?id=com.grofers.customerapp&reviewId=ba87b97b-23ea-423f-9776-d55bf577e100
play_store,2026-05-17T13:25:25,5,"It is a good application whenever I require emergency groceries or anything I want. I just order, and it helps me get all the items I need. It also provides suggestions, which is why it's good.",https://play.google.com/store/apps/details?id=com.grofers.customerapp&reviewId=5ca29a0f-98a2-4cd1-98dd-81ac432e8fc9
play_store,2026-06-02T19:57:00,4,"yes I agree,that blinkit is Last moment delivery app and very advantageous but I think 💬🤔 that it can make no handling charges as they take delivery charges more as when I order small things it shows 30 rupees and when I make my cart big then it shows that 12 rupees are only cancelled.",https://play.google.com/store/apps/details?id=com.grofers.customerapp&reviewId=a58195bd-aa63-4f82-84fb-16ed86c39748
play_store,2026-05-30T13:15:48,1,"Received brocolli only 180 g when ordered 200g and mostly stem not the brocolli itself. When clicking on help button on app - an error occured toast message appears. Any api related to reporting the incident such as chat, help even rate delivery is not working which appears intentional.",https://play.google.com/store/apps/details?id=com.grofers.customerapp&reviewId=2316fdaf-6a85-43a5-af9d-f8864789078f
play_store,2026-06-08T21:04:49,3,The app is good but sometimes it delivers rotten vegetables. I know ordering vegetables from an online app is not good but sometimes it delivers fresh vegetables or fruits at a reasonable price . Also if you order milk from my experience they give you milk which is gonna expire the next day even if the milk has an expiry of 2 days.,https://play.google.com/store/apps/details?id=com.grofers.customerapp&reviewId=457fdb0b-22bd-493b-8fcd-5d5fc5c9e98a
play_store,2026-06-15T12:34:05,1,"worst service platform. they don't have a return and refund policy. Items displayed are different and in poor quality condition. Their support executives are trained with a mentality not to accept their companies fault it's the customer who is always wrong. please don't use this platform or check the item before excepting it, there delivery boys just runaway because the quality of the product is cheap",https://play.google.com/store/apps/details?id=com.grofers.customerapp&reviewId=c476c31d-6134-42f6-8034-95e84b3ca257
play_store,2026-06-08T17:03:25,1,it was sooo terrible it took extra charge late night fee.i hate it soo much because whenever I order ice cream it always comes melted when the photo says freezed.once I orderd Oreo toffy flavour it comed crushed and 1 Oreo was missing and the packet was open. switch to zepto it is better.blikent is also so confusing and does not sell so much items always some items that I want are out of stock.,https://play.google.com/store/apps/details?id=com.grofers.customerapp&reviewId=64167dfe-78ad-49d5-93d7-0d6e42c4924b
play_store,2026-06-07T09:53:33,1,"Today's delivery is very Bad , I ordered 3 products and when delivered it was not given in bag, it was given in hand one by one. Each product fell down from hand and become useless. Upto now everything was good but today maybe for cost cutting company maybe doing this. Ifso then you have to inform customers so that they can atleast carry their own bags, we can understand that company can't not even afford bags for their valued customers",https://play.google.com/store/apps/details?id=com.grofers.customerapp&reviewId=3901b088-f864-40df-a0fa-3f04d3170df2
play_store,2026-06-21T11:28:49,4,"I would be very happy if they add QR code option for payment. It would be very convenient for me to make payments as my device (tablet) does not support other online options. Many people like students and others who are still financially dependent and may not have their own bank account, have to ask their elders to make payments.This option would serve as an aid to them",https://play.google.com/store/apps/details?id=com.grofers.customerapp&reviewId=fbbeda7e-b9dc-4cdc-a284-b9689a271748
play_store,2026-06-29T19:52:05,1,"If you cancel the order, a cancellation fee will be charged, even if the order was placed due to a technical glitch by Blinkit. Additionally, if they cancel your order after waiting for 20-30 minutes, they still do not have any problem. And when the refund comes, it is uncertain.",https://play.google.com/store/apps/details?id=com.grofers.customerapp&reviewId=5626bb0d-e947-4558-9a63-e4508e7b4369
play_store,2026-05-14T21:01:32,1,I placed the order with gift packaging and paid 30 Rupees extra but the order delivered in the regular normal packing. Blinkit didn't ask me before the same and gave me a Coupon on that 30 when I don't want the Coupon I want the refund directly in my account because everyone was wrong at your end.,https://play.google.com/store/apps/details?id=com.grofers.customerapp&reviewId=c984bd01-6ea9-4be1-9331-b83d8b9488ed
play_store,2026-05-31T07:16:56,1,"Ordered Vim Bar, purposely delivered Patanjali dish wash and no option of return or to register a complain for wrong delivery. Also, item changed in the order summary. Very unethical practice. If Blinkit doesnt have a particular item, it should not display it first of all and second shoudl deliver items on its own. hate binkit for this.",https://play.google.com/store/apps/details?id=com.grofers.customerapp&reviewId=1fbeecea-d643-4dc2-8a1e-9b1d98853232
play_store,2026-06-07T23:50:10,1,i had ordered an watch worth it around 1500 however the product i have received that's different and broken i don't have issue with color i will accept but the item was broken i asked for replacement or refund nothing happened from blinkit i would prefer not to buy anything custoly from this app this is just for groceries not for good stuffs,https://play.google.com/store/apps/details?id=com.grofers.customerapp&reviewId=1a1e392f-47a0-4880-92cd-ea58b02dab6e
play_store,2026-05-27T10:55:32,5,"Really quick service, many options available for the items we need. Once there was a problem in the number of items that we ordered compared to the items delivered - proper resolution was provided & it has never occurred again.",https://play.google.com/store/apps/details?id=com.grofers.customerapp&reviewId=2ab31a44-3ee4-4e71-8d36-7acdc1f847f2
play_store,2026-06-18T20:55:47,1,"Hello Team, I ordered Gulab Brand Karachi Halwa from Blinkit, but the product delivered was fake. After I complained, a replacement was sent, yet it was also fake. Even the brand confirmed the products were not genuine, and the taste was completely different from the original. To make matters worse, after multiple complaints, Blinkit's customer support blocked my number instead of resolving the issue. Extremely disappointing experience and a complete loss of trust.",https://play.google.com/store/apps/details?id=com.grofers.customerapp&reviewId=c798ebc9-9e76-49cc-8cb9-cfab85a1b3b0
play_store,2026-05-29T15:33:24,3,"blinkit is great when things are needed urgently, otherwise if you want something at a good price and quality you must buy it from local, blinkit has a variety of products but they're costlier from the local market also if you want a normal pen you have order a bunch of them because they don't even have a ""single""ball pen.",https://play.google.com/store/apps/details?id=com.grofers.customerapp&reviewId=676c949a-a237-4a70-bb86-7decace4d1f3
play_store,2026-05-26T15:12:11,3,"Support is trashy. With growing costs, delivery agents are becoming scarce, and delivery complaints are increasing with no real support executive. If you order and within first thirty seconds you want to cancel (because they committed 8 mins and agter order increased it to 28 mins due to surge, you are charged for cancellation!)",https://play.google.com/store/apps/details?id=com.grofers.customerapp&reviewId=8e3fbcd1-d52c-4de6-9884-81db636715a2
play_store,2026-05-29T20:28:10,1,very bad experience with support chat. you can order the product and you will get it within a very few minutes but when you want to return or replace the product then you cannot return it. And the main thing is that blinkit does not have a customer care number.,https://play.google.com/store/apps/details?id=com.grofers.customerapp&reviewId=654f242f-d64d-445a-b89e-b3f72b6a99fc
play_store,2026-06-05T02:40:50,1,"blinkit is worst app in terms of amount refund. i ordered something, money debited but order was not placed. So I was supposed to get refund but blinkit is constantly delaying my refund such an awful experience!!! very disappointed I have sent you mails multiple times asking about my refund but still I haven't received my refund.",https://play.google.com/store/apps/details?id=com.grofers.customerapp&reviewId=9a31568b-c6a2-4305-b561-25b212a8832d
play_store,2026-05-26T13:53:54,2,"While deliveries are prompt, support is pathetic. Chat support is totally automated and becomes frustrating when it can't solve your issue. No option for a human support executive. Email them and the response is even more pathetic. They take forever even for simple issues. Never experienced such bad support from any other grocery delivery app.",https://play.google.com/store/apps/details?id=com.grofers.customerapp&reviewId=6ece7081-80a6-4dcf-8cb0-a9ce6e11da7b
play_store,2026-06-12T12:09:11,5,"GUYSS DID YK if you type random letters like a toddler or baby typing it shows chocolates and snacks!! (type longerrr to see results). lovely marketing and only found in blinkit ... whether it's midnight cravings or the morning i need something for a project or anything blinkit is there for rescue , 24/7 available sometimes, and the things available are increasing day by day , my favourite app EVERRRR",https://play.google.com/store/apps/details?id=com.grofers.customerapp&reviewId=56a50620-e6d3-4264-b272-16c6f7988a47
play_store,2026-06-02T16:49:11,3,"Firstly the app was performing goo but nowadays I observe some problems like no facility to contact directly delivery boy for any update, Cant update address if you make wrong address in order, Tried to cancel the order in between for betterment of delivery boy but can't and then Extra charges in future order have to be suffered blockage in Cash on delivery after cancel of order",https://play.google.com/store/apps/details?id=com.grofers.customerapp&reviewId=b867ce00-23d9-4dc1-8fdc-b86c0019ef47
play_store,2026-05-19T12:11:18,1,"Supplied rotten ridge gaurd which will not be available in the street vendors. How this so-called corporates gets such items. I want to upload photos of the item supplied but unable. I have loaded the photos in the app but NO action. Login was done through Zomato, credibility of Zomato???",https://play.google.com/store/apps/details?id=com.grofers.customerapp&reviewId=df4172fd-f319-48da-afaa-a3503aed3ccf
play_store,2026-07-01T14:09:44,1,"Worst experience with Blinkit. I placed a bulk order, but it was split into multiple deliveries. The delivery guy has no scanner and demanded cash. I wanted to pay online because i didn't have cash at that time. Instead of resolving the issue, your representative (a lady) cancelled my order without our permission. This is completely unacceptable. I have uninstalled the Blinkit app and lost trust in your service. I will also share my experience with friends and family.",https://play.google.com/store/apps/details?id=com.grofers.customerapp&reviewId=a455899f-360b-4765-9cd3-a2efa1311184
play_store,2026-05-30T20:27:43,1,"My name shubham Bhalerao my order is dermatach sunscreen 190 rupee but unfortunately order cancel order date 25-05-2026 order cancel but refund no my bank account  and Your app is very poor. There is no proper customer support available for customers. The support section only has chat options, and they are not helpful either. The app does not show the correct options. Also, your customer care number is not available on Google. This makes it very difficult for customers to get assistance.""",https://play.google.com/store/apps/details?id=com.grofers.customerapp&reviewId=70120aea-2adf-4bd1-beb5-520859d5ad29
play_store,2026-05-20T21:29:47,5,Very useful app but it's still not serviceable in some locations. Kindly try to make it available to Baleswar city of Odisha as a lot of people require blinkit serviced in that area as it a highly populated city with high raising demands.,https://play.google.com/store/apps/details?id=com.grofers.customerapp&reviewId=f2847937-e560-4a24-a327-db3c9a8965e4
play_store,2026-06-05T21:43:37,1,"Update: Your support team is blindly asking for an Order ID without even reading my complaint. I explicitly mentioned that this is an issue with your CHECKOUT UI and BILLING SYSTEM. I DID NOT place any order because of your unethical practice of auto-checking the ₹1 ""Feeding India donation"" and adding unfair charges on a ₹72 cart. Stop using generic copy-paste replies. Fix the pre-selected donation bug in the app setup so that customers don't have to deal with hidden additions!",https://play.google.com/store/apps/details?id=com.grofers.customerapp&reviewId=8cadaf9e-73aa-405f-bb66-78bd6bfadc90
play_store,2026-05-31T07:55:25,1,they don't not allow return of damage product jamming upload of photo by saying we are facing issue this let them avoide product return nice style of frod i faced this many time ignoring by thinking network issue but every time I am unable to upload damaged product photo from web or app of blinkit. they also do not provide other options. so settle with no claim customer after frustrated stop uploading photo and forget it. they do not review feedback on product. I receive iceam melted and dam,https://play.google.com/store/apps/details?id=com.grofers.customerapp&reviewId=cf09fce9-b528-4854-9dbd-fc299512d807
play_store,2026-06-28T16:17:29,3,kindly please include remote areas even if it's taking over 30 mins. there are ppl in an emergency of things to buy. unfortunately we don't have the relevant stores nearby or delivery apps choosing to deliver there. I suggest you to launch an app specifically for deliveries which takes over 30min.,https://play.google.com/store/apps/details?id=com.grofers.customerapp&reviewId=7a1cae3b-155c-4419-b8ad-e2acf6d0f2d5
play_store,2026-07-06T06:20:35,1,"It shows after payment has been cut that payment has not been received, this has happened to me 4 to 5 times, it is not even stolen, every time the payment is above Rs 500, like Rs 900 or Rs 800, it does this thing, that is why it is bad app but if you use it then take cash on delivery, do not make online payment like me",https://play.google.com/store/apps/details?id=com.grofers.customerapp&reviewId=2d9b18d4-390f-4287-a26c-aff8181e95c3
play_store,2026-05-31T21:05:38,1,"This app is very bad. The delivery guy took extra money and didn’t return it. When I file a complaint, no action is taken — they just give an automatic response and ignore the issue. I had a very bad experience. After today, I will never use this app again.",https://play.google.com/store/apps/details?id=com.grofers.customerapp&reviewId=6f4df279-da23-45e7-9b2f-942fde96edb1
play_store,2026-06-13T18:01:26,4,there is no ads and the wonderful thing is that the delivery boys are very sweet to the women or a man I will all the items but some things like ice creams have limited stock so can you please order the stock wise all the things and not so ok but if you are an emergency so you have to go to the market and do offline shopping because it is taking too much time for delivering something but if it delivered at your door step so and there is a so many sale so we have to discount so this is good,https://play.google.com/store/apps/details?id=com.grofers.customerapp&reviewId=42544ec6-8945-4b78-ba1f-afb7bfd495aa
play_store,2026-07-03T21:17:50,1,worst app. l had ordered one order and the order placed 3 times due to app glitch and later on tried to cancel those order but it wasn't and at the end delivery partner took it and when I asked him shall I give you money he refused l fell very bad.,https://play.google.com/store/apps/details?id=com.grofers.customerapp&reviewId=5d005e9a-029c-4d85-9a58-b9cc3b0cbe1e
play_store,2026-07-03T23:35:34,1,"Delievery service of the app is not good, there is much fraud in delievery, i waited for more than 1 hour for my delievery and the delievery boy & app claimed that they delievered the order but i had not recieved it. after talking to them they helped me out and scheduled re-delievery for my order. Happy with their customer care service but unsatisfied with their delievery service.",https://play.google.com/store/apps/details?id=com.grofers.customerapp&reviewId=c49e1d86-d0c1-4ff7-a6ef-7c43198841b6
play_store,2026-07-15T09:47:55,1,Beware of misleading product images. Bought mattress for ₹1174. Photos showed large size. Delivered product was way smaller. Raised complaint - Blinkit refused refund saying policy doesn't allow. Case closed without resolution. As a customer I feel cheated. improve transparency.,https://play.google.com/store/apps/details?id=com.grofers.customerapp&reviewId=b4194a33-4c34-4efd-a362-79a29ca2a1d9
play_store,2026-07-10T19:56:30,1,"Very disappointed with Blinkit. I ordered a brown coffee mug but received a green one instead. I reported the issue within 1 hour of delivery, and the mug was neither used nor disposed of. Despite this, my replacement request was rejected with a false reason stating that the item had been used or disposed of. This is poor customer service and an unfair resolution. I expected Blinkit to take responsibility for delivering the wrong product. I hope the company improves its support and treats custom",https://play.google.com/store/apps/details?id=com.grofers.customerapp&reviewId=7ad6ca21-df2f-45fd-88fd-7cbd3a4bfe98
play_store,2026-05-25T19:02:49,1,"I’m facing a payment issue on Blinkit. None of the payment methods like UPI, cards, or wallets are working. Every option shows ‘Currently disabled due to a technical problem’ or ‘This payment method is not available at the moment.’ I tried multiple UPI apps like Google Pay, PhonePe, and Paytm, but the issue still continues. My internet connection is stable, and I already tried restarting the app. Please fix this issue as soon as possible because I’m unable to complete my order.”",https://play.google.com/store/apps/details?id=com.grofers.customerapp&reviewId=e26ae418-a637-47cf-a579-3107fc3a39bc
play_store,2026-07-07T16:05:37,4,"I'm quite satisfied with the app, but recently I've relocated my house ,2 km away from where i used to live and unfortunately,blinkit is not serviceable here, kind of disappointed because this was the only app which was serviceable in my area. so blinkit, please expand your area of services in jaipur, its a humble request.",https://play.google.com/store/apps/details?id=com.grofers.customerapp&reviewId=30ff014e-444b-4f02-b26b-91df102d1bd1
play_store,2026-05-29T15:14:19,1,"please don't debit online payment.. because I have received wrong product so I can cancel my order with the clarity. but I can't receive my refund today is 6 days completed... I remember to the costumer I have no refund details...The customer is saying, ""Talk to your bank. It's shameful that you haven't even issued a refund, I don't have any updates, and I should talk to the bank? I will never tell anyone to shop from here, seriously it is a very bad platform.",https://play.google.com/store/apps/details?id=com.grofers.customerapp&reviewId=b3732c42-22aa-4399-ba8c-e8f4c910e043
play_store,2026-06-25T20:42:56,5,"Amazing app! you can order while watching a show at home no need to worry about anything. payment options might annoy you as cash on delivery is not available sometimes, however, a great option to keep in emergency situation.👍👏",https://play.google.com/store/apps/details?id=com.grofers.customerapp&reviewId=27179f3a-4890-4a13-84c4-66f2fdab48a6
play_store,2026-05-30T06:14:43,1,"I am not able to understand that before travelling I had bought earbuds and one more item from Blinkit, I did not pay attention, the payment option did not come to me, I changed the Blinkit add money by Rs. 990, after that Blinkit is troubling me so much, despite being such a big company, who cannot realise this, I even lost Rs. 1000, whenever I order in my heart, the service I get has been absolutely third class, my app was fully tested, I will tell you what to do, yes guys, you guys, never 😡",https://play.google.com/store/apps/details?id=com.grofers.customerapp&reviewId=d2b67d4a-e178-4b58-b075-079aa54b340d
play_store,2026-06-20T15:24:37,5,"Had a really great experience with Blinkit! 🚀 My order arrived quickly, everything was packed properly, and the delivery partner was polite and professional. The whole process was smooth and hassle-free. Definitely impressed with the service and convenience. Keep up the good work! 😊",https://play.google.com/store/apps/details?id=com.grofers.customerapp&reviewId=ea3cd7b6-31bf-46b7-a0ad-cb79358c3dea
play_store,2026-05-15T00:28:14,3,app is very good but the only thing i am experiencing and is not good is that they should stop taking orders for late night....and if the order is once placed..they should deliver it.I ordered at 12 30 and the portal was accepting the order...so we ordered...but the thing is that it was not being assigned to the delivery boy and later it showed that the store is offline due to high demand.I mean that they should deliver the order in these casess....PLEASE FIX THIS ISSUE,https://play.google.com/store/apps/details?id=com.grofers.customerapp&reviewId=f56bb10e-1ee8-4f8d-a580-077a49c7e892
play_store,2026-06-25T23:18:48,5,all time delivery is good but sometimes it may get delay or something else issue and most important thing when it's come near to customer in app in map the route line doesn't see please make sure of live location route will see till delivered,https://play.google.com/store/apps/details?id=com.grofers.customerapp&reviewId=ae0de2e3-043c-4a41-8ebe-0028b8e4869f
play_store,2026-05-30T12:29:35,1,"the app was showing payment failed and due to this took payment 2 times and delivered same items 2 times and when I went to need help option to cancel 2nd order, it showed something went wrong. app was also not showing status of orders",https://play.google.com/store/apps/details?id=com.grofers.customerapp&reviewId=6e0a7398-b13f-4203-9496-9053a8d3ab18
play_store,2026-07-07T12:16:26,5,"Blinkit has become my go-to app for groceries. The delivery is incredibly fast, and the groceries always arrive fresh. Even ice cream reaches me perfectly frozen, which is impressive. One of the best things Blinkit has done is offering a free ambulance service. It's a thoughtful initiative that can genuinely help people during emergencies. I also appreciate that Blinkit's delivery partners continue working even during the rain to ensure customers receive their orders. Compared to other",https://play.google.com/store/apps/details?id=com.grofers.customerapp&reviewId=15863b36-d36c-4912-a490-c194fb91b709
play_store,2026-06-01T19:46:39,4,"Very good app with super fast delivery and a smooth, responsive interface. My only complaint is the ₹5 handling charge, especially when it's added on top of delivery charges. A better option would be to waive handling charges on orders above ₹150, just like delivery charges are waived above ₹149. 😂 Apart from that, the service is excellent and the overall experience is great. Keep it up!",https://play.google.com/store/apps/details?id=com.grofers.customerapp&reviewId=aa30d34c-6dc0-460b-81d3-fffb8a80e9d8
play_store,2026-05-22T19:40:32,1,"The service has become pathetic. Twice they delivered damaged unhygienic food items. we have photos and videos of the same. We shared it on their help page and email ID. they simply say that they don't find anything wrong with the items. In one order, we ordered guava, chunks were missing, possibility of being eaten by rodents! In another one we received open packet of chicken! As customers, save yourselves from such companies and buy from local vendors! Atleast they acknowledge accountability.",https://play.google.com/store/apps/details?id=com.grofers.customerapp&reviewId=10eed773-2079-4987-aaaa-387ceff7310b
play_store,2026-07-01T18:06:21,1,Every time I order something from blinkit one or the other item is missing and nobody cares to inform you Earlier never faced this kind of issue but from the past 2 months it's been happening again & again...Very disappointed,https://play.google.com/store/apps/details?id=com.grofers.customerapp&reviewId=5925cbd2-9ec5-4cea-be13-b89c3a45ee6b
play_store,2026-06-06T15:06:40,1,"I raised a quality-related issue and shared live-captured images as evidence. Although the support team initially assured me of a full refund, only half the amount was refunded after I escalated the matter on Twitter a week later. It is unclear why additional image proof was requested when the required live images had already been submitted.",https://play.google.com/store/apps/details?id=com.grofers.customerapp&reviewId=f2a6773c-5db8-4498-9685-5f379309790d
play_store,2026-06-15T14:00:02,1,"Hello Team, I ordered rice from Blinkit, but the product delivered was not of the expected quality and was not as described. I raised a complaint immediately, however, no action has been taken so far. I request you to kindly look into the matter and provide a resolution at the earliest, either through a replacement or refund. Please update me on the status of my complaint. no mail, no contact number, store manager not able to give any help, worst service in any problem",https://play.google.com/store/apps/details?id=com.grofers.customerapp&reviewId=bf680dab-586e-408d-8e97-d2d6f9ae68b7
play_store,2026-05-17T19:38:11,1,"Worst experience with Blinkit surge pricing. It feels less like “high demand” and more like a permanent pricing tactic. In my area, surge was active continuously from 10 AM to 8 PM. Instead of making me order faster, it pushed me to a competitor. I checked Zepto and ordered at a lower price. Even ₹1 extra matters because customers question fairness, not just cost. Convenience apps should reduce friction, not add it. Permanent surge pricing risks losing trust, loyalty, and sales.",https://play.google.com/store/apps/details?id=com.grofers.customerapp&reviewId=e57e9dfb-a76a-4c67-baea-c0d1119ec9aa
play_store,2026-06-28T13:48:30,1,"Blinkit is good but the delivery person was very rude and unprofessional during my order. They spoke disrespectfully and made the delivery experience unpleasant. I request that this issue be looked into so it doesn't happen again.""",https://play.google.com/store/apps/details?id=com.grofers.customerapp&reviewId=b874f3a7-1efa-4702-b066-5e94602bbc69
play_store,2026-06-09T22:15:18,2,"It Is not good for ordering stationery as, l order two books that had a very good front cover, but when it came the front cover was not same and was totally different and not even as expected.",https://play.google.com/store/apps/details?id=com.grofers.customerapp&reviewId=7106b333-ea55-401e-956e-299924e5df5a
play_store,2026-05-18T12:30:30,5,"I liked this app very much because other online delivery apps used to take a lot of time like 1 or 3 days, but in this one it took only 3 minutes for my parcel to arrive.And another big reason for this is that their showroom is just a few meters away from my house 😁😁.",https://play.google.com/store/apps/details?id=com.grofers.customerapp&reviewId=95e05c43-be9e-42e2-8416-e3249ae84302
play_store,2026-05-15T08:50:50,2,"bad experience with location, when I order to a particular place using pin 📍 and complete address it's going to other place. it happened twice one i cancelled, other time delivery boy came when I send live location in WhatsApp. I've tried to update address again, if it won't work next time when I place the order, then blinkit is not for me, there are many competitors out there. if there is an issue please address it. Just being descriptive that you will be aware of such edge cases in case.",https://play.google.com/store/apps/details?id=com.grofers.customerapp&reviewId=53bf1c2f-1057-4f06-8750-3be30ada3f63
play_store,2026-05-25T13:48:24,1,my experience with blinkit service is very bad it has the worst service ever . I've ordered cells for my landline phone and i received the wrong product. I've tried to return since the day I ordered I've raised chats but there was very poor response no one is replying there's no response they have been delaying the pick up saying the store is currently unavailable today was the 7th day I've got very angry and contacted sp today was the pick up but I'm not getting my refund.blinkit is worst .,https://play.google.com/store/apps/details?id=com.grofers.customerapp&reviewId=2f7a7346-b553-49ec-b011-d63626b20691
play_store,2026-05-24T11:11:49,1,Delivery person never called or delivered and app showed delivered. I suggest you make it so that the client has to press a button saying yes I received it and without that delivery person should not be allowed to say he has delivered. these are all paid packages with extra charges for handling n delivery. very disappointed,https://play.google.com/store/apps/details?id=com.grofers.customerapp&reviewId=2720f45d-346e-4d98-9f08-59aaa8333e94
play_store,2026-05-27T18:07:19,1,Never trust this app. It's just so frustrating. First thing is that they deliver destroyed product saying that you can replace it within 7 days. And then they denied it. Literally denied it.,https://play.google.com/store/apps/details?id=com.grofers.customerapp&reviewId=83676396-9265-4b58-8325-18484e69a68d
play_store,2026-07-06T21:09:13,1,I don't like this app because you guys added extra around 50 rupees Even when I ordered more than 400 rupees items and also don't mention about this fees and after ordering it when I saw these extra charges I tried to cancel the order but they don't cancelled it and also this was not delivery charge,https://play.google.com/store/apps/details?id=com.grofers.customerapp&reviewId=a70ca929-d86a-49d2-82e9-95e28aea3a04
play_store,2026-07-15T19:05:48,1,handling charges and small cart charges are very high and inconvenient. There are a lot of regular and daily products missing on this site. The delivery queue and delivery time is too much for 1.5km. poor experience,https://play.google.com/store/apps/details?id=com.grofers.customerapp&reviewId=c667c84d-1bfa-4b87-bba8-cbe2889d757a
play_store,2026-07-11T16:10:24,1,"i ordered something and it came to the current location instead of the address i mentioned. So now I can't repeat the same order on cash on delivery. Therefore, I'm deleting this app and going to instamart. I'm so sorry blinkit this was my first and last order.",https://play.google.com/store/apps/details?id=com.grofers.customerapp&reviewId=c33c0a3d-80e7-4ec5-8c56-fc59ee97b73f
play_store,2026-06-06T16:39:03,1,"Pathetic Experience. so instead of solving the issues of the customer the team is closing the case without an appropriate solution. I received dry and dead plants by the blinkit. on raising the concern, they simply shut the case without replacement of incorrect plants. in total they have done the loss of more than 5k many more on other products and such behaviour is completely intolerable.",https://play.google.com/store/apps/details?id=com.grofers.customerapp&reviewId=19693e7c-9255-435f-b240-cb75f478b62c
play_store,2026-07-05T14:05:20,1,the delivery is partial. and customer support is horrible. You have to email for missing items with radio silence at Blinkit's end. Disappointing. Please opt for Swiggy Instamart. Clean and complete deliveries by Swiggy Instamart.,https://play.google.com/store/apps/details?id=com.grofers.customerapp&reviewId=85024415-850a-4e71-b104-6e4a3d77187b
play_store,2026-07-08T12:34:47,3,Expensive and I recommend to use it only for urgent delivery. I compared the prices with bb and blinkit is charging 15-20 ₹more on every item. They are taking advantage of consumers. Not a good business to live for long term.,https://play.google.com/store/apps/details?id=com.grofers.customerapp&reviewId=c777796a-bf8e-44e0-a5ff-c6492aa1aac3
play_store,2026-06-09T19:40:15,5,actually one of the best apps for grocery and stuff but the price needs to be down..like zepeto it usually has the prices down by a bit and one more thing is I see that ice creams are available on zepeto and not blinkit..like there r but only 3..,https://play.google.com/store/apps/details?id=com.grofers.customerapp&reviewId=e04cfcfb-60ad-4275-b460-25c493e20331
play_store,2026-06-13T23:13:04,1,"I received a Pears Body Wash bottle in a leaking condition. I reported the issue immediately, and your team confirmed that a replacement would be provided. However, the replacement has not been delivered yet, and I have not received any update regarding its status. Please check the matter and arrange the replacement or refund at the earliest. I can provide photos of the damaged product if required.",https://play.google.com/store/apps/details?id=com.grofers.customerapp&reviewId=de0cf4f7-6579-40d6-a1f7-fae6252e291c
play_store,2026-07-04T13:25:58,1,"First time visiting india and this app was recommended by hotel staff. Trying to sort out my first order but when i try to finalize and select the delivery address, the Save address button does absolutely nothing...",https://play.google.com/store/apps/details?id=com.grofers.customerapp&reviewId=3c24eff8-6446-4e4d-b5ce-2513a98363a7
play_store,2026-06-10T12:52:14,1,"you would not be able to return your order even after multiple requests, as I ordered something mistakenly and the oreder was not returned and I had to pay money for something that I didn't even wanted.",https://play.google.com/store/apps/details?id=com.grofers.customerapp&reviewId=91926d7f-772d-4570-8b8f-952f2dba3293
play_store,2026-05-15T10:30:56,1,"Very disappointing return experience. The item I received was already broken and the quality was extremely poor, so I requested a return. When the delivery person came, instead of taking the item back properly, he started giving unnecessary lectures and arguments and then just left without completing the return. This is completely unprofessional and disrespectful to customers.This is a complete waste of time .",https://play.google.com/store/apps/details?id=com.grofers.customerapp&reviewId=e4de74a2-3ed3-4702-84a2-0b9d64e606fd
play_store,2026-06-09T20:45:31,3,"they don't clean their products properly before packing it. so most of the time there is dust or something, just like today there was something sticky on the packet so I washed it and it started foaming up so it was probably some liquid soap or something and i didn't order any type of soap this time so I don't know what it was. I am mostly satisfied with their services but this one thing is really annoying every time.",https://play.google.com/store/apps/details?id=com.grofers.customerapp&reviewId=cb70f8a6-9e16-4dc6-a331-7324e09b0d72
play_store,2026-07-03T19:58:34,1,"My payment is done but order not placed. Now the chat with us option is not entertaining queries and says because of temporary surge, support is unavailable There is no email address also where we can complain. Highly disappointing",https://play.google.com/store/apps/details?id=com.grofers.customerapp&reviewId=4b06ad8c-0785-4ba5-b692-b848b04210e6
play_store,2026-06-08T22:01:20,1,"worst app ever seen, they swallowed my 600 rs. be careful while cancelling orders. for cancellation they will provide coupon for paid money and with time limit to use the same. if time lapsed, amount gone and don't know where it will go. for the amount I begged several times to extend the atleast one day to use the coupon, but no proper response. if it is free coupon they can keep time limit.",https://play.google.com/store/apps/details?id=com.grofers.customerapp&reviewId=f89610f8-aade-49d2-a7bd-ea9708da1ede
play_store,2026-07-15T17:00:29,1,"The app is fine, but the delivery people who come through this app don't have a good way of talking to customers. They also blame the customer for everything. I want the delivery partners to improve this shortcoming. That's why I will give them a review — although they don't even deserve it.""",https://play.google.com/store/apps/details?id=com.grofers.customerapp&reviewId=efb2ddf7-b816-4dbf-a86a-e7a0d9655b7d
play_store,2026-05-20T02:08:30,1,"Very poor experience😫 with Blinkit in Nanded. Payment was deducted instantly, delivery kept getting delayed, support made me wait, and finally the order was cancelled from their side 😡😡. Now asking 4 days for refund for their own mistake. Uninstalling the app 👎👎👎.",https://play.google.com/store/apps/details?id=com.grofers.customerapp&reviewId=11b416fa-c5fd-4b77-a1cd-834801e5461f
play_store,2026-05-24T15:12:32,3,"3 stars because the service is satisfactory but still has room for improvement. Delivery is usually timely, however, there are occasional issues with product freshness and quality, especially with vegetables and perishable items. At times, items received appear old or close to expiry, which affects the overall experience. A more consistent quality check and smoother return process would make the service significantly better.",https://play.google.com/store/apps/details?id=com.grofers.customerapp&reviewId=0321122e-ba45-43d0-afce-aebf5f884325
play_store,2026-05-28T15:10:25,3,I just ordered 3 items and the order was canceled. This is not Ola/Uber that u can cancel the customer's order like this and without any intimation. also u increased the price directly ₹30 more and this is not right at all,https://play.google.com/store/apps/details?id=com.grofers.customerapp&reviewId=43b65994-8430-4928-909e-e8029d1aad8a
play_store,2026-07-09T15:04:08,5,It's Best in service & giving updates of the material in stock or in short. Person delivery the orders are friendly. I find it more useful.,https://play.google.com/store/apps/details?id=com.grofers.customerapp&reviewId=33280cc0-765d-4e56-99c9-583cfce01f46
play_store,2026-06-18T20:21:39,1,"The delivery partner was extremely rude and showed misconduct. I had ordered a product, and when I went to collect the product, he rudely cancelled the order in front of me. He was saying that he called me, but the fact was I was actively waiting for his call, and didn't get any call.",https://play.google.com/store/apps/details?id=com.grofers.customerapp&reviewId=c2970a87-677b-4c23-9b86-374cd8335746
play_store,2026-06-26T08:54:05,5,"I have downloaded this app only recently .i really find this app good They supply fresh products, which is really appreciable at reasonable prices. i would like to add returns are with out hassles and refund is quick.",https://play.google.com/store/apps/details?id=com.grofers.customerapp&reviewId=e77684d7-4465-41c6-8db8-2e76938bbed6
play_store,2026-05-19T12:17:28,1,"Very disappointing experience with Blinkit. This was my first order and I never even received the parcel. The delivery person was behaving very rudely and giving unnecessary excuses instead of helping. On top of that, customer care service was also poor and not responding properly. I expected much better service from such a platform.",https://play.google.com/store/apps/details?id=com.grofers.customerapp&reviewId=46662fee-f959-45a8-92db-20bbd6fe1949
play_store,2026-05-10T17:27:00,1,"Product descriptions are always incomplete and when you order something trusting the platform, the return is rejected because the product was opened. Don't buy high value items.",https://play.google.com/store/apps/details?id=com.grofers.customerapp&reviewId=4f493997-38f5-4abd-83a6-b746b5405c4d
play_store,2026-05-08T11:50:09,1,"good quality products and fast delivery yep, but they literally go ahead list defective products or products with missing parts again on sale after the product has been returned due to issues. I got problematic products so I returned it but today blinkit literally listed it on sale again and cause of urgent need I bought it thinking it was restocked, but it was the same product I returned.",https://play.google.com/store/apps/details?id=com.grofers.customerapp&reviewId=29a695d8-6b9d-400f-8883-20d912ddcb92
play_store,2026-05-31T22:08:22,2,"Excellent Hospitality & Service. Never seen in any other Indian Companies. 2 star because The Store manager and neither the delivery person check whether the parcel , packet or Package is properly packed or not. they are supposed to check if the item is genuine or not with a proper seal or box... and they don't do it. And because of that I faced a lot of embarrassment..!!! And above all the biggest issue is your not getting connected at all with the customer service... very bad😡",https://play.google.com/store/apps/details?id=com.grofers.customerapp&reviewId=1a91a7b8-1161-461d-b632-bc90a496563c
play_store,2026-06-21T20:42:24,1,"I am confident that customer confidential data is leaking from the blinkit app. whenever I am adding any card and buy something, after 2-3 days someone is trying to use my card for international transactions. It is very serious issue and requesting blinkit to take immediate action",https://play.google.com/store/apps/details?id=com.grofers.customerapp&reviewId=e527aab9-c609-41ba-ab81-3f784b3e3b57
play_store,2026-06-07T14:01:32,1,"Scammers, charge high delivery and handling charges and when they make a mistake they dont refund this, and to fix if i order again they charge the same fees again plus surcharge... This has happened multiple times now, i will stick to flipkart minutes or amazon now",https://play.google.com/store/apps/details?id=com.grofers.customerapp&reviewId=4815ae9b-c75c-440c-a141-9e0f2416ef81
play_store,2026-05-26T07:10:08,1,"i have ordered a boat earbuds of 1099, the product described ENC, but it doesn't have that feature so i contacted the blinkit chat and asked either for replacement or return.. I spoke to diya from chat team and escalation team Anuj both denied stating that they don't have option either for return r replacement.. don't buy any electronic item guys they will redirect u to brand.. they mention all guff ups in app..",https://play.google.com/store/apps/details?id=com.grofers.customerapp&reviewId=fbcc667c-51f0-4f39-996b-b4d7b49b994e
play_store,2026-07-15T19:18:22,1,what the hell you guys are doing with my blinkit account... I'm not able to place an order due to not worthy tecnical issue.. its been 3 days im still not able to order. also after adding money in blinkit wallet the issue remains the same. guys please don't make it worst please and solve the issue ASAP. 🤦🏼,https://play.google.com/store/apps/details?id=com.grofers.customerapp&reviewId=8f48e0c7-3b25-41a5-af2f-5566a7a01e3d
play_store,2026-07-02T11:23:49,2,"Very disappointing experience with Blinkit. I received a **Plum Green Tea Pore Cleansing Face Wash** with an expiry date of **02/2026**, even though it is already **July 2026**. The product was expired, and the packaging was dirty. I requested a replacement, but the replacement was also expired with the same expiry date and in poor condition. This shows poor quality control and inventory management. Such negligence is unacceptable, especially for skincare products.",https://play.google.com/store/apps/details?id=com.grofers.customerapp&reviewId=a1383ab1-b9c7-4425-9e81-8b47db7e5dea
play_store,2026-05-11T08:20:53,5,"Blinkit is one of the best E-commerce platforms for people who want their essentials and daily things quickly. A little bit charges higher on a few things but it is okay, because it's giving you a doorstep service and earning to many people. I recommend this app for all people.",https://play.google.com/store/apps/details?id=com.grofers.customerapp&reviewId=9ad96689-eea6-4a84-b02b-863546eeaed0
play_store,2026-05-19T18:50:49,2,i thought blinkit will be useful for me but I was wrong because it is not giving service for our area where there is no shop at all. and we people need this type of service more than the city people where there is already mall and shop but here they are not giving service and no delivery in our area. so I think this app is not useful for those who stays in village and there is less or no shop. see we don't say that deliver us in 20 mins we just say atleast deliver us even it takes one day.,https://play.google.com/store/apps/details?id=com.grofers.customerapp&reviewId=16c2d1ce-2b24-4296-bc26-0459a43d730c
play_store,2026-07-07T12:21:49,1,"wors humiliating . 1st delivery boy forgets my order in store, after half delivery, he deny his mistake. told me he will contact. he didn't. customer service - more poor, didn't have call option. in chat- they are not available, even after being online, takes too much time first to read, then to reply. I will have to shift to other app. As if I face problem in future, assistance is must, rest can be managed",https://play.google.com/store/apps/details?id=com.grofers.customerapp&reviewId=3ae6b9f4-8c08-46c7-b122-3184a0a84b1c
play_store,2026-05-14T21:43:47,1,"I ordered two times from this app and both the times I got wrong items delivered and I recommend you to use flipkart minutes or other apps, they often give cheaper prices and more offers than this app and correct items are delivered.",https://play.google.com/store/apps/details?id=com.grofers.customerapp&reviewId=4d4e203a-e037-44e0-9b25-78b8be2a14f3
play_store,2026-06-15T20:29:52,5,"A very convenient app, with products available just at your fingertips. The delivery is very fast, the product quality and packaging are very good. Documents are also delivered in a very confidential manner in very good condition. Highly recommend!!!!",https://play.google.com/store/apps/details?id=com.grofers.customerapp&reviewId=db2ca581-c51b-4848-97be-519877b13a76
play_store,2026-07-05T15:38:59,1,Worst app ever. I ordered hair colour and received empty packet. The product was out of stock. If you don't have the product why did you send empty packet. It's you mistake that you dont have product in stock.,https://play.google.com/store/apps/details?id=com.grofers.customerapp&reviewId=bf335890-ce35-4195-b0b6-e20a4e9463a7
play_store,2026-05-19T23:33:14,1,"I ordered boAt Airdopes, and they have a severe defect: the volume blasts to 100% every single time they connect to my phone or laptop. This is not a 'feature'—it is a literal hearing hazard that can cause permanent ear damage. I requested a replacement on Day 2, well within Blinkit’s '7-day replacement policy,' but they refused to help. They are gaslighting customers by calling a dangerous audio spike a 'feature' to avoid honoring their own warranty. 7-day replacement policy is a lie.",https://play.google.com/store/apps/details?id=com.grofers.customerapp&reviewId=5f25fa72-9349-48a2-8a7f-c36c3306af18
play_store,2026-05-28T15:06:47,5,"Very nice app, But extra prices are a little much otherwise it's good also delivery boys never get address we will always have to go out and reach the delivery boys, BLINKIT can advise them to direct reach to the pinned location on Google Map,B.t.w. all well.",https://play.google.com/store/apps/details?id=com.grofers.customerapp&reviewId=4c3b6fdd-5127-437b-ba06-1913ee21d021
play_store,2026-06-18T19:21:53,5,"This is a very useful app. I can even find things here that are not available in nearby markets. My experience has been very good. The items that I cannot easily find elsewhere are easily available here. The packaging is excellent, and the delivery staff are very cooperative. They contact me directly at my location and deliver the order without causing any inconvenience. Overall, I have had a very good experience.",https://play.google.com/store/apps/details?id=com.grofers.customerapp&reviewId=198abd4b-53a7-44aa-affc-34028bbce609
play_store,2026-05-24T14:31:46,5,"Super fast and reliable! Blinkit is my absolute go-to app for daily essentials. Delivering grocery items within 10-15 minutes is just incredible. The app interface is smooth, and the packaging is always neat. Highly recommended!",https://play.google.com/store/apps/details?id=com.grofers.customerapp&reviewId=73aaa7f2-aba8-4c4b-bf9f-d83345eb9270
play_store,2026-07-14T15:52:38,3,don't pay in advance payment... pay only cash on delivery because when you paid advance payment and got defected item there is no replacement.... but overall you can order almost all kind of groceries and daily use items...,https://play.google.com/store/apps/details?id=com.grofers.customerapp&reviewId=7bd21932-83fe-43d8-91e7-aa390da672d0
play_store,2026-06-20T02:59:13,2,"when i order for someone else at some other location, everytime the delivery partner calls me who placed the order even though I give other persons contact in the app, it is frustrating experience to be honest!!",https://play.google.com/store/apps/details?id=com.grofers.customerapp&reviewId=704f928a-9b2e-4fde-9b3b-0beb50a9c543
play_store,2026-06-12T14:10:25,5,"In product listings (Every Catagory ), the main screen shows blank/white boxes instead of product images. Images only appear after opening product details. Please fix this so customers can view products directly in the list . Also, add a “Near Expiry Deals” section for dairy, food, and other perishables with heavy discounts and clear expiry date/time information. This can reduce waste and increase sales. Please promote Super Daily Offers more prominently with banners and notifications.",https://play.google.com/store/apps/details?id=com.grofers.customerapp&reviewId=4b6121db-b3aa-40dd-b460-2f22f0b9dbf9
play_store,2026-05-31T15:02:45,1,the experience is very bad due to lot of fees it described the overall experience because customer want products of their mrp rate but due to lot of fees the product became very expensive . and also whenever we made online payment the order did not receive by the customer and they also not done anything for us they are fooling us and they are Snatching our money,https://play.google.com/store/apps/details?id=com.grofers.customerapp&reviewId=e47d6418-dec3-457a-a050-caa1f8022567
play_store,2026-06-18T17:48:01,1,"If you have any items missing or damaged, then forget about getting a replacement or refund..The customer support will just waste your time and ask you to come back tomorrow and keep doing this till the complaint window closes..They will just harass and make it impossible to get a resolution..We should stop buying from these platforms so that they run out of business..!!",https://play.google.com/store/apps/details?id=com.grofers.customerapp&reviewId=deeaa0ff-012b-4a0e-bb3a-ec803fbc721c
play_store,2026-06-11T16:04:52,3,i ordered a product i.e streax serum which was too bad ...there is no button to press...now how will I use it? and when I applied for help they r not even exchanging it they r saying that only return option is available and refund but they r not ready to refund... otherwise remaining items were quite good ..their packaging and product quality is amazing but really disappointed with my 1st order ....not expected from this site...i will prefer to buy from some offline store,https://play.google.com/store/apps/details?id=com.grofers.customerapp&reviewId=d83804a7-6219-46df-aa95-03e9aa0d24dd
play_store,2026-07-10T22:41:46,5,"Thank you for the excellent service! My order was delivered quickly, and everything arrived in perfect condition. The delivery partner was polite, professional, and handled the order with care. The entire experience was smooth and hassle-free. I really appreciate the fast delivery and great customer service. Keep up the amazing work!",https://play.google.com/store/apps/details?id=com.grofers.customerapp&reviewId=e19a9dec-c7eb-4bfe-9dec-d78c354ae174
play_store,2026-06-03T20:03:08,5,"Well maintains the timing. Quantity and quality are accurate. vegetables and fruits are fresh, all the time i have bought. Even it's rainy or late night, you're all available, Kudos to that 👍🏻😊.",https://play.google.com/store/apps/details?id=com.grofers.customerapp&reviewId=ac4f0cb1-3888-491a-88de-cf8920656a5d
play_store,2026-05-24T16:58:33,1,I needed to walk 500 meters to get my parcel even after putting correct address and I am told to enter correct location and the delivery man told address is correct but location is wrong and there is no other option to correct or enter location this happened 2 more times before and the delivery man don't know most landmark and trying to put blame on others,https://play.google.com/store/apps/details?id=com.grofers.customerapp&reviewId=9e941ef2-ab77-40c2-919a-cf7264efd6ea
play_store,2026-06-24T08:03:58,1,"As soon as you fond a fault in their product and opt for a replacement or refund, they stop giving the option of COD Blinkit disappointed again. Delivered yesterday's milk on which use by date is today. When asked for replacement, they asked for photos and said the packet is sealed and I can use it till evening.",https://play.google.com/store/apps/details?id=com.grofers.customerapp&reviewId=bab8d1e4-22c0-42da-969c-b455ef8425d8
play_store,2026-05-31T08:35:34,1,"To make it worse, there is no accessible customer care to raise this issue. The in-app support is unresponsive and I have no way to report this. This is a serious lapse in both product quality and customer service. I request an immediate full refund and expect Blinkit to take corrective action.",https://play.google.com/store/apps/details?id=com.grofers.customerapp&reviewId=3c955129-8e36-449e-bad4-a4df976bf9ee
play_store,2026-05-30T12:29:37,1,dirty and very bad . all products are always very dirty. dont know whether their store rooms are dustbin or not. each and every products are very dirty. am not a new user. using vlinkit more that 4 years. several times I have raised the problem. but all blink it cares about money and trash service to the customers. decided to shif another app. never recomended.,https://play.google.com/store/apps/details?id=com.grofers.customerapp&reviewId=e080d962-f32e-4486-9771-9838236b7d9c
play_store,2026-05-16T00:43:50,1,I order icecream and I got opened package and when I raise refund I got a mrp amount but if I order it again I have to pay the delivery charges night charges costumer service is not good and the catch is when I tried to order again the same icecream it's out of stock wowww that means it was last damage piece in the store they didn't updated the inventory and they send that damage product disgusting service 👏🏻👏🏻☹️,https://play.google.com/store/apps/details?id=com.grofers.customerapp&reviewId=774552d8-6978-4fed-9bd6-3006a8b4a363
play_store,2026-06-14T04:05:25,4,"I am satisfied with the service but there's a problem. I always do cod. but when the delivery time in between 12 -6 am , there's no option for cod and I don't have other options for payment and I don't want to link my bank account with blinkit for personal reasons. and I need to purchase something at 4 am but I can't because of the payment process. it's an emergency. please do something with that issue.",https://play.google.com/store/apps/details?id=com.grofers.customerapp&reviewId=ca2ce016-7209-4948-a1b9-713fcbab6e57
play_store,2026-06-23T13:51:18,1,"I ordered a very expensive Philips air fryer. But I received a very badly used and dirty fryer with dirty packaging. I reported the issue to them and they said that they sent the product in good condition. Never buy anything expensive from Blinkit. I will file a consumer complaint against them, but it is better to be safe than sorry.",https://play.google.com/store/apps/details?id=com.grofers.customerapp&reviewId=e209b335-fba4-4d79-ba2b-d73a5156e88e
play_store,2026-07-14T08:12:22,1,"worst app service.been loosing items in every order since 2-3 months.when confronted with delivery person they say they aren't responsible try contacting customer service,when tried to raise complaint the autobot redirects to contact via mail to blinkit team when tried mailing them they keep saying as per records the order was successful,even tried mailing grievance officee at blinkit,same replies.chatbot used ve helpful in initial days resolving issues on spot,beenloosing money,items constantly",https://play.google.com/store/apps/details?id=com.grofers.customerapp&reviewId=005c64f8-9b1a-42b0-98d8-40e3f0693d4d
play_store,2026-06-29T10:18:19,1,I have Ordered Lion Dates which were damaged when complained about it through Mail.. The only reply is that product is in good condition... what do I gain to tell that product is not good and customer care executive spoke in a very rash tone in her tone she is saying that I am Lying is that the way to talk to Customers... better stop ordering on blink it and choose another delivery App... Think twice before ordering..,https://play.google.com/store/apps/details?id=com.grofers.customerapp&reviewId=9959f60b-c7b8-4287-9493-309e3ec16e05
play_store,2026-06-16T13:13:36,5,"Super reliable and lightning-fast! Orders always arrive within 10 minutes, and the real-time tracking is spot on. Perfect for last-minute cravings and urgent groceries. Thank yuhhh!!",https://play.google.com/store/apps/details?id=com.grofers.customerapp&reviewId=f4c7d733-1374-4d7e-98d9-0f4f41a810c0
play_store,2026-05-07T22:38:39,3,"overall good app, just a small request, when ordering for someone else, it gives them the full billing with price of items, which makes it difficult for you to gift something to someone. i would really request blinkit to edit this feature and share maybe only the tracking details, because we provide the number of that person for communication required for reaching their location and not for giving complete billing",https://play.google.com/store/apps/details?id=com.grofers.customerapp&reviewId=4f963fa1-969d-4c7d-b1a2-60a6cd534f3d
play_store,2026-06-07T22:52:56,1,"I ordered a Beardo trimmer from Blinkit today. The outer package was in good condition, but when I tried to switch on the trimmer, it did not start at all. I then charged it and tried again, but it still would not turn on. It is clearly a defective product. I have been trying to contact Blinkit support throughout the day, but I have not received any valid response. I want a refund urgently.",https://play.google.com/store/apps/details?id=com.grofers.customerapp&reviewId=b7c2417e-d443-4ca7-a389-8bc33c5a7fb5
play_store,2026-07-13T10:37:49,4,"Handling charges very high, also have lot of options in the store, few times things are not available but there are various options to choose from",https://play.google.com/store/apps/details?id=com.grofers.customerapp&reviewId=b4f6ed91-40e9-40f9-99b1-1162147d15ad
play_store,2026-07-02T11:43:56,2,blinkit has fallen so much First cheap trick to get the money out from people anyhow for not ordering above 499 and then now their servers are lagging due to which the same order came 3 times and they are calling me while cancelling the order that my COD is being blocked by them for cancelling while it's their fault that their servers are ordering 1 order 3 times goshh,https://play.google.com/store/apps/details?id=com.grofers.customerapp&reviewId=1790bc21-5882-4dba-99ec-d2ab0f963c66
play_store,2026-05-31T13:26:29,2,It's ok. Blinkit needs a better customer service where someone can actually interact with an actual person. The help chat is very limited and inconvenient. I have an issue which isn't listed in the chatbot and there's no way to contact an actual person about my issue.,https://play.google.com/store/apps/details?id=com.grofers.customerapp&reviewId=bf9fc102-fa76-49a2-9013-07181d324c51
play_store,2026-06-30T15:55:02,3,this brand deliver the order very fast and the products have long expiry date and the dairy products are so fresh too but they also stuck your money and don't return them also they do not have any costumer care number......... . . . . . . . . . . .😌👀,https://play.google.com/store/apps/details?id=com.grofers.customerapp&reviewId=0761bc5b-0fce-4800-ae33-cb41822ff775
play_store,2026-07-09T23:50:13,4,Blink it is a good app and very convinent to order for anything needed I like the app but 1 thing I dint understand is that if I want to replace anything its not easy after sending the video of the ordered Items,https://play.google.com/store/apps/details?id=com.grofers.customerapp&reviewId=3d5b3a9f-a792-434c-b102-69abef07d9aa
play_store,2026-06-11T19:51:07,4,This app is so good.Its a really good app at emergency or if we need other groceries and can't go outside.I gave it 4 stars because when I ordered on blinkit I paid online then after that I closed it mistakenly so I reopened it then the order was not placed and the money was gone It was likes 250 rupees,https://play.google.com/store/apps/details?id=com.grofers.customerapp&reviewId=20685623-ca48-47de-b450-97322df6b83c
play_store,2026-05-22T03:43:32,1,"I am very disappointed from blink it very bad service, also not received any response from the support and complain department not replying properly.Need to pay extra to service that should be free and still not receiving the service which needs to be received, now I am not willing to continue to this wrost service app. Very bad experience, before this i was using from last 3 years but now I will delete my account.",https://play.google.com/store/apps/details?id=com.grofers.customerapp&reviewId=5ecf1b0a-2400-4e47-8e1f-806170b1c71a
play_store,2026-07-05T01:51:19,1,"I recently ordered a Google Pixel adapter; the on Blinkit showed the actual Google Pixel adapter, but what I received is not the genuine one. Please don't fool people like this—show what is actually being sold. I didn't expect this from Blinkit; I would have been better off ordering from Flipkart or Amazon instead. 😡",https://play.google.com/store/apps/details?id=com.grofers.customerapp&reviewId=01d3254a-5eb3-4560-a346-896f774c0f1d
play_store,2026-06-06T11:05:44,1,"06 june 2026 blinkit no more reliable. got fed up from their service, they don't value your time . Nowadays they don't care about your health. They will pack all chemicals with food items,eatable things,reported many times ,same thing happened again and again Paneer with alla fabric bleach, that bleach bottle doesn't come with inside seal or sticker, so it always got leaked a bit. Can't post photo here otherwise can display the items . No words left ...:(",https://play.google.com/store/apps/details?id=com.grofers.customerapp&reviewId=c99cdd87-b1c5-4a36-a187-67449e7a48bb
play_store,2026-06-21T12:55:20,1,Order marked as delivered but I did not receive all items. Customer support was unable to resolve the issue. Very disappointing experience.,https://play.google.com/store/apps/details?id=com.grofers.customerapp&reviewId=73b219c1-1c46-4b6e-9db3-e7737e3246f6
play_store,2026-06-24T18:50:47,1,"The amount was taken immediately after placing the order, but the amount was cut. The order was not placed. He gave 5 working days for it. If the refund is made within 24 hours, then the amount is the same. Everyone needs it. totally dissopointed please .ake it fast refund",https://play.google.com/store/apps/details?id=com.grofers.customerapp&reviewId=78a9b0f7-ac28-4abe-82a1-ec48e6290986
play_store,2026-05-20T14:35:14,1,I stopped using Blinkit because of its pathetic service in 2025 and today I ordered again hoping it could have been changed but it's worse than previous experience. I wanted to cancel the order because it was delayed by 20 minutes then the expected time but they charged me 20 for that .. DISGUSTING SERVICE AND,https://play.google.com/store/apps/details?id=com.grofers.customerapp&reviewId=4b358b41-ed8a-44f6-9f57-ab1ba03ea3b4
play_store,2026-06-13T21:41:23,5,"I like blinkit because it says that the order will arrive in 8 minutes but it reaches in 5 or 4 mins, it is a bad point that it shows 8 minutes and come in 5 or 4 minutes but it is nice to come before. the best app I have ever used.",https://play.google.com/store/apps/details?id=com.grofers.customerapp&reviewId=85c18d40-33b4-40c5-a718-80eec87fca8e
play_store,2026-06-14T18:28:27,1,"I ordered many things but 1 item was missing I sent pictures also but they said it's not a problem from blinking side and no solution I got from them such a bad service , instead of using blinking better use zepto and instamart bcs. if they do mistake atleast they accept it",https://play.google.com/store/apps/details?id=com.grofers.customerapp&reviewId=5598ff0d-95ff-4645-9810-4113522bf05d
play_store,2026-06-20T17:56:59,1,"not quality delivery. sending expired items, leeaking packets. what's the use of this app if it's more trouble than the convenience. we pay for convenience and not for refunds and returns all the time.",https://play.google.com/store/apps/details?id=com.grofers.customerapp&reviewId=981b3333-ead0-40f0-8dbc-f937d85e3cd6
play_store,2026-05-30T20:25:19,1,My mother used to do regular orders through COD. But once she refused an order coz kids mistakenly placed an order which she was not aware. since then her COD option is disabled for ever. The in app support is so pathetic that it doesnt give any such option to take up this issue. Plz resolve the issue. and improve the support system or at least provide a customer care no.,https://play.google.com/store/apps/details?id=com.grofers.customerapp&reviewId=30eca309-5450-47ee-8890-139d52e61d8d
play_store,2026-06-12T11:55:35,1,"worst service and fraudulent, I didn't received the payment but they have updated as refund completed and don't have proper customer service people to attend only texts which never properly addressed if I don't receive my refund today I will definitely lodge complaint against this app all contact numbers are cheated wrong number, it says it doesn't exist I still waiting but response even in mail or calls worst , I want my refund of ₹426 together for both orders immediately",https://play.google.com/store/apps/details?id=com.grofers.customerapp&reviewId=d6e0570b-1398-4d64-8ffb-522bb5e5d5ad
play_store,2026-05-17T12:14:39,3,"I have been using Blinkit for the last 1.5 years, but today I had the worst experience ever. My address was clearly mentioned, yet the delivery partner behaved very rudely. I politely requested him to come to the 2nd floor, and I even said I would come halfway, but he refused and took the order back. Customer support was unreachable, and I had to reorder and pay extra charges again. Very disappointing service. I will not use Blinkit anymore.",https://play.google.com/store/apps/details?id=com.grofers.customerapp&reviewId=b64bd119-525c-4288-a9e7-66b6ebf10ec0
play_store,2026-05-16T07:31:58,2,"Blanket is good but like open delivery there should be an OTP which should be known to the person only at the time of delivery and should be given by that person.Because sometimes the delivery boy's vehicle breaks down and the parcel gets cancelled and his payment is referred If this is not possible then the customer has to face everything, so please such an update should be there in the app, thank you.",https://play.google.com/store/apps/details?id=com.grofers.customerapp&reviewId=c24d8827-c83a-40c0-906d-de87deb7f0a2
play_store,2026-06-23T10:20:05,1,"terrible customer service. I ordered products at correct address but the place where the delivery guy send the product is wrong. When confronted, he read out the address aloud showing how the address he got was genuinely wrong. When I tried to take this matter up to support, there was no resolution. The AI in place didnt even understand anything and even refused to start a call with customer service executive. This is terrible. Fix this ASAP",https://play.google.com/store/apps/details?id=com.grofers.customerapp&reviewId=587e3bc5-c6e0-4a4c-8aa5-c69f2ef02a2e
play_store,2026-05-19T15:59:35,1,"don't buy electronic from blinkit. they send faulty items and don't return it. I bought a pedestal fan and it started at first then stopped and not turning on. I raised concern over blinkit chat and agent asked me to provide the video, I uploaded two videos showing the fan was not turning on. And the agent saw the videos and closed the chat without saying anything.",https://play.google.com/store/apps/details?id=com.grofers.customerapp&reviewId=b1c5def2-52ad-4219-8d60-bc29ab1a1c2b
play_store,2026-05-04T13:39:48,1,"Blinkit was my go-to app for quick orders. but, I'm having problems since my 3 previous orders. I received spoilt panneer on April 24th, I was told amount will be refunded by 29th April. yet to receive refund. in the next two orders - I ordered the whole truth protein bars - received different flavour which is also priced lesser than the one i ordered for 1 product. customer care could be better, I am not able to reach out to anybody regarding this.",https://play.google.com/store/apps/details?id=com.grofers.customerapp&reviewId=916f76eb-834a-4810-bc8d-ec6d7ca95905
play_store,2026-05-24T17:01:41,1,It's really so disappointed the rates are really high and sometimes it shows that it cant able to receive delivery the handling fee is 30 and on top of that the delivery fees it's taking hours to receive the order in emergency times..,https://play.google.com/store/apps/details?id=com.grofers.customerapp&reviewId=c3230109-43da-4657-9313-1910ce219c87
play_store,2026-06-08T12:08:34,1,pathetic customer care. they take 10 mins to deliver a product but take hours to even respond to a simple query of wrong product delivery. Uninstalling this app this instant. Other platforms lime milkbasket are far better interms of customer service.,https://play.google.com/store/apps/details?id=com.grofers.customerapp&reviewId=215c84cd-c0a6-48fe-9e25-d888574a5dad
play_store,2026-06-03T11:04:08,1,"Very disappointing delivery experience. There were issues with the delivery location, poor communication, and unnecessary delays. The service did not meet expectations and caused significant inconvenience. I would appreciate it if my refund could be processed as soon as possible. Hoping for better service and customer support in the future.",https://play.google.com/store/apps/details?id=com.grofers.customerapp&reviewId=8bb31992-0ec3-4cc0-a4ea-414582b8c29c
play_store,2026-06-21T16:24:04,1,not good at all today I have complained twice that my 2 items are missing and they have recorded them in a bita and pieces. The other day they sent the wrong items and they didn't even replace them.,https://play.google.com/store/apps/details?id=com.grofers.customerapp&reviewId=75f8f4f1-83e7-48e3-863c-a47519fed585
play_store,2026-06-17T15:12:13,1,"If I got the issue then I have to resolve it on the Gmail, where the response is very slow, its about two days my issue is still not resolved On other delivery apps my issue is resolved within the app in few minutes Issue should be resolved within not on the Gmail, it's irritating",https://play.google.com/store/apps/details?id=com.grofers.customerapp&reviewId=cec12aa3-f355-422d-b65d-6415dd2e1eb7
play_store,2026-06-01T23:21:22,1,"Very disappointed with Blinkit's service. My order was marked as delivered, but I never received it. The delivery partner neither handed over the order to me nor contacted me properly. Marking an order as delivered without actually delivering it is completely unacceptable and raises serious concerns about service reliability. I expect an immediate investigation and a full refund or replacement. This experience has significantly reduced my trust in Blinkit.",https://play.google.com/store/apps/details?id=com.grofers.customerapp&reviewId=2b99da62-f686-48ca-8a29-0048b05ea961
play_store,2026-07-06T15:11:03,5,best and really the last minute app I am very happy for 24×7 service but I need one more thing cash on delivery available 24×7 I am a student and don't use online payments please look out for these and please don't let the cash on delivery payment option be removed from the list if I have mistakenly cancelled and order if this is for safety please extend the limits that after 3 order cancelled with COD then the option will be removed otherwise best app,https://play.google.com/store/apps/details?id=com.grofers.customerapp&reviewId=697031d9-2a27-49da-a822-d6b07fe57163
play_store,2026-06-09T13:41:56,1,I had good respect for the TATA but this is very shameful response from this team. Handling charges not returned even when my order was cancelled by them this is repetitive and after more follow-ups I am unable to fight for some handling charges wasting my time ruining my energy for a simple handling charge ....it's better to go offline and buy stuff as cheating is not there no handling charges if you don't get anything.. simple cheating in the name of availability,https://play.google.com/store/apps/details?id=com.grofers.customerapp&reviewId=4b9f0105-5dad-456f-ad7a-b1605767dddd
play_store,2026-05-11T17:02:07,1,"I received both the water bottles and the soft drink completely warm and not chilled at all. In this 40°C weather, customers naturally expect beverages to be properly cold. The product quality and overall experience were disappointing. I hope the team reviews this issue seriously and takes appropriate action for customer satisfaction..",https://play.google.com/store/apps/details?id=com.grofers.customerapp&reviewId=6186baa9-ddea-4373-8fc8-98e6f39ba6ee
play_store,2026-07-12T11:29:22,3,"There are no loyalty programs, and the selection of imported could improve as well. Otherwise, blinkit is very good!!!",https://play.google.com/store/apps/details?id=com.grofers.customerapp&reviewId=40a8fbd8-272b-4b2e-92fb-61f8518a8e4d
play_store,2026-06-12T21:37:59,1,"Dear Team, Vehicles are not reaching the Mannal location on time, and repeated follow-ups are required to get updates. Additionally, the customer care team frequently suggests cancellation instead of providing proper support or resolution. This is causing inconvenience and service delays. Kindly look into the matter and take necessary corrective action to ensure timely service and improved customer support. Regards Rajiv Mishra",https://play.google.com/store/apps/details?id=com.grofers.customerapp&reviewId=075e94ca-d6fb-4e0b-9fdb-f652bb543094
play_store,2026-05-18T14:37:54,5,"This app is super helpful and incredibly fast! The items always arrive in just a few minutes, exactly as promised. The app is very easy to use, and the quality of the products is always great. It's definitely my go-to app for quick shopping!",https://play.google.com/store/apps/details?id=com.grofers.customerapp&reviewId=084e933d-4697-49b6-910a-74e05d6e7d26
play_store,2026-06-15T21:46:40,1,items showing as unavailable after placing the order. No refund on handling charges when only part of the order is delivered. And order is getting delayed. wrong items being delivered and items being delivered on the last day of expiry,https://play.google.com/store/apps/details?id=com.grofers.customerapp&reviewId=e9ce1c33-2b5a-48c6-8f7c-92a886d0cfc9
play_store,2026-07-10T15:46:41,5,"Initially, I faced an issue with my order but Blinkit support contacted me and quickly resolved it. I have now received the remaining packets and I appreciate their prompt assistance. Thank you for resolving the issue....",https://play.google.com/store/apps/details?id=com.grofers.customerapp&reviewId=c202b47b-bc31-48ce-bac6-5f00dc744dc5
play_store,2026-06-18T08:19:44,3,"I had an issue with an order of Rollick kesar pista cone ice cream, wrapper of which was torn and the ice cream was coming out. I complained in the ""chat with us"" section with the photos uploaded. Blinkit assigned a support executive and wrote that it may take upto 5 minutes. But 30 mins passed no reply was there. Next day when I am verifying the status, it is showing that after 2mins they have replied for refund and being unattended they closed the chat without refund.",https://play.google.com/store/apps/details?id=com.grofers.customerapp&reviewId=69bd9fa9-d091-4baa-a732-26eeeb0b9e18
play_store,2026-05-17T21:54:13,2,I feel these days blinkit is cheating....from now on for the next 2 months I will not order anything from blinkit and Instamart....coz today I ordered for 252 inr....but what I found is that I am paying 337....the moment I clicked pay now app said price changed from 307 to 337....also there is no 10 min service not even 20 min in my area earlier it used to be 8 min delivery.....all of that is not fair folks..... anyways not an issue soon enough I ll get over being ur app's daily user....,https://play.google.com/store/apps/details?id=com.grofers.customerapp&reviewId=38152f60-1701-4ebc-9295-aa6d3fa49a5e
play_store,2026-07-04T17:44:48,1,"Great app for convenience, but worst support and business ethics. No accountability for missing items, all blame and responsibility on customer. Any query is answered with the standard response-We are currently handling a large number of queries and are unable to assign someone immediately to assist you. Please reach out to us after sometime. We regret the inconvenience caused. Just wow.",https://play.google.com/store/apps/details?id=com.grofers.customerapp&reviewId=1fb1804b-26eb-48f6-848b-43eb43c51bf8
play_store,2026-05-19T12:40:56,4,"Best app , I like their services. But the only thing is that they take delivery charges for only one item. they make cheap items to expensive. If you fix this problem, I appreciate it thanks.",https://play.google.com/store/apps/details?id=com.grofers.customerapp&reviewId=90a4692a-2512-4bac-b257-947f32bff137
play_store,2026-07-02T20:39:39,5,"quick and easy to operate . one thing I don't understand is that when delivery above 149 rupay is free then why do I have to pay five rupees extra for COD . The total amount for the ordered goods was 260 ,but I paid 265 . I just want to know the reason .",https://play.google.com/store/apps/details?id=com.grofers.customerapp&reviewId=d79e95e6-5547-4aa3-a269-f7bd4e01485e
play_store,2026-07-14T13:31:08,1,"worst ever, they only provide chat support, but when cs want to cancel the item because of the delay, they will always call you if the item is damaged or something like that which you want to inform them they will always can not get your concern such a stupid customer support name diya did not provided any resolution if a cs us hungry that is y we are using this app so that we can get something to eat faster but they are idiots..",https://play.google.com/store/apps/details?id=com.grofers.customerapp&reviewId=96e36af9-58ed-4813-91df-6b118a96c6fd
play_store,2026-05-31T09:44:36,5,best service with in very soon. almost all items having but discont is less in compare to other just like big basket flip cart amazon etc not to special offer their permanant customer today I m feel very happy because u have given to me gift first time I.e on 31 may 2026 . but a simple request don't take handling charge just like other on line shopping sights thank you,https://play.google.com/store/apps/details?id=com.grofers.customerapp&reviewId=653b9a3c-59ac-4a2b-a065-ed5b9e0614ce
play_store,2026-05-06T09:02:51,1,"very bad experience, there is no return policy. neither you change your order. again it's hazardous to order in blinkit, I am waiting for more than 30 minutes but no one is replying, and the biker stuck at one place for more than 20 minut, I called more than 10 time but no reply get",https://play.google.com/store/apps/details?id=com.grofers.customerapp&reviewId=3799f85c-0bd6-4f88-9440-24394f24ee72
play_store,2026-06-17T20:02:44,1,"the product is not getting properly I ordered 2,4 times product is not working like I ordered cable cable is good but not working then I asked the app for replacement then blinkit says to catch warranty my product is already in replacement 7 days but he says to catch me warranty",https://play.google.com/store/apps/details?id=com.grofers.customerapp&reviewId=9cee67f7-216f-4830-9a98-faf82087d11d
play_store,2026-07-02T21:44:10,4,the service allover is very good but don't charge handling fees . I am a regular customer and it's very disappointing that I have to pay 8 rupees extra as handling fee whenever I order.,https://play.google.com/store/apps/details?id=com.grofers.customerapp&reviewId=fa8ef224-f6fe-4d78-a7fc-4559118c50c8
play_store,2026-05-09T18:01:56,2,"I ordered an earphone from Blinkit And It Was Delivered Faulty To Me . And , There was 7 Days Replacement For The Product , I Tried To Replace My Product I Keep Connecting Customer Care , They Said "" We Cannot Help In It "" . And I Was Unable To Replace my product , And I Wasted My Money For The Product By Ordering From This App , Please Do Not Download This App Or If Download Then Order Very Carefully Otherwise You will be scammed .",https://play.google.com/store/apps/details?id=com.grofers.customerapp&reviewId=ee41abc1-9af6-422c-a17c-e3e21281561a
play_store,2026-05-10T05:13:32,5,one time my friend ordered some gifts from blanket on my birthday and the location was picked up like 10 km far away from my current location so they cancelled the order and they said that the refund will be initiated in 4 to 5 working day and the amount is not initiated yet then not reliable in the refund policy they say that they will refund the amount but they don't,https://play.google.com/store/apps/details?id=com.grofers.customerapp&reviewId=3c1162d3-c1d4-46b3-9ce0-bf9485c7e1b9
play_store,2026-06-22T22:51:04,1,"really bad, no customer support, I had ordered a print, and I got it in terrible condition and I have tried to get help for more then hours but can't find any help... highly dissapointing.",https://play.google.com/store/apps/details?id=com.grofers.customerapp&reviewId=c4a5563a-91d2-4602-ba22-cfdfa5cba1a8
play_store,2026-05-20T22:00:17,1,they have not given my refund yet. they are just telling me you can ask your bank. but I already contacted the bank and they said you didn't get any refund from the blanket. blinkit service is so worst it's very difficult to get the refund back. so worst condition of the blanket.,https://play.google.com/store/apps/details?id=com.grofers.customerapp&reviewId=341ab2f3-095e-45bc-9132-9528d2c062c3
play_store,2026-05-24T22:53:44,1,Every time I try to place an order they show too many charges. Most frustrating is the High demand surcharge. not using this app anymore. There are too many better options available.,https://play.google.com/store/apps/details?id=com.grofers.customerapp&reviewId=a379683c-e1f1-4e8d-b63d-d9634bdcddef
play_store,2026-05-31T09:04:59,1,"I am extremely upset with Blinkit. Their return and refund policy is a complete scam. They happily take your money, but if they deliver defective, missing, or wrong items, they refuse to issue a refund. The customer support team is incredibly rude, unhelpful, and acts like they don't care about loyal customers. Total waste of money and a highly frustrating experience. Uninstalled! Their delivery might be fast, but their customer support and refund policies are a total joke.",https://play.google.com/store/apps/details?id=com.grofers.customerapp&reviewId=fa1b7924-b4e9-4b05-adcc-57b18771f9f9
play_store,2026-05-12T15:00:28,2,on the 1st it will be look like it was much better of all but at the 4th or 5th order they say that there has a surge charge 30rs until umyou get 499rs+ cost of orders. May be this was too wrong. Give all 199+ free delevery without surge charge.,https://play.google.com/store/apps/details?id=com.grofers.customerapp&reviewId=e141bf0e-7fbf-4596-a307-7bac55fa42c0
play_store,2026-07-04T19:52:34,2,the excess charges are so high and not so convenient as instamart as time is even so long and no cancellation even just after ordering poor addressing. but if there no availability of other apps this can be used,https://play.google.com/store/apps/details?id=com.grofers.customerapp&reviewId=753c501c-d569-4a61-bb3a-7fd6b51295cd
play_store,2026-06-27T20:11:24,1,recently faced packaging issue. The issue was resolved after. The main hassle is extremely poor customer service. No option of writing the issue. Most of the time issues not listed in the drop down bot options. extremely frustrating,https://play.google.com/store/apps/details?id=com.grofers.customerapp&reviewId=936cdcc8-bd77-40c8-81be-afe63a13358c
play_store,2026-06-13T19:25:56,4,"They customer support is rlyyy fast I recently ordered a small packet of bread and the slices were broken I raised a ticket and it was re sent after 5 minutes, although they do charge extra sometimes which is my issue but other than that this is a rly good good app 😃",https://play.google.com/store/apps/details?id=com.grofers.customerapp&reviewId=bd573795-49aa-4890-9db3-012628c0a207
play_store,2026-05-26T20:08:09,1,"At first, Blinkit was not working here, then the APP service started, it is very good! But whenever I order something, I used to pay online, but I may not be online all the time, then what will happen? Today, I order something on Blinkit. Since I did not have money online, I thought I would take the thing on cash on delivery, but the person who comes to deliver cannot pay. Then I have to do it online from my friend with a lot of difficulty. I'm so disappointed blinkit",https://play.google.com/store/apps/details?id=com.grofers.customerapp&reviewId=b0e4cce1-f3c8-4d1d-960e-68f001eb57ce
play_store,2026-06-22T22:38:07,1,"Stopped using grofer after grofer ate my orange cash of 3600, said expired since I did not order for six months but did not see the fact that they were not delivering to my area during lockdow, try jio mart now, it's cheaper and has more options, haven't improved in 2026.",https://play.google.com/store/apps/details?id=com.grofers.customerapp&reviewId=4c53c13b-32f6-4d8d-9290-15c22e8d07be
play_store,2026-06-27T08:20:30,1,"Ordered a pain relief product early in the morning during an emergency, but received an empty box. The delivery partner asked me to contact customer support, and support said the item was out of stock so they couldn't replace it. Instead, I was told to wait 3 days for a refund. Very disappointing experience. When someone orders a pain relief product, they need it urgently, not an empty box and hours spent with customer support while in pain. This incident has seriously reduced my trust in Blink",https://play.google.com/store/apps/details?id=com.grofers.customerapp&reviewId=df277f1e-13b5-43da-bab2-a64ec0ab1aea
play_store,2026-05-29T10:27:45,1,"This blinkit is not that good, sometimes if you ask for two items, you get the item in one and an empty box in the other and these people are not able to solve the problem of that, so Dum People are ready. So for this, these people need to work a little in customer service.",https://play.google.com/store/apps/details?id=com.grofers.customerapp&reviewId=a10345ab-1829-455e-9798-d607b1d8719b
play_store,2026-05-26T13:14:52,5,"It makes my every day life better... whenever I need anything, I just ordered and some moments later, the thing came at my doorstep... I don't have to go to any convenience store to buy stuff... also the things I cannot get here before, but now I get those things easily at blinkit... so it's a very good deal for me....",https://play.google.com/store/apps/details?id=com.grofers.customerapp&reviewId=4347b7e0-2289-4f7c-8ff7-ae4c7ee7fdf1
play_store,2026-05-09T07:54:03,1,"Extremely disappointed with today's experience. I placed an order of ₹2,200 in the morning, but it arrived without bags. The delivery partner asked me to empty the items from their basket right at the door. I had to return the order and lodge a complaint. Interestingly, after the complaint, the same order is now being delivered with bags. You wasted an hour of my time over something as basic as packaging. Please start thinking about the customer's convenience.""",https://play.google.com/store/apps/details?id=com.grofers.customerapp&reviewId=dcdef111-1cf7-4745-b2f3-a3a084fe97d1
play_store,2026-06-01T00:09:37,1,"Always applied surcharges, delay in delivery. The app is good to use. items are missing without notification. Not that good of an experience lately.",https://play.google.com/store/apps/details?id=com.grofers.customerapp&reviewId=39983be4-ad9c-4270-a803-7a4a906e7be7
